report_id,report_text,report_type,sif_label,hazard_category,severity,unsafe_act,unsafe_condition,potential_consequence,failed_control,location,equipment,source,immediate_action,intervention,corrective_action,preventive_action,work_stopped
41b618a5-8e8d-42a2-8d07-83153e22f963,[Oct 13] Report by W-5854: Trip hazard due to loose cables near Compressor. Cables were immediately organized.,Unsafe Act,NO,Pressure,MEDIUM,,,,,Refinery Sector 4,Compressor,synthetic,,colleague intervened,cleaned up,updated procedures,True
85990be9-7162-4a80-8de5-3f852764a4e0,[Oct 10] Report by W-7055: Small oil spill near Compressor at Refinery Sector 4. Cleaned up promptly.,Unsafe Condition,NO,Slips/Trips,LOW,,,,,Refinery Sector 4,Compressor,synthetic,,colleague intervened,replaced equipment,retrained staff,True
640816d4-daa1-485b-9bc2-1e2466c6a657,[Oct 27] Report by W-5820: Worker observed not wearing safety glasses at Unit B.,Unsafe Condition,NO,Energy Isolation,LOW,,,,,Unit B,Pump,synthetic,stopped work,supervisor intervened,cleaned up,retrained staff,True
17f02e1f-ec44-4404-aa1a-b76f0a6b6124,[Oct 5] Report by W-3495: Worker observed not wearing safety glasses at Refinery Sector 4.,Unsafe Condition,NO,Confined Space,MEDIUM,,,,,Refinery Sector 4,Compressor,synthetic,reported to supervisor,colleague intervened,,retrained staff,False
e5b9ea91-2952-4a26-b826-ea9081e4bb67,[Oct 13] Report by W-9268: Small oil spill near Compressor at Offshore Platform 1. Cleaned up promptly.,Unsafe Act,NO,Working at Height,LOW,,,,,Offshore Platform 1,Compressor,synthetic,reported to supervisor,colleague intervened,replaced equipment,,
8c12be29-f97e-42ef-a17d-914f264f7495,[Oct 13] Report by W-9268: Small oil spill near Compressor at Offshore Platform 1. Cleaned up promptly.,Unsafe Act,NO,Working at Height,LOW,,,,,Offshore Platform 1,Compressor,synthetic,reported to supervisor,colleague intervened,replaced equipment,,
1f424a42-3acb-4a62-9a96-3709941973b3,[Oct 15] Report by W-4755: Small oil spill near Heat Exchanger at Refinery Sector 4. Cleaned up promptly.,Unsafe Act,NO,Confined Space,LOW,,,,,Refinery Sector 4,Heat Exchanger,synthetic,stopped work,colleague intervened,cleaned up,,
d36cd9a0-89da-4706-9226-9a83cb3c214e,[Oct 22] Report by W-1044: Small oil spill near Pump at Unit A. Cleaned up promptly.,Unsafe Act,NO,Electrical,LOW,,,,,Unit A,Pump,synthetic,,supervisor intervened,replaced equipment,,True
5f2fede9-6500-466d-b63c-2c134ab1cc2a,[Oct 8] Report by W-4380: Trip hazard due to loose cables near Heat Exchanger. Cables were immediately organized.,Unsafe Condition,NO,Manual Handling,LOW,,,,,Refinery Sector 4,Heat Exchanger,synthetic,stopped work,colleague intervened,cleaned up,,False
b402773f-8156-4a09-acc8-af0062be071d,[Oct 24] Report by W-9865: Worker observed not wearing safety glasses at Refinery Sector 4.,Unsafe Act,NO,Working at Height,LOW,,,,,Refinery Sector 4,Compressor,synthetic,reported to supervisor,supervisor intervened,replaced equipment,retrained staff,
b019e835-f9ed-452a-b157-f0fed62d9f5f,[Oct 8] Report by W-6635: Trip hazard due to loose cables near Compressor. Cables were immediately organized.,Unsafe Act,NO,Working at Height,MEDIUM,,,,,Refinery Sector 4,Compressor,synthetic,,supervisor intervened,,updated procedures,False
75bcbaf6-616f-461e-8fd0-d6aacbcd96e0,[Oct 14] Report by W-1339: Trip hazard due to loose cables near Electrical Panel. Cables were immediately organized.,Unsafe Act,NO,Slips/Trips,MEDIUM,,,,,Offshore Platform 1,Electrical Panel,synthetic,stopped work,colleague intervened,cleaned up,retrained staff,True
ce83936c-c3bf-41fb-b458-215970954db4,[Oct 11] Report by W-3042: Small oil spill near Heat Exchanger at Unit A. Cleaned up promptly.,Unsafe Condition,NO,Energy Isolation,MEDIUM,,,,,Unit A,Heat Exchanger,synthetic,reported to supervisor,supervisor intervened,,updated procedures,
4a849b65-388d-4ae7-af98-22f1405ba704,[Oct 15] Report by W-9891: Trip hazard due to loose cables near Compressor. Cables were immediately organized.,Unsafe Condition,NO,Electrical,LOW,,,,,Offshore Platform 1,Compressor,synthetic,stopped work,,replaced equipment,retrained staff,True
86ce8ece-32eb-4604-8d71-e7d512a6d550,[Oct 25] Report by W-8123: Worker used incorrect gloves for manual handling task. Supervisor corrected the action.,Unsafe Act,NO,Energy Isolation,LOW,,,,,Unit B,Electrical Panel,synthetic,stopped work,,cleaned up,,
827198fd-3791-44c4-8434-0e70063e5e50,[Oct 22] Report by W-2512: Worker observed not wearing safety glasses at Offshore Platform 1.,Unsafe Condition,NO,Energy Isolation,LOW,,,,,Offshore Platform 1,Compressor,synthetic,stopped work,colleague intervened,cleaned up,retrained staff,True
938c3063-d997-464f-b157-df145a295cbf,[Oct 28] Report by W-8650: Small oil spill near Electrical Panel at Refinery Sector 4. Cleaned up promptly.,Unsafe Condition,NO,Slips/Trips,LOW,,,,,Refinery Sector 4,Electrical Panel,synthetic,,colleague intervened,replaced equipment,retrained staff,False
27f041f7-e107-476b-8f07-6195a7ea8729,[Oct 27] Report by W-2953: Worker observed not wearing safety glasses at Refinery Sector 4.,Unsafe Condition,NO,Electrical,MEDIUM,,,,,Refinery Sector 4,Electrical Panel,synthetic,,colleague intervened,replaced equipment,updated procedures,False
34ad5171-0f4c-4b04-99e6-295b882ae987,[Oct 23] Report by W-5529: Small oil spill near Valve at Unit B. Cleaned up promptly.,Unsafe Condition,NO,Manual Handling,MEDIUM,,,,,Unit B,Valve,synthetic,reported to supervisor,colleague intervened,,,
c1499b02-477b-4b13-942a-acf5b9d779ec,[Oct 14] Report by W-9144: Line opened with residual pressure on the Electrical Panel. High-energy release narrowly missed the operator.,Unsafe Act,YES,Pressure,HIGH,,,,,Unit A,Electrical Panel,synthetic,,colleague intervened,replaced equipment,retrained staff,False
77bb1853-d05a-4f6e-8a58-61a673dae0d0,[Oct 12] Report by W-5141: Small oil spill near Pump at Unit A. Cleaned up promptly.,Unsafe Condition,NO,Electrical,LOW,,,,,Unit A,Pump,synthetic,reported to supervisor,,replaced equipment,retrained staff,False
9a4ead10-fa33-4c04-b17f-57a0cbbc59d0,[Oct 23] Report by W-7469: Trip hazard due to loose cables near Heat Exchanger. Cables were immediately organized.,Unsafe Condition,NO,Electrical,LOW,,,,,Offshore Platform 1,Heat Exchanger,synthetic,,supervisor intervened,,updated procedures,True
2b4017d8-6b49-4f1f-b9de-7133471c1f65,[Oct 9] Report by W-9957: Small oil spill near Compressor at Unit B. Cleaned up promptly.,Unsafe Condition,NO,Electrical,LOW,,,,,Unit B,Compressor,synthetic,reported to supervisor,supervisor intervened,cleaned up,,
26550ed1-75bb-4c5f-aeb1-04aa5e895350,[Oct 26] Report by W-1716: Worker used incorrect gloves for manual handling task. Supervisor corrected the action.,Unsafe Condition,NO,Working at Height,MEDIUM,,,,,Refinery Sector 4,Pump,synthetic,stopped work,colleague intervened,,updated procedures,False
bc2234e5-bacc-40f5-a59b-f1cfc8b81456,[Oct 4] Report by W-6826: Worker observed not wearing safety glasses at Unit B.,Unsafe Condition,NO,Confined Space,LOW,,,,,Unit B,Pump,synthetic,stopped work,,,updated procedures,False
9f9fb592-78b8-4756-8c82-f2272fec7ca0,[Oct 15] Report by W-7241: Worker observed not wearing safety glasses at Refinery Sector 4.,Unsafe Condition,NO,Working at Height,LOW,,,,,Refinery Sector 4,Valve,synthetic,reported to supervisor,supervisor intervened,replaced equipment,updated procedures,
1faeceb5-d9f1-4ecf-b880-fdaaf87eb421,[Oct 24] Report by W-5317: Worker used incorrect gloves for manual handling task. Supervisor corrected the action.,Unsafe Condition,NO,Manual Handling,LOW,,,,,Unit A,Compressor,synthetic,reported to supervisor,colleague intervened,replaced equipment,,False
7866cbe5-07d1-4a64-a90f-256a0818f0ca,[Oct 11] Report by W-3675: Worker observed not wearing safety glasses at Unit A.,Unsafe Act,NO,Confined Space,LOW,,,,,Unit A,Electrical Panel,synthetic,stopped work,colleague intervened,replaced equipment,retrained staff,False
766bebd1-36c0-4a5e-92aa-823d29e69657,[Oct 26] Report by W-2711: Worker observed not wearing safety glasses at Unit A.,Unsafe Act,NO,Manual Handling,MEDIUM,,,,,Unit A,Heat Exchanger,synthetic,,,cleaned up,retrained staff,False
c2346623-02ef-4744-8ec9-50e37bb1c718,[Oct 3] Report by W-3987: Trip hazard due to loose cables near Electrical Panel. Cables were immediately organized.,Unsafe Condition,NO,Energy Isolation,LOW,,,,,Unit A,Electrical Panel,synthetic,reported to supervisor,,,,False
33e9f2e1-d5c8-4942-ac38-3c49e0b66d3b,[Oct 3] Report by W-3987: Trip hazard due to loose cables near Electrical Panel. Cables were immediately organized.,Unsafe Condition,NO,Energy Isolation,LOW,,,,,Unit A,Electrical Panel,synthetic,reported to supervisor,,,,False
17201eb2-651c-4340-af93-4212960a532a,[Oct 27] Report by W-3141: Small oil spill near Pump at Unit A. Cleaned up promptly.,Unsafe Condition,NO,Confined Space,MEDIUM,,,,,Unit A,Pump,synthetic,,supervisor intervened,replaced equipment,retrained staff,True
07ded131-2827-41a5-920a-85aa95dc02c8,[Oct 28] Report by W-3148: Small oil spill near Pump at Unit A. Cleaned up promptly.,Unsafe Act,NO,Electrical,LOW,,,,,Unit A,Pump,synthetic,,supervisor intervened,replaced equipment,updated procedures,
70da6b49-f710-463a-887c-c3a6405ed6a2,[Oct 17] Report by W-9944: Worker used incorrect gloves for manual handling task. Supervisor corrected the action.,Unsafe Act,NO,Energy Isolation,MEDIUM,,,,,Refinery Sector 4,Heat Exchanger,synthetic,,colleague intervened,replaced equipment,,
fa37126b-3de2-439f-b1af-5ac9b7f33a6e,[Oct 18] Report by W-5823: Small oil spill near Compressor at Unit B. Cleaned up promptly.,Unsafe Act,NO,Pressure,MEDIUM,,,,,Unit B,Compressor,synthetic,reported to supervisor,,cleaned up,updated procedures,
f4b8caac-cf59-40d3-8a1d-3449497eb7a5,"[Oct 5] Report by W-2976: While working at Refinery Sector 4, worker was at height without fall protection. Serious risk of fatal fall.",Near Miss,YES,Energy Isolation,CRITICAL,,,,,Refinery Sector 4,Electrical Panel,synthetic,stopped work,,cleaned up,retrained staff,False
346d057e-212f-4699-8865-7d6feb6dbe61,[Oct 16] Report by W-5871: Worker observed not wearing safety glasses at Unit B.,Unsafe Act,NO,Manual Handling,LOW,,,,,Unit B,Valve,synthetic,,,replaced equipment,,
1e36cbc9-67ed-4bea-a969-c85d1403b340,[Oct 23] Report by W-7961: Worker observed not wearing safety glasses at Refinery Sector 4.,Unsafe Condition,NO,Confined Space,MEDIUM,,,,,Refinery Sector 4,Heat Exchanger,synthetic,reported to supervisor,supervisor intervened,cleaned up,retrained staff,
e744a156-5bda-4408-a7eb-73843e99a439,[Oct 18] Report by W-3826: Trip hazard due to loose cables near Pump. Cables were immediately organized.,Unsafe Condition,NO,Energy Isolation,LOW,,,,,Offshore Platform 1,Pump,synthetic,stopped work,colleague intervened,replaced equipment,updated procedures,
7678f875-6322-45a6-a862-195647826eee,[Oct 12] Report by W-3586: Worker observed not wearing safety glasses at Offshore Platform 1.,Unsafe Condition,NO,Pressure,MEDIUM,,,,,Offshore Platform 1,Heat Exchanger,synthetic,,,,retrained staff,
33b48535-785c-4f66-b6b4-873c6299ee28,[Oct 28] Report by W-8360: Small oil spill near Valve at Unit B. Cleaned up promptly.,Unsafe Act,NO,Pressure,LOW,,,,,Unit B,Valve,synthetic,,,replaced equipment,retrained staff,
2f33cfc0-9317-4b52-908d-2f66d277e790,[Oct 12] Report by W-8325: Trip hazard due to loose cables near Electrical Panel. Cables were immediately organized.,Unsafe Condition,NO,Pressure,LOW,,,,,Offshore Platform 1,Electrical Panel,synthetic,,,cleaned up,updated procedures,True
295b6a85-67e3-4442-afa6-dd35d176c943,[Oct 4] Report by W-2208: Small oil spill near Electrical Panel at Unit B. Cleaned up promptly.,Unsafe Condition,NO,Electrical,LOW,,,,,Unit B,Electrical Panel,synthetic,stopped work,supervisor intervened,cleaned up,retrained staff,False
1e59dc55-a2fe-401d-ad45-4ae8d71bb5a8,[Oct 25] Report by W-1402: Worker used incorrect gloves for manual handling task. Supervisor corrected the action.,Unsafe Act,NO,Confined Space,MEDIUM,,,,,Refinery Sector 4,Pump,synthetic,,,,retrained staff,True
521e68ff-b648-4d3a-8214-f59a50b1ca64,[Oct 25] Report by W-3488: Small oil spill near Compressor at Unit B. Cleaned up promptly.,Unsafe Condition,NO,Slips/Trips,MEDIUM,,,,,Unit B,Compressor,synthetic,stopped work,,,,
6fa7aa81-992b-4069-8922-efa15dd6983f,[Oct 10] Report by W-2113: Trip hazard due to loose cables near Pump. Cables were immediately organized.,Unsafe Act,NO,Energy Isolation,MEDIUM,,,,,Refinery Sector 4,Pump,synthetic,,supervisor intervened,replaced equipment,,True
e1828bea-6ab9-47b3-959f-5c30b37be692,[Oct 19] Report by W-2888: Worker observed not wearing safety glasses at Offshore Platform 1.,Unsafe Condition,NO,Electrical,MEDIUM,,,,,Offshore Platform 1,Valve,synthetic,reported to supervisor,supervisor intervened,,retrained staff,True
b680f57f-ca64-44ba-9ee7-5634ed0b88e5,[Oct 19] Report by W-2888: Worker observed not wearing safety glasses at Offshore Platform 1.,Unsafe Condition,NO,Electrical,MEDIUM,,,,,Offshore Platform 1,Valve,synthetic,reported to supervisor,supervisor intervened,,retrained staff,True
54ec26eb-c912-4656-afdf-8829ee19ab68,[Oct 23] Report by W-9308: Trip hazard due to loose cables near Compressor. Cables were immediately organized.,Unsafe Condition,NO,Electrical,LOW,,,,,Unit B,Compressor,synthetic,reported to supervisor,colleague intervened,replaced equipment,retrained staff,
db156760-4dad-4909-9a46-fe48d16f4db4,[Oct 4] Report by W-5152: Trip hazard due to loose cables near Compressor. Cables were immediately organized.,Unsafe Act,NO,Pressure,MEDIUM,,,,,Refinery Sector 4,Compressor,synthetic,reported to supervisor,,replaced equipment,retrained staff,False
73ad6f64-06b8-4731-b1bc-a533773c1883,[Oct 10] Report by W-7391: Trip hazard due to loose cables near Electrical Panel. Cables were immediately organized.,Unsafe Condition,NO,Confined Space,MEDIUM,,,,,Offshore Platform 1,Electrical Panel,synthetic,,supervisor intervened,,,False
b01dc774-c898-497e-9545-9ec5301098cd,[Oct 13] Report by W-7041: Worker used incorrect gloves for manual handling task. Supervisor corrected the action.,Unsafe Act,NO,Working at Height,LOW,,,,,Unit A,Heat Exchanger,synthetic,reported to supervisor,supervisor intervened,cleaned up,,True
9f401efa-0724-4199-a5e5-3da9ed21a037,<div><p>[Oct 8] Report by W-5684: Trip hazard due to loose cables near Valve. Cables were immediately organized.</p></div>,Unsafe Act,NO,Confined Space,LOW,,,,,Unit B,Valve,synthetic,stopped work,,replaced equipment,,
407fa3dc-8984-4e1f-a2b0-8778141364e4,[Oct 6] Report by W-5425: Small oil spill near Valve at Unit B. Cleaned up promptly.,Unsafe Condition,NO,Confined Space,LOW,,,,,Unit B,Valve,synthetic,,colleague intervened,replaced equipment,retrained staff,True
7bba35f9-0ecc-4946-851f-ca9f888044a9,[Oct 24] Report by W-3629: Trip hazard due to loose cables near Electrical Panel. Cables were immediately organized.,Unsafe Act,NO,Pressure,LOW,,,,,Refinery Sector 4,Electrical Panel,synthetic,stopped work,colleague intervened,replaced equipment,updated procedures,
10c2b868-8acc-482e-b45c-372c412d95f3,[Oct 6] Report by W-2313: Worker used incorrect gloves for manual handling task. Supervisor corrected the action.,Unsafe Act,NO,Energy Isolation,LOW,,,,,Refinery Sector 4,Valve,synthetic,,,cleaned up,retrained staff,False
1cc75f0e-981f-49c4-9376-aa51831cb5d4,[Oct 6] Report by W-4151: Worker used incorrect gloves for manual handling task. Supervisor corrected the action.,Unsafe Condition,NO,Energy Isolation,LOW,,,,,Unit B,Compressor,synthetic,reported to supervisor,supervisor intervened,replaced equipment,retrained staff,True
db54d26e-40fb-4c73-9e4f-b64d79b6fc71,[Oct 26] Report by W-9777: Trip hazard due to loose cables near Pump. Cables were immediately organized.,Unsafe Act,NO,Working at Height,MEDIUM,,,,,Unit B,Pump,synthetic,,supervisor intervened,cleaned up,,True
3d49d8c9-ac91-4aeb-9287-e84404e2cd7b,[Oct 16] Report by W-4472: Worker observed not wearing safety glasses at Refinery Sector 4.,Unsafe Condition,NO,Energy Isolation,MEDIUM,,,,,Refinery Sector 4,Valve,synthetic,reported to supervisor,,cleaned up,retrained staff,
1b8e4ee1-0020-46c0-9f2f-7307e26452a5,[Oct 15] Report by W-1623: Trip hazard due to loose cables near Valve. Cables were immediately organized.,Unsafe Condition,NO,Slips/Trips,MEDIUM,,,,,Refinery Sector 4,Valve,synthetic,stopped work,,cleaned up,retrained staff,False
a11eb21e-6cb0-492c-a2d5-5dfcaffe3961,,Unsafe Condition,NO,Electrical,LOW,,,,,Offshore Platform 1,Heat Exchanger,synthetic,reported to supervisor,supervisor intervened,,retrained staff,True
011c20ee-3b2c-4985-9f95-9419fd2ecd25,[Oct 7] Report by W-3544: Trip hazard due to loose cables near Valve. Cables were immediately organized.,Unsafe Condition,NO,Energy Isolation,LOW,,,,,Unit B,Valve,synthetic,stopped work,,replaced equipment,retrained staff,
b31099fd-618a-4c03-be56-701bd34078fe,[Oct 3] Report by W-3625: Worker observed not wearing safety glasses at Unit A.,Unsafe Act,NO,Pressure,MEDIUM,,,,,Unit A,Heat Exchanger,synthetic,stopped work,supervisor intervened,replaced equipment,updated procedures,
65816e8e-3474-44e9-b55b-dff362093099,[Oct 28] Report by W-7233: Small oil spill near Pump at Unit B. Cleaned up promptly.,Unsafe Condition,NO,Manual Handling,MEDIUM,,,,,Unit B,Pump,synthetic,,supervisor intervened,cleaned up,updated procedures,False
9a6ff18e-078c-47d1-96c5-c66c1d41b307,[Oct 25] Report by W-9519: Trip hazard due to loose cables near Heat Exchanger. Cables were immediately organized.,Unsafe Condition,NO,Confined Space,MEDIUM,,,,,Unit A,Heat Exchanger,synthetic,reported to supervisor,colleague intervened,replaced equipment,retrained staff,True
1ef8d141-bac1-4b49-8bf1-d17269fa3af2,[Oct 9] Report by W-8392: Line opened with residual pressure on the Pump. High-energy release narrowly missed the operator.,Near Miss,YES,Energy Isolation,HIGH,,,,,Unit A,Pump,synthetic,reported to supervisor,colleague intervened,cleaned up,updated procedures,True
a7b8debc-892a-48e1-97da-e4a908fb3d7b,[Oct 9] Report by W-8392: Line opened with residual pressure on the Pump. High-energy release narrowly missed the operator.,Near Miss,YES,Energy Isolation,HIGH,,,,,Unit A,Pump,synthetic,reported to supervisor,colleague intervened,cleaned up,updated procedures,True
c80867ba-bf99-41b4-963a-caec56cdba95,[Oct 17] Report by W-4456: Worker used incorrect gloves for manual handling task. Supervisor corrected the action.,Unsafe Condition,NO,Manual Handling,MEDIUM,,,,,Unit A,Valve,synthetic,stopped work,,cleaned up,,
49891309-0bc8-4aa2-8b8a-eed9c4b85aad,[Oct 5] Report by W-4075: Trip hazard due to loose cables near Compressor. Cables were immediately organized.,Unsafe Act,NO,Electrical,LOW,,,,,Refinery Sector 4,Compressor,synthetic,reported to supervisor,,cleaned up,retrained staff,
c2e826cf-17bc-4217-8b19-5ebc61b6448c,[Oct 22] Report by W-1724: Worker observed not wearing safety glasses at Offshore Platform 1.,Unsafe Act,NO,Energy Isolation,LOW,,,,,Offshore Platform 1,Pump,synthetic,reported to supervisor,supervisor intervened,cleaned up,updated procedures,False
2b430446-3d21-4ce5-9b5e-f316349f3e05,[Oct 15] Report by W-2676: Trip hazard due to loose cables near Heat Exchanger. Cables were immediately organized.,Unsafe Condition,NO,Confined Space,LOW,,,,,Refinery Sector 4,Heat Exchanger,synthetic,,colleague intervened,cleaned up,,False
39ebe0b5-3e09-41bb-aef7-0184f1cce4cf,[Oct 26] Report by W-2213: Worker used incorrect gloves for manual handling task. Supervisor corrected the action.,Unsafe Condition,NO,Manual Handling,MEDIUM,,,,,Unit A,Valve,synthetic,reported to supervisor,,replaced equipment,,True
253fd86e-61ec-4ad5-a5b7-f70e3dba36e9,[Oct 26] Report by W-5350: Worker observed not wearing safety glasses at Offshore Platform 1.,Unsafe Condition,NO,Working at Height,MEDIUM,,,,,Offshore Platform 1,Electrical Panel,synthetic,stopped work,colleague intervened,cleaned up,updated procedures,True
456a92ac-4fdb-4539-8554-77a8625ac2fb,[Oct 20] Report by W-4872: Worker observed not wearing safety glasses at Unit A.,Unsafe Act,NO,Pressure,MEDIUM,,,,,Unit A,Compressor,synthetic,stopped work,supervisor intervened,replaced equipment,retrained staff,
5c7e3b15-fbd4-416c-9583-83a877e27e76,[Oct 16] Report by W-1943: Line opened with residual pressure on the Pump. High-energy release narrowly missed the operator.,Near Miss,YES,Confined Space,HIGH,,,,,Unit B,Pump,synthetic,reported to supervisor,supervisor intervened,,,
d577bfb3-b14a-4cfd-b7ad-fef63e8192b3,[Oct 21] Report by W-5412: Small oil spill near Electrical Panel at Unit B. Cleaned up promptly.,Unsafe Condition,NO,Electrical,LOW,,,,,Unit B,Electrical Panel,synthetic,stopped work,,cleaned up,updated procedures,
d36e2b29-768a-486f-be6c-8b84e9695da5,[Oct 6] Report by W-7401: Worker used incorrect gloves for manual handling task. Supervisor corrected the action.,Unsafe Act,NO,Confined Space,LOW,,,,,Offshore Platform 1,Compressor,synthetic,,colleague intervened,cleaned up,,False
e4c31e0e-1776-4705-b83d-696ab5cd8120,[Oct 2] Report by W-8743: Line opened with residual pressure on the Heat Exchanger. High-energy release narrowly missed the operator.,Near Miss,YES,Pressure,CRITICAL,,,,,Refinery Sector 4,Heat Exchanger,synthetic,,colleague intervened,cleaned up,,
502c0efb-2fca-4526-b2b8-355b690eb704,[Oct 8] Report by W-3308: Worker used incorrect gloves for manual handling task. Supervisor corrected the action.,Unsafe Condition,NO,Energy Isolation,MEDIUM,,,,,Offshore Platform 1,Pump,synthetic,reported to supervisor,supervisor intervened,replaced equipment,,True
34088382-bdb3-4871-b8b8-cec368420fb4,[Oct 27] Report by W-3248: Trip hazard due to loose cables near Pump. Cables were immediately organized.,Unsafe Act,NO,Manual Handling,LOW,,,,,Unit B,Pump,synthetic,stopped work,supervisor intervened,,retrained staff,False
fb4e4f74-fd77-4857-a13b-45dcf3b88652,[Oct 2] Report by W-7090: Trip hazard due to loose cables near Compressor. Cables were immediately organized.,Unsafe Condition,NO,Working at Height,LOW,,,,,Unit B,Compressor,synthetic,,,replaced equipment,retrained staff,False
9c680c06-f3e9-432c-9ea6-e7fdc09728e3,[Oct 13] Report by W-4574: Worker observed not wearing safety glasses at Refinery Sector 4.,Unsafe Act,NO,Confined Space,MEDIUM,,,,,Refinery Sector 4,Heat Exchanger,synthetic,reported to supervisor,,replaced equipment,retrained staff,True
b511218a-0b87-43cd-9db7-28bfd7cecddd,[Oct 16] Report by W-9990: Worker observed not wearing safety glasses at Refinery Sector 4.,Unsafe Act,NO,Energy Isolation,MEDIUM,,,,,Refinery Sector 4,Compressor,synthetic,reported to supervisor,,replaced equipment,,False
aa55da9a-4a8a-481e-bf91-845b753df3f5,[Oct 18] Report by W-5083: Small oil spill near Valve at Unit A. Cleaned up promptly.,Unsafe Act,NO,Energy Isolation,LOW,,,,,Unit A,Valve,synthetic,reported to supervisor,colleague intervened,cleaned up,,True
6bf7d2c6-44a2-49e5-aeb4-35255f52a26f,[Oct 26] Report by W-4590: Worker used incorrect gloves for manual handling task. Supervisor corrected the action.,Unsafe Condition,NO,Energy Isolation,LOW,,,,,Unit A,Electrical Panel,synthetic,,colleague intervened,cleaned up,,True
07a9972f-543f-4102-a634-60f1e0cf126c,[Oct 12] Report by W-3456: Worker used incorrect gloves for manual handling task. Supervisor corrected the action.,Unsafe Condition,NO,Slips/Trips,LOW,,,,,Unit B,Compressor,synthetic,stopped work,supervisor intervened,cleaned up,retrained staff,
b62318f1-ac4f-4d0c-8def-0ad4bcdb3b38,[Oct 20] Report by W-4445: Small oil spill near Pump at Refinery Sector 4. Cleaned up promptly.,Unsafe Act,NO,Manual Handling,MEDIUM,,,,,Refinery Sector 4,Pump,synthetic,stopped work,,,,
495168dd-1e0a-407c-bfc4-6fe672dddab4,[Oct 19] Report by W-2981: Worker used incorrect gloves for manual handling task. Supervisor corrected the action.,Unsafe Act,NO,Pressure,LOW,,,,,Unit B,Electrical Panel,synthetic,stopped work,colleague intervened,cleaned up,,False
8cec93da-cd4c-4910-8eb1-26168fec01bd,[Oct 27] Report by W-6483: Worker observed not wearing safety glasses at Unit B.,Unsafe Act,NO,Slips/Trips,MEDIUM,,,,,Unit B,Heat Exchanger,synthetic,reported to supervisor,supervisor intervened,cleaned up,,
d45b2aeb-54bc-4cde-bac9-335648eaf84f,[Oct 23] Report by W-3853: Worker used incorrect gloves for manual handling task. Supervisor corrected the action.,Unsafe Condition,NO,Pressure,MEDIUM,,,,,Unit B,Valve,synthetic,,supervisor intervened,cleaned up,updated procedures,True
fecfa757-463c-4384-808b-e4035c0b60a3,[Oct 5] Report by W-6166: Trip hazard due to loose cables near Pump. Cables were immediately organized.,Unsafe Act,NO,Slips/Trips,MEDIUM,,,,,Refinery Sector 4,Pump,synthetic,,supervisor intervened,cleaned up,updated procedures,False
8d8c7fd6-e6c9-4278-a044-f635fffd1814,[Oct 11] Report by W-5753: Worker observed not wearing safety glasses at Unit B.,Unsafe Condition,NO,Working at Height,LOW,,,,,Unit B,Pump,synthetic,stopped work,colleague intervened,cleaned up,,True
210fd2e6-b02c-49d4-868a-dff1cddefc7a,[Oct 25] Report by W-7313: Worker used incorrect gloves for manual handling task. Supervisor corrected the action.,Unsafe Act,NO,Manual Handling,MEDIUM,,,,,Unit A,Pump,synthetic,reported to supervisor,,replaced equipment,retrained staff,True
0266e23d-914f-44fd-961d-79f05243cabc,[Oct 7] Report by W-8208: Worker observed not wearing safety glasses at Refinery Sector 4.,Unsafe Condition,NO,Working at Height,LOW,,,,,Refinery Sector 4,Electrical Panel,synthetic,reported to supervisor,supervisor intervened,cleaned up,updated procedures,False
5821f8e1-1413-4e04-9138-938d23c2d334,[Oct 1] Report by W-8728: Small oil spill near Pump at Unit B. Cleaned up promptly.,Unsafe Act,NO,Energy Isolation,LOW,,,,,Unit B,Pump,synthetic,,colleague intervened,cleaned up,,True
9ceb4da2-416b-4571-80d5-3d028e28c1d1,[Oct 22] Report by W-3005: Trip hazard due to loose cables near Pump. Cables were immediately organized.,Unsafe Condition,NO,Confined Space,LOW,,,,,Unit B,Pump,synthetic,,supervisor intervened,cleaned up,updated procedures,False
697ea40d-ff68-4721-bf5d-8fcd11cf68dc,[Oct 11] Report by W-7223: Worker used incorrect gloves for manual handling task. Supervisor corrected the action.,Unsafe Act,NO,Energy Isolation,MEDIUM,,,,,Unit B,Electrical Panel,synthetic,,supervisor intervened,,,False
cad4158f-4583-4592-b33c-e4e1e3dfa3e4,[Oct 23] Report by W-6416: Worker observed not wearing safety glasses at Refinery Sector 4.,Unsafe Condition,NO,Manual Handling,LOW,,,,,Refinery Sector 4,Heat Exchanger,synthetic,stopped work,colleague intervened,replaced equipment,,True
686ab97b-d5e5-401b-9d95-f759f0e0842e,[Oct 21] Report by W-8384: Trip hazard due to loose cables near Heat Exchanger. Cables were immediately organized.,Unsafe Condition,NO,Manual Handling,LOW,,,,,Unit A,Heat Exchanger,synthetic,,colleague intervened,cleaned up,retrained staff,True
e7781d84-0c9d-4891-8dc2-15276f247d59,[Oct 11] Report by W-7765: Small oil spill near Pump at Unit A. Cleaned up promptly.,Unsafe Condition,NO,Manual Handling,MEDIUM,,,,,Unit A,Pump,synthetic,,colleague intervened,,,
c22b0273-8c46-4339-ba2f-42d0ab8aec1c,[Oct 17] Report by W-9840: Trip hazard due to loose cables near Heat Exchanger. Cables were immediately organized.,Unsafe Condition,NO,Manual Handling,LOW,,,,,Offshore Platform 1,Heat Exchanger,synthetic,reported to supervisor,supervisor intervened,replaced equipment,updated procedures,True
261fa132-20ad-49f7-9a47-d832c4c04941,[Oct 11] Report by W-5296: Worker observed not wearing safety glasses at Unit B.,Unsafe Condition,NO,Electrical,LOW,,,,,Unit B,Electrical Panel,synthetic,,supervisor intervened,,retrained staff,
07a1b05b-0fa8-4921-b576-dc8c033c9123,[Oct 14] Report by W-1532: Worker used incorrect gloves for manual handling task. Supervisor corrected the action.,Unsafe Act,NO,Energy Isolation,MEDIUM,,,,,Unit A,Valve,synthetic,stopped work,supervisor intervened,cleaned up,retrained staff,False
a46f9b2a-9e70-438f-ba92-9349299599e8,,Unsafe Condition,NO,Energy Isolation,MEDIUM,,,,,Refinery Sector 4,Heat Exchanger,synthetic,reported to supervisor,colleague intervened,,,
398c3cf8-3774-4dd5-872a-19c5e489b340,[Oct 27] Report by W-7686: Small oil spill near Electrical Panel at Refinery Sector 4. Cleaned up promptly.,Unsafe Condition,NO,Pressure,LOW,,,,,Refinery Sector 4,Electrical Panel,synthetic,stopped work,,cleaned up,retrained staff,True
3d634871-2b8b-48d1-b6a8-a093c2dc9491,[Oct 9] Report by W-5129: Worker observed not wearing safety glasses at Unit A.,Unsafe Condition,NO,Slips/Trips,LOW,,,,,Unit A,Valve,synthetic,,,,retrained staff,
f54c2faf-2bc6-4ecc-871b-301989889859,<div><p>[Oct 10] Report by W-4320: Worker used incorrect gloves for manual handling task. Supervisor corrected the action.</p></div>,Unsafe Act,NO,Slips/Trips,LOW,,,,,Unit A,Heat Exchanger,synthetic,reported to supervisor,supervisor intervened,,,
5b7d9be1-0ca3-4ff9-a146-46f39908675b,[Oct 21] Report by W-6530: Worker used incorrect gloves for manual handling task. Supervisor corrected the action.,Unsafe Condition,NO,Energy Isolation,MEDIUM,,,,,Unit A,Heat Exchanger,synthetic,,supervisor intervened,replaced equipment,updated procedures,True
24ced46d-139c-4d55-ac5a-e3e88ff4c9dd,,Unsafe Act,NO,Manual Handling,MEDIUM,,,,,Unit A,Compressor,synthetic,stopped work,supervisor intervened,cleaned up,updated procedures,False
d05a7233-bf93-4b30-a8b2-e864a29b6cec,[Oct 21] Report by W-5989: Worker observed not wearing safety glasses at Refinery Sector 4.,Unsafe Act,NO,Electrical,MEDIUM,,,,,Refinery Sector 4,Heat Exchanger,synthetic,stopped work,,,,True
acf7dd9b-663f-45dd-a6b0-481dc22c4d2a,[Oct 11] Report by W-9664: Worker entered the confined space at Unit B without conducting a gas test. No standby person was present.,Unsafe Act,YES,Energy Isolation,HIGH,,,,,Unit B,Valve,synthetic,stopped work,,cleaned up,,
cf976093-bd86-4c33-b2a3-25db0d03cdd0,[Oct 5] Report by W-8897: Worker entered the confined space at Refinery Sector 4 without conducting a gas test. No standby person was present.,Near Miss,YES,Pressure,HIGH,,,,,Refinery Sector 4,Electrical Panel,synthetic,reported to supervisor,colleague intervened,replaced equipment,updated procedures,
f8f30e81-7157-4e5b-99eb-858fcbfa4fdd,[Oct 10] Report by W-5969: Worker used incorrect gloves for manual handling task. Supervisor corrected the action.,Unsafe Condition,NO,Slips/Trips,LOW,,,,,Unit A,Compressor,synthetic,reported to supervisor,colleague intervened,cleaned up,retrained staff,True
367e35a0-9d4a-419b-859f-14ea5f15a0e3,[Oct 14] Report by W-4699: Small oil spill near Valve at Unit A. Cleaned up promptly.,Unsafe Act,NO,Pressure,MEDIUM,,,,,Unit A,Valve,synthetic,reported to supervisor,supervisor intervened,replaced equipment,updated procedures,True
ff223997-eb52-4232-9bcc-e905e38a46dd,[Oct 26] Report by W-9371: Worker observed not wearing safety glasses at Offshore Platform 1.,Unsafe Condition,NO,Energy Isolation,MEDIUM,,,,,Offshore Platform 1,Heat Exchanger,synthetic,reported to supervisor,,,updated procedures,
64245dcc-7c54-44cb-8a4e-446abcf1f32f,[Oct 13] Report by W-6325: Small oil spill near Compressor at Refinery Sector 4. Cleaned up promptly.,Unsafe Act,NO,Slips/Trips,LOW,,,,,Refinery Sector 4,Compressor,synthetic,stopped work,,cleaned up,,False
08479573-71b2-43ce-aa2b-a5aa512ad6ef,[Oct 19] Report by W-4723: Worker entered the confined space at Unit A without conducting a gas test. No standby person was present.,Near Miss,YES,Pressure,HIGH,,,,,Unit A,Heat Exchanger,synthetic,,colleague intervened,replaced equipment,updated procedures,True
f7236f48-febf-482f-8065-5bb74a2c563b,[Oct 7] Report by W-3432: Worker observed not wearing safety glasses at Unit A.,Unsafe Condition,NO,Working at Height,MEDIUM,,,,,Unit A,Pump,synthetic,,supervisor intervened,replaced equipment,,False
78f1cf17-3f3b-441c-8542-d0ad855a029f,[Oct 24] Report by W-9372: Worker observed not wearing safety glasses at Unit B.,Unsafe Condition,NO,Manual Handling,LOW,,,,,Unit B,Valve,synthetic,,,cleaned up,,False
0150dcab-c546-4164-a594-bb21ab7a5e7d,[Oct 13] Report by W-3331: Small oil spill near Electrical Panel at Refinery Sector 4. Cleaned up promptly.,Unsafe Act,NO,Energy Isolation,LOW,,,,,Refinery Sector 4,Electrical Panel,synthetic,stopped work,,cleaned up,,True
2d7d8c05-5716-4434-bdbf-7def1e258f96,[Oct 4] Report by W-3120: Trip hazard due to loose cables near Valve. Cables were immediately organized.,Unsafe Act,NO,Energy Isolation,LOW,,,,,Offshore Platform 1,Valve,synthetic,,colleague intervened,cleaned up,updated procedures,False
0d598c7d-0ddc-4aed-825d-ecb4f051c00f,[Oct 20] Report by W-1973: Small oil spill near Compressor at Refinery Sector 4. Cleaned up promptly.,Unsafe Condition,NO,Confined Space,LOW,,,,,Refinery Sector 4,Compressor,synthetic,stopped work,,replaced equipment,retrained staff,False
dfb3b451-1542-49a8-b06b-076efae96716,[Oct 10] Report by W-3752: Trip hazard due to loose cables near Pump. Cables were immediately organized.,Unsafe Condition,NO,Electrical,MEDIUM,,,,,Unit A,Pump,synthetic,,supervisor intervened,cleaned up,retrained staff,False
8f9f2ced-072f-4746-9bd5-73a778e125b7,[Oct 5] Report by W-7813: Trip hazard due to loose cables near Compressor. Cables were immediately organized.,Unsafe Act,NO,Manual Handling,MEDIUM,,,,,Offshore Platform 1,Compressor,synthetic,stopped work,supervisor intervened,,,False
93b5e14f-503d-477c-8b55-c8afd301906b,[Oct 5] Report by W-7813: Trip hazard due to loose cables near Compressor. Cables were immediately organized.,Unsafe Act,NO,Manual Handling,MEDIUM,,,,,Offshore Platform 1,Compressor,synthetic,stopped work,supervisor intervened,,,False
ac922b8c-b2c2-4f1a-8f2c-25b1cd4ac130,[Oct 23] Report by W-9457: Trip hazard due to loose cables near Electrical Panel. Cables were immediately organized.,Unsafe Act,NO,Confined Space,MEDIUM,,,,,Unit A,Electrical Panel,synthetic,,supervisor intervened,cleaned up,retrained staff,
e209ac99-e79b-4518-94b9-1948039f7b42,"[Oct 20] Report by W-4748: During maintenance of the Pump at Unit B, the technician started work without isolating the equipment. The Pump was still energized.",Unsafe Act,YES,Working at Height,HIGH,,,,,Unit B,Pump,synthetic,,,,updated procedures,True
af239b5e-4b03-4552-8a91-8d81f9459939,[Oct 22] Report by W-7115: Trip hazard due to loose cables near Electrical Panel. Cables were immediately organized.,Unsafe Condition,NO,Confined Space,LOW,,,,,Unit A,Electrical Panel,synthetic,reported to supervisor,colleague intervened,replaced equipment,retrained staff,
468a446f-7622-461d-b01f-e6c70a76b721,[Oct 7] Report by W-7177: Small oil spill near Electrical Panel at Offshore Platform 1. Cleaned up promptly.,Unsafe Condition,NO,Confined Space,MEDIUM,,,,,Offshore Platform 1,Electrical Panel,synthetic,,,,updated procedures,False
d66d8c14-7db4-4e38-923d-8255d9389d31,<div><p>[Oct 3] Report by W-4640: Small oil spill near Heat Exchanger at Offshore Platform 1. Cleaned up promptly.</p></div>,Unsafe Condition,NO,Energy Isolation,MEDIUM,,,,,Offshore Platform 1,Heat Exchanger,synthetic,stopped work,supervisor intervened,,retrained staff,
4f6aa575-d9bf-47dc-b0bc-e7d7639a3403,[Oct 17] Report by W-1570: Small oil spill near Pump at Refinery Sector 4. Cleaned up promptly.,Unsafe Act,NO,Energy Isolation,LOW,,,,,Refinery Sector 4,Pump,synthetic,stopped work,supervisor intervened,cleaned up,,
2fc4081f-fb24-4f8d-b9a3-3cad19c2f4ed,[Oct 27] Report by W-3007: Worker observed not wearing safety glasses at Offshore Platform 1.,Unsafe Condition,NO,Manual Handling,MEDIUM,,,,,Offshore Platform 1,Electrical Panel,synthetic,reported to supervisor,,,updated procedures,True
14434d28-7e26-4028-8499-5197ebff636e,[Oct 16] Report by W-1630: Trip hazard due to loose cables near Electrical Panel. Cables were immediately organized.,Unsafe Act,NO,Energy Isolation,MEDIUM,,,,,Offshore Platform 1,Electrical Panel,synthetic,reported to supervisor,colleague intervened,,retrained staff,True
55c649f0-0315-4fdc-a21f-182667c59c94,[Oct 14] Report by W-8557: Trip hazard due to loose cables near Compressor. Cables were immediately organized.,Unsafe Act,NO,Manual Handling,MEDIUM,,,,,Offshore Platform 1,Compressor,synthetic,reported to supervisor,,cleaned up,retrained staff,
f36c3a3f-ef82-49f2-9686-f011afcd417b,[Oct 25] Report by W-9075: Worker used incorrect gloves for manual handling task. Supervisor corrected the action.,Unsafe Act,NO,Energy Isolation,MEDIUM,,,,,Refinery Sector 4,Heat Exchanger,synthetic,reported to supervisor,colleague intervened,replaced equipment,updated procedures,False
084a10ad-4d8e-46e5-8f80-fc4a3b769603,[Oct 1] Report by W-1582: Small oil spill near Electrical Panel at Unit B. Cleaned up promptly.,Unsafe Condition,NO,Pressure,MEDIUM,,,,,Unit B,Electrical Panel,synthetic,stopped work,colleague intervened,,retrained staff,True
de225afd-dbb6-4ec5-a3ae-688b27966cd9,[Oct 8] Report by W-7155: Trip hazard due to loose cables near Heat Exchanger. Cables were immediately organized.,Unsafe Condition,NO,Working at Height,MEDIUM,,,,,Unit B,Heat Exchanger,synthetic,reported to supervisor,,replaced equipment,,
79a1ef91-9597-4e1c-badc-a5ab12508d2e,[Oct 24] Report by W-7532: Trip hazard due to loose cables near Electrical Panel. Cables were immediately organized.,Unsafe Condition,NO,Electrical,LOW,,,,,Unit A,Electrical Panel,synthetic,reported to supervisor,,,updated procedures,False
c1fd9c42-c562-421c-b63e-7b9cd564ce3e,[Oct 1] Report by W-2664: Worker used incorrect gloves for manual handling task. Supervisor corrected the action.,Unsafe Condition,NO,Slips/Trips,MEDIUM,,,,,Unit A,Valve,synthetic,stopped work,,replaced equipment,,False
953b497a-6b63-4d4d-b64b-19a172a3509b,[Oct 8] Report by W-3817: Trip hazard due to loose cables near Compressor. Cables were immediately organized.,Unsafe Act,NO,Working at Height,MEDIUM,,,,,Unit B,Compressor,synthetic,,colleague intervened,cleaned up,retrained staff,True
bd80fbcc-bb89-4fd6-ac2b-7fb88a67744b,[Oct 8] Report by W-3817: Trip hazard due to loose cables near Compressor. Cables were immediately organized.,Unsafe Act,NO,Working at Height,MEDIUM,,,,,Unit B,Compressor,synthetic,,colleague intervened,cleaned up,retrained staff,True
d0b14c82-4d48-4629-990f-0dc81d274dee,,Unsafe Act,NO,Energy Isolation,MEDIUM,,,,,Refinery Sector 4,Electrical Panel,synthetic,reported to supervisor,supervisor intervened,cleaned up,retrained staff,True
939ca2ab-6de6-4a7f-b5e4-351d12b03b5a,[Oct 4] Report by W-7952: Worker observed not wearing safety glasses at Unit A.,Unsafe Condition,NO,Pressure,MEDIUM,,,,,Unit A,Valve,synthetic,stopped work,,cleaned up,retrained staff,False
f55a9193-1b01-4d97-b9e0-e0092b1cb9fd,[Oct 22] Report by W-5675: Worker observed not wearing safety glasses at Unit B.,Unsafe Condition,NO,Electrical,LOW,,,,,Unit B,Pump,synthetic,,,cleaned up,,
bd0dbe2d-5899-448e-9051-ebc858c6baec,[Oct 10] Report by W-7848: Worker observed not wearing safety glasses at Unit A.,Unsafe Act,NO,Electrical,MEDIUM,,,,,Unit A,Valve,synthetic,,colleague intervened,,retrained staff,True
c2b712b4-069d-4bc7-be2a-8b2ce02b5054,[Oct 8] Report by W-2403: Small oil spill near Electrical Panel at Refinery Sector 4. Cleaned up promptly.,Unsafe Act,NO,Pressure,MEDIUM,,,,,Refinery Sector 4,Electrical Panel,synthetic,reported to supervisor,colleague intervened,replaced equipment,,False
e424e405-0e00-4ace-a9e7-472812488f9e,[Oct 28] Report by W-8762: Small oil spill near Pump at Refinery Sector 4. Cleaned up promptly.,Unsafe Act,NO,Slips/Trips,LOW,,,,,Refinery Sector 4,Pump,synthetic,reported to supervisor,colleague intervened,,,True
23c6be7a-411e-405d-bd45-a7eec8e877a9,[Oct 14] Report by W-9252: Worker used incorrect gloves for manual handling task. Supervisor corrected the action.,Unsafe Act,NO,Manual Handling,MEDIUM,,,,,Offshore Platform 1,Heat Exchanger,synthetic,,supervisor intervened,cleaned up,retrained staff,
abccab1f-07d6-4166-a942-81e899bd0f46,[Oct 3] Report by W-3505: Small oil spill near Compressor at Unit B. Cleaned up promptly.,Unsafe Act,NO,Pressure,LOW,,,,,Unit B,Compressor,synthetic,reported to supervisor,supervisor intervened,,updated procedures,True
be361b5a-27cd-4c20-a6e1-f2fb847e8710,[Oct 6] Report by W-7719: Trip hazard due to loose cables near Valve. Cables were immediately organized.,Unsafe Act,NO,Electrical,LOW,,,,,Offshore Platform 1,Valve,synthetic,,colleague intervened,replaced equipment,,
a0eabcc2-b91f-4a34-926e-270958824f7e,[Oct 6] Report by W-7719: Trip hazard due to loose cables near Valve. Cables were immediately organized.,Unsafe Act,NO,Electrical,LOW,,,,,Offshore Platform 1,Valve,synthetic,,colleague intervened,replaced equipment,,
8fd9671f-1e49-477d-91cb-3e3734361f8c,[Oct 10] Report by W-5729: Worker used incorrect gloves for manual handling task. Supervisor corrected the action.,Unsafe Condition,NO,Working at Height,MEDIUM,,,,,Offshore Platform 1,Electrical Panel,synthetic,reported to supervisor,colleague intervened,replaced equipment,,False
4ac52d4f-d362-4508-b2d3-ddb47564422d,[Oct 17] Report by W-9655: Worker used incorrect gloves for manual handling task. Supervisor corrected the action.,Unsafe Condition,NO,Confined Space,LOW,,,,,Offshore Platform 1,Compressor,synthetic,,colleague intervened,,updated procedures,True
b1025d31-4057-4907-ace6-3cbe52bf5d04,[Oct 15] Report by W-4084: Trip hazard due to loose cables near Electrical Panel. Cables were immediately organized.,Unsafe Condition,NO,Slips/Trips,MEDIUM,,,,,Refinery Sector 4,Electrical Panel,synthetic,,,cleaned up,retrained staff,
dc58fa10-2d63-4f60-a638-330dc750d0d6,[Oct 15] Report by W-3324: Worker used incorrect gloves for manual handling task. Supervisor corrected the action.,Unsafe Act,NO,Manual Handling,MEDIUM,,,,,Refinery Sector 4,Compressor,synthetic,reported to supervisor,supervisor intervened,replaced equipment,retrained staff,
f2e21e75-9e66-46e2-993f-458385186d31,[Oct 6] Report by W-9577: Trip hazard due to loose cables near Pump. Cables were immediately organized.,Unsafe Condition,NO,Manual Handling,LOW,,,,,Unit A,Pump,synthetic,,colleague intervened,cleaned up,,False
1e8ee61f-4de2-41ee-8019-0cb54bacf675,[Oct 21] Report by W-9191: Worker used incorrect gloves for manual handling task. Supervisor corrected the action.,Unsafe Act,NO,Electrical,MEDIUM,,,,,Unit A,Compressor,synthetic,,,cleaned up,updated procedures,
a55c2191-d5ec-49b0-98e3-8810e634e4a7,[Oct 6] Report by W-9856: Line opened with residual pressure on the Pump. High-energy release narrowly missed the operator.,Near Miss,YES,Confined Space,CRITICAL,,,,,Refinery Sector 4,Pump,synthetic,stopped work,colleague intervened,cleaned up,retrained staff,True
d29554cc-d30b-4fe6-84c9-3b9ce33d944a,[Oct 9] Report by W-5400: Small oil spill near Compressor at Offshore Platform 1. Cleaned up promptly.,Unsafe Act,NO,Confined Space,MEDIUM,,,,,Offshore Platform 1,Compressor,synthetic,reported to supervisor,colleague intervened,,retrained staff,
5259ee21-adcc-467d-a885-1b4030d5b545,[Oct 2] Report by W-1460: Worker used incorrect gloves for manual handling task. Supervisor corrected the action.,Unsafe Act,NO,Working at Height,LOW,,,,,Offshore Platform 1,Electrical Panel,synthetic,,colleague intervened,replaced equipment,retrained staff,True
f06dfef2-a228-4b5c-8a70-a28f5c070215,[Oct 5] Report by W-6424: Worker used incorrect gloves for manual handling task. Supervisor corrected the action.,Unsafe Act,NO,Pressure,MEDIUM,,,,,Refinery Sector 4,Valve,synthetic,stopped work,supervisor intervened,cleaned up,updated procedures,
49285f79-1a6e-4947-9b8b-aeba1f7beb5c,[Oct 23] Report by W-9554: Worker used incorrect gloves for manual handling task. Supervisor corrected the action.,Unsafe Act,NO,Working at Height,MEDIUM,,,,,Offshore Platform 1,Pump,synthetic,,,cleaned up,updated procedures,False
877ff92d-c5ac-440b-ae4a-de9a1a5499d3,[Oct 7] Report by W-8618: Worker observed not wearing safety glasses at Unit A.,Unsafe Act,NO,Working at Height,MEDIUM,,,,,Unit A,Valve,synthetic,reported to supervisor,colleague intervened,replaced equipment,,False
6dbbcff5-c95e-4c3a-8131-34f7c21cd898,[Oct 18] Report by W-5929: Worker used incorrect gloves for manual handling task. Supervisor corrected the action.,Unsafe Condition,NO,Manual Handling,LOW,,,,,Offshore Platform 1,Heat Exchanger,synthetic,,supervisor intervened,,updated procedures,True
a46ec503-bf43-489b-b320-55e5dd4bbfbd,[Oct 23] Report by W-2274: Trip hazard due to loose cables near Electrical Panel. Cables were immediately organized.,Unsafe Condition,NO,Electrical,MEDIUM,,,,,Offshore Platform 1,Electrical Panel,synthetic,,supervisor intervened,cleaned up,,False
759b4870-3364-4fdd-9042-d66bc6fd9071,[Oct 23] Report by W-2065: Worker observed not wearing safety glasses at Unit B.,Unsafe Act,NO,Slips/Trips,LOW,,,,,Unit B,Pump,synthetic,reported to supervisor,supervisor intervened,cleaned up,updated procedures,
e320aead-cb2f-4710-a39b-9ad91739df50,[Oct 19] Report by W-8986: Worker observed not wearing safety glasses at Unit A.,Unsafe Act,NO,Electrical,MEDIUM,,,,,Unit A,Valve,synthetic,reported to supervisor,supervisor intervened,cleaned up,retrained staff,False
e38224a8-354c-4eb9-8936-d4caae898434,[Oct 22] Report by W-8726: Trip hazard due to loose cables near Heat Exchanger. Cables were immediately organized.,Unsafe Act,NO,Manual Handling,MEDIUM,,,,,Refinery Sector 4,Heat Exchanger,synthetic,reported to supervisor,colleague intervened,,updated procedures,
958872a7-02db-49bf-b6ee-0a4a1723d9fc,[Oct 5] Report by W-4939: Trip hazard due to loose cables near Valve. Cables were immediately organized.,Unsafe Act,NO,Slips/Trips,LOW,,,,,Unit B,Valve,synthetic,stopped work,colleague intervened,,updated procedures,True
5a861c17-b805-4500-ba3b-4262a7358260,[Oct 28] Report by W-3202: Worker observed not wearing safety glasses at Refinery Sector 4.,Unsafe Act,NO,Slips/Trips,LOW,,,,,Refinery Sector 4,Heat Exchanger,synthetic,,,replaced equipment,retrained staff,False
6a7b5fde-c244-4529-b2be-46899c6c4a82,[Oct 28] Report by W-1898: Small oil spill near Valve at Unit B. Cleaned up promptly.,Unsafe Act,NO,Manual Handling,MEDIUM,,,,,Unit B,Valve,synthetic,reported to supervisor,colleague intervened,replaced equipment,updated procedures,
c7e948b3-2920-46df-9112-d42287401274,[Oct 1] Report by W-2846: Trip hazard due to loose cables near Valve. Cables were immediately organized.,Unsafe Condition,NO,Working at Height,LOW,,,,,Unit B,Valve,synthetic,reported to supervisor,supervisor intervened,cleaned up,retrained staff,True
c1717135-55f7-4aa6-9fec-588fdffd36ab,[Oct 8] Report by W-9104: Worker used incorrect gloves for manual handling task. Supervisor corrected the action.,Unsafe Condition,NO,Electrical,MEDIUM,,,,,Offshore Platform 1,Heat Exchanger,synthetic,stopped work,colleague intervened,,,True
854d00ba-82dd-44ef-a143-77db093ccaaa,[Oct 13] Report by W-7588: Worker used incorrect gloves for manual handling task. Supervisor corrected the action.,Unsafe Condition,NO,Confined Space,LOW,,,,,Unit A,Pump,synthetic,reported to supervisor,supervisor intervened,replaced equipment,retrained staff,False
03d0b301-7335-47ef-9802-586338301866,[Oct 13] Report by W-9874: Trip hazard due to loose cables near Valve. Cables were immediately organized.,Unsafe Act,NO,Pressure,LOW,,,,,Refinery Sector 4,Valve,synthetic,,,replaced equipment,updated procedures,False
785faac2-03dc-4b78-b269-5b15116a475b,[Oct 17] Report by W-5155: Worker used incorrect gloves for manual handling task. Supervisor corrected the action.,Unsafe Condition,NO,Working at Height,MEDIUM,,,,,Refinery Sector 4,Valve,synthetic,stopped work,,,updated procedures,False
5bb22829-d997-4e07-a427-5a7761d8a6e4,[Oct 19] Report by W-9949: Trip hazard due to loose cables near Electrical Panel. Cables were immediately organized.,Unsafe Condition,NO,Working at Height,LOW,,,,,Refinery Sector 4,Electrical Panel,synthetic,,,cleaned up,retrained staff,
2fabfd30-438f-4a71-ab88-e20ffb58ba10,[Oct 19] Report by W-9949: Trip hazard due to loose cables near Electrical Panel. Cables were immediately organized.,Unsafe Condition,NO,Working at Height,LOW,,,,,Refinery Sector 4,Electrical Panel,synthetic,,,cleaned up,retrained staff,
766478b2-b09e-4223-90f1-973390354fbd,[Oct 7] Report by W-5706: Small oil spill near Compressor at Refinery Sector 4. Cleaned up promptly.,Unsafe Condition,NO,Manual Handling,MEDIUM,,,,,Refinery Sector 4,Compressor,synthetic,stopped work,colleague intervened,replaced equipment,,False
1fd0ec46-15ab-42dd-aaac-37345b5c5f29,[Oct 24] Report by W-3755: Small oil spill near Valve at Unit A. Cleaned up promptly.,Unsafe Act,NO,Working at Height,LOW,,,,,Unit A,Valve,synthetic,,,,retrained staff,True
0c3512ec-dca9-4b6a-9a06-055cfbe26af3,[Oct 11] Report by W-3238: Small oil spill near Electrical Panel at Offshore Platform 1. Cleaned up promptly.,Unsafe Condition,NO,Pressure,MEDIUM,,,,,Offshore Platform 1,Electrical Panel,synthetic,,colleague intervened,cleaned up,updated procedures,False
b4e901e5-9e98-4574-91ef-6544c50136e0,[Oct 22] Report by W-8135: Worker observed not wearing safety glasses at Unit B.,Unsafe Act,NO,Pressure,LOW,,,,,Unit B,Compressor,synthetic,reported to supervisor,,cleaned up,,False
f4cfb197-cc8a-4a6c-9356-59e31a6d70ed,[Oct 3] Report by W-1771: Line opened with residual pressure on the Electrical Panel. High-energy release narrowly missed the operator.,Unsafe Act,YES,Pressure,HIGH,,,,,Unit A,Electrical Panel,synthetic,stopped work,colleague intervened,,retrained staff,False
aa218784-1633-4ae9-a226-6da9cd7a3477,[Oct 21] Report by W-1207: Worker used incorrect gloves for manual handling task. Supervisor corrected the action.,Unsafe Act,NO,Slips/Trips,MEDIUM,,,,,Unit A,Compressor,synthetic,reported to supervisor,colleague intervened,cleaned up,retrained staff,False
0def3e31-eba2-4c37-919a-ec6810cefb97,[Oct 28] Report by W-2915: Worker observed not wearing safety glasses at Unit A.,Unsafe Act,NO,Slips/Trips,MEDIUM,,,,,Unit A,Pump,synthetic,stopped work,,,updated procedures,
ac326c7f-c0b2-4a83-8f5f-f281316b31ab,[Oct 20] Report by W-3226: Small oil spill near Compressor at Offshore Platform 1. Cleaned up promptly.,Unsafe Act,NO,Energy Isolation,MEDIUM,,,,,Offshore Platform 1,Compressor,synthetic,reported to supervisor,supervisor intervened,cleaned up,,True
e27f02a9-4f9a-4b67-8706-f472d88755db,[Oct 25] Report by W-4585: Worker used incorrect gloves for manual handling task. Supervisor corrected the action.,Unsafe Act,NO,Pressure,LOW,,,,,Refinery Sector 4,Heat Exchanger,synthetic,stopped work,colleague intervened,cleaned up,retrained staff,
f7ec1f96-7fb1-497e-9c3a-45124512490f,<div><p>[Oct 25] Report by W-3031: Trip hazard due to loose cables near Compressor. Cables were immediately organized.</p></div>,Unsafe Act,NO,Manual Handling,LOW,,,,,Unit A,Compressor,synthetic,,colleague intervened,,retrained staff,True
2defb504-9bcb-44ba-bef3-ad0703db1fdd,[Oct 19] Report by W-7013: Worker used incorrect gloves for manual handling task. Supervisor corrected the action.,Unsafe Act,NO,Working at Height,LOW,,,,,Refinery Sector 4,Electrical Panel,synthetic,,supervisor intervened,cleaned up,retrained staff,
20d99dfa-f27a-435e-ac78-3369f23d6fde,[Oct 1] Report by W-2648: Trip hazard due to loose cables near Valve. Cables were immediately organized.,Unsafe Condition,NO,Manual Handling,MEDIUM,,,,,Unit A,Valve,synthetic,,,,updated procedures,
f0dc816c-eac3-4678-a7b9-752aa7dfd123,[Oct 3] Report by W-1285: Small oil spill near Compressor at Refinery Sector 4. Cleaned up promptly.,Unsafe Act,NO,Energy Isolation,MEDIUM,,,,,Refinery Sector 4,Compressor,synthetic,,colleague intervened,replaced equipment,updated procedures,True
cee565a5-c9f2-4f7e-9843-c3fab94c6993,[Oct 10] Report by W-6800: Trip hazard due to loose cables near Compressor. Cables were immediately organized.,Unsafe Act,NO,Electrical,LOW,,,,,Refinery Sector 4,Compressor,synthetic,,supervisor intervened,cleaned up,retrained staff,
761eab44-4241-4f68-940d-8d1e9c546857,[Oct 11] Report by W-2299: Worker observed not wearing safety glasses at Unit B.,Unsafe Condition,NO,Electrical,MEDIUM,,,,,Unit B,Compressor,synthetic,reported to supervisor,,,updated procedures,
700a6167-9ded-46eb-bbe8-6960e78d8703,,Unsafe Condition,NO,Working at Height,LOW,,,,,Offshore Platform 1,Pump,synthetic,stopped work,,,updated procedures,
15a4a79e-83b7-4f92-9719-9bc3de1c2f28,[Oct 10] Report by W-2996: Worker observed not wearing safety glasses at Refinery Sector 4.,Unsafe Condition,NO,Working at Height,MEDIUM,,,,,Refinery Sector 4,Compressor,synthetic,stopped work,colleague intervened,,updated procedures,
663bae17-275f-4760-b37f-d33d28c8923b,[Oct 26] Report by W-3165: Worker observed not wearing safety glasses at Unit A.,Unsafe Condition,NO,Energy Isolation,LOW,,,,,Unit A,Valve,synthetic,,colleague intervened,,updated procedures,
ac9cbd6e-3491-46df-bdeb-5c6c2a40ec89,[Oct 16] Report by W-2789: Trip hazard due to loose cables near Valve. Cables were immediately organized.,Unsafe Condition,NO,Working at Height,LOW,,,,,Unit A,Valve,synthetic,,,cleaned up,updated procedures,
5e195b80-8b54-4a6a-abf8-ce3da7a954e8,"[Oct 26] Report by W-8292: During maintenance of the Compressor at Offshore Platform 1, the technician started work without isolating the equipment. The Compressor was still energized.",Unsafe Act,YES,Working at Height,HIGH,,,,,Offshore Platform 1,Compressor,synthetic,stopped work,,replaced equipment,retrained staff,False
b1b291ff-d7bf-4068-81dd-ab35abe9065e,[Oct 23] Report by W-4692: Trip hazard due to loose cables near Heat Exchanger. Cables were immediately organized.,Unsafe Condition,NO,Working at Height,LOW,,,,,Refinery Sector 4,Heat Exchanger,synthetic,stopped work,,replaced equipment,updated procedures,True
6b6d41cb-b373-48ab-874a-0783e0bb0393,[Oct 19] Report by W-1612: Trip hazard due to loose cables near Electrical Panel. Cables were immediately organized.,Unsafe Condition,NO,Energy Isolation,LOW,,,,,Unit B,Electrical Panel,synthetic,,colleague intervened,cleaned up,updated procedures,
bbdc4f67-0132-42d8-8e5d-84a2ec00e7de,[Oct 19] Report by W-1612: Trip hazard due to loose cables near Electrical Panel. Cables were immediately organized.,Unsafe Condition,NO,Energy Isolation,LOW,,,,,Unit B,Electrical Panel,synthetic,,colleague intervened,cleaned up,updated procedures,
97234dfa-351e-4978-a08c-e98ecec6ca3c,[Oct 21] Report by W-6328: Worker observed not wearing safety glasses at Offshore Platform 1.,Unsafe Act,NO,Manual Handling,MEDIUM,,,,,Offshore Platform 1,Pump,synthetic,reported to supervisor,,,updated procedures,
85516fe6-1477-4a0b-b6b8-d0a949b63b97,[Oct 25] Report by W-6142: Trip hazard due to loose cables near Heat Exchanger. Cables were immediately organized.,Unsafe Condition,NO,Pressure,LOW,,,,,Offshore Platform 1,Heat Exchanger,synthetic,,,cleaned up,retrained staff,True
51070314-c9c2-4286-9018-22b3e0f7c676,[Oct 13] Report by W-5494: Worker observed not wearing safety glasses at Unit A.,Unsafe Condition,NO,Electrical,LOW,,,,,Unit A,Compressor,synthetic,,,cleaned up,retrained staff,True
79f6d489-6f99-4d37-8f7f-f4f1d0d6134b,[Oct 13] Report by W-4349: Worker used incorrect gloves for manual handling task. Supervisor corrected the action.,Unsafe Condition,NO,Electrical,MEDIUM,,,,,Unit A,Electrical Panel,synthetic,stopped work,supervisor intervened,cleaned up,retrained staff,
a62e0e19-53cf-4860-97de-93ce906e689a,[Oct 13] Report by W-4349: Worker used incorrect gloves for manual handling task. Supervisor corrected the action.,Unsafe Condition,NO,Electrical,MEDIUM,,,,,Unit A,Electrical Panel,synthetic,stopped work,supervisor intervened,cleaned up,retrained staff,
55a65ea4-f042-4d92-a8d8-2ee9f1f16ebc,[Oct 25] Report by W-8112: Trip hazard due to loose cables near Compressor. Cables were immediately organized.,Unsafe Act,NO,Confined Space,LOW,,,,,Refinery Sector 4,Compressor,synthetic,,supervisor intervened,cleaned up,retrained staff,False
d8a3cd63-bc3c-4c78-9415-1fab6c148ef0,[Oct 20] Report by W-7630: Trip hazard due to loose cables near Compressor. Cables were immediately organized.,Unsafe Condition,NO,Pressure,MEDIUM,,,,,Offshore Platform 1,Compressor,synthetic,,colleague intervened,cleaned up,,
5b138f94-6156-40e8-8434-45954e7ca946,[Oct 6] Report by W-1014: Small oil spill near Electrical Panel at Unit A. Cleaned up promptly.,Unsafe Act,NO,Working at Height,LOW,,,,,Unit A,Electrical Panel,synthetic,,,cleaned up,updated procedures,False
79c90696-2d86-46ec-a675-02adcc28a954,[Oct 19] Report by W-9628: Trip hazard due to loose cables near Valve. Cables were immediately organized.,Unsafe Condition,NO,Electrical,LOW,,,,,Unit B,Valve,synthetic,stopped work,supervisor intervened,replaced equipment,updated procedures,False
ee7e0379-bc50-434e-8d06-1f7b818b4ee4,[Oct 28] Report by W-7925: Worker observed not wearing safety glasses at Unit B.,Unsafe Condition,NO,Energy Isolation,MEDIUM,,,,,Unit B,Valve,synthetic,,,replaced equipment,,
8125b0fe-6445-4ec2-8404-aef8f0e9dd5c,,Unsafe Act,YES,Working at Height,HIGH,,,,,Unit B,Valve,synthetic,reported to supervisor,,,,True
e4e59e7c-1900-4d01-99cc-7d273c7af06e,[Oct 23] Report by W-6582: Small oil spill near Electrical Panel at Offshore Platform 1. Cleaned up promptly.,Unsafe Condition,NO,Working at Height,MEDIUM,,,,,Offshore Platform 1,Electrical Panel,synthetic,stopped work,,cleaned up,updated procedures,False
cacc2e49-61ec-4eda-bdaf-89b85aa98439,[Oct 4] Report by W-8592: Small oil spill near Valve at Unit A. Cleaned up promptly.,Unsafe Act,NO,Electrical,MEDIUM,,,,,Unit A,Valve,synthetic,reported to supervisor,supervisor intervened,replaced equipment,retrained staff,
7500b5f9-a6f8-4725-9e49-a1f9d55753dd,[Oct 21] Report by W-3277: Worker observed not wearing safety glasses at Unit B.,Unsafe Condition,NO,Working at Height,LOW,,,,,Unit B,Valve,synthetic,stopped work,,cleaned up,,True
9fe0e771-5c01-47a0-87e4-59c68083576a,[Oct 20] Report by W-3459: Worker used incorrect gloves for manual handling task. Supervisor corrected the action.,Unsafe Act,NO,Pressure,MEDIUM,,,,,Refinery Sector 4,Electrical Panel,synthetic,,colleague intervened,,retrained staff,False
d58a9f29-4dd6-46db-ad2a-2fc5bfcf422b,[Oct 6] Report by W-2500: Worker observed not wearing safety glasses at Unit A.,Unsafe Act,NO,Confined Space,LOW,,,,,Unit A,Pump,synthetic,stopped work,supervisor intervened,,,False
3f2979a4-c618-405a-b6a9-0254f98b3713,[Oct 13] Report by W-8187: Small oil spill near Electrical Panel at Unit A. Cleaned up promptly.,Unsafe Act,NO,Pressure,MEDIUM,,,,,Unit A,Electrical Panel,synthetic,reported to supervisor,,cleaned up,retrained staff,True
4b6bd440-ad26-4ace-9f02-374f62fec065,[Oct 24] Report by W-6790: Worker used incorrect gloves for manual handling task. Supervisor corrected the action.,Unsafe Act,NO,Confined Space,LOW,,,,,Unit A,Valve,synthetic,reported to supervisor,supervisor intervened,cleaned up,,False
c348addc-e51d-4624-9cf5-f34c7b06a923,[Oct 8] Report by W-3737: Worker observed not wearing safety glasses at Offshore Platform 1.,Unsafe Condition,NO,Electrical,MEDIUM,,,,,Offshore Platform 1,Electrical Panel,synthetic,,,,,
e9deb0b8-b2ae-471f-8218-f7b975b19377,[Oct 4] Report by W-1484: Worker observed not wearing safety glasses at Offshore Platform 1.,Unsafe Condition,NO,Electrical,MEDIUM,,,,,Offshore Platform 1,Pump,synthetic,reported to supervisor,,,updated procedures,
c626be8d-a06a-4e31-b630-6083908ba0d3,[Oct 27] Report by W-2809: Trip hazard due to loose cables near Heat Exchanger. Cables were immediately organized.,Unsafe Condition,NO,Electrical,MEDIUM,,,,,Refinery Sector 4,Heat Exchanger,synthetic,,supervisor intervened,cleaned up,updated procedures,False
1037be30-b79c-4cb3-9346-bee020d879f2,[Oct 13] Report by W-3638: Worker used incorrect gloves for manual handling task. Supervisor corrected the action.,Unsafe Act,NO,Working at Height,LOW,,,,,Offshore Platform 1,Heat Exchanger,synthetic,,colleague intervened,cleaned up,retrained staff,
3f085df2-feff-40a3-b9c6-e6991098aa2c,[Oct 13] Report by W-4147: Worker used incorrect gloves for manual handling task. Supervisor corrected the action.,Unsafe Act,NO,Electrical,LOW,,,,,Unit B,Heat Exchanger,synthetic,,,cleaned up,retrained staff,
437fad80-70e5-4f3e-bd45-d1493e853b70,[Oct 25] Report by W-8655: Trip hazard due to loose cables near Valve. Cables were immediately organized.,Unsafe Condition,NO,Manual Handling,MEDIUM,,,,,Unit B,Valve,synthetic,stopped work,supervisor intervened,,,True
b7404631-a323-41ed-93a7-3d5871d2c291,[Oct 15] Report by W-1812: Worker used incorrect gloves for manual handling task. Supervisor corrected the action.,Unsafe Condition,NO,Energy Isolation,MEDIUM,,,,,Unit A,Valve,synthetic,reported to supervisor,supervisor intervened,replaced equipment,,
c92064c1-eb59-442c-81df-37e0c5d30782,<div><p>[Oct 10] Report by W-4799: Worker used incorrect gloves for manual handling task. Supervisor corrected the action.</p></div>,Unsafe Condition,NO,Slips/Trips,LOW,,,,,Offshore Platform 1,Electrical Panel,synthetic,,,cleaned up,updated procedures,True
59eb4166-8ede-436e-b91c-f007cafbaa15,[Oct 7] Report by W-9512: Trip hazard due to loose cables near Heat Exchanger. Cables were immediately organized.,Unsafe Act,NO,Working at Height,LOW,,,,,Refinery Sector 4,Heat Exchanger,synthetic,,supervisor intervened,replaced equipment,updated procedures,
d0de6be1-fce1-40eb-a6c3-10684544fc61,[Oct 10] Report by W-1009: Worker used incorrect gloves for manual handling task. Supervisor corrected the action.,Unsafe Condition,NO,Confined Space,MEDIUM,,,,,Unit B,Electrical Panel,synthetic,stopped work,colleague intervened,cleaned up,,True
dd838c4d-28dc-41db-9147-f1e460117736,[Oct 23] Report by W-4209: Worker used incorrect gloves for manual handling task. Supervisor corrected the action.,Unsafe Condition,NO,Working at Height,LOW,,,,,Unit A,Pump,synthetic,,supervisor intervened,,retrained staff,True
3fcaa05a-e199-433d-ae9a-77a29518fa3a,[Oct 10] Report by W-7185: Worker used incorrect gloves for manual handling task. Supervisor corrected the action.,Unsafe Act,NO,Working at Height,MEDIUM,,,,,Refinery Sector 4,Electrical Panel,synthetic,,colleague intervened,cleaned up,,
660ecf19-767e-401b-8728-a2da690b219b,[Oct 7] Report by W-8713: Small oil spill near Compressor at Unit B. Cleaned up promptly.,Unsafe Condition,NO,Confined Space,LOW,,,,,Unit B,Compressor,synthetic,stopped work,,replaced equipment,retrained staff,
88a39a2f-fc87-4ab4-8782-1d8e1300bc4b,<div><p>[Oct 28] Report by W-9915: Trip hazard due to loose cables near Electrical Panel. Cables were immediately organized.</p></div>,Unsafe Condition,NO,Energy Isolation,MEDIUM,,,,,Unit B,Electrical Panel,synthetic,reported to supervisor,colleague intervened,replaced equipment,updated procedures,
b2fc39c5-5667-4127-8b19-0073ce787634,[Oct 4] Report by W-9585: Worker observed not wearing safety glasses at Unit A.,Unsafe Condition,NO,Slips/Trips,MEDIUM,,,,,Unit A,Heat Exchanger,synthetic,reported to supervisor,colleague intervened,replaced equipment,retrained staff,False
0e14cfb7-3618-4c1e-8323-698e0ab24dde,[Oct 8] Report by W-1046: Worker used incorrect gloves for manual handling task. Supervisor corrected the action.,Unsafe Act,NO,Energy Isolation,MEDIUM,,,,,Unit B,Compressor,synthetic,stopped work,,replaced equipment,,
7e0afeb4-dc75-4a65-8cf0-e5a397cc1f68,[Oct 27] Report by W-4788: Trip hazard due to loose cables near Pump. Cables were immediately organized.,Unsafe Condition,NO,Energy Isolation,MEDIUM,,,,,Refinery Sector 4,Pump,synthetic,reported to supervisor,supervisor intervened,replaced equipment,,True
a0e0877f-83ad-46ca-bb25-8ed2ca7ea1dd,[Oct 23] Report by W-1168: Small oil spill near Pump at Offshore Platform 1. Cleaned up promptly.,Unsafe Condition,NO,Electrical,MEDIUM,,,,,Offshore Platform 1,Pump,synthetic,,colleague intervened,replaced equipment,retrained staff,
0464aad9-c8e1-455a-9869-10586be2fe46,[Oct 21] Report by W-4951: Trip hazard due to loose cables near Pump. Cables were immediately organized.,Unsafe Act,NO,Pressure,LOW,,,,,Unit B,Pump,synthetic,,supervisor intervened,,updated procedures,True
efbde950-e3b8-4f47-b2ab-3ff6ec0159ed,[Oct 26] Report by W-6241: Trip hazard due to loose cables near Electrical Panel. Cables were immediately organized.,Unsafe Condition,NO,Working at Height,LOW,,,,,Unit B,Electrical Panel,synthetic,stopped work,colleague intervened,cleaned up,updated procedures,
ea6b6485-01f1-476c-a748-d9a33154a583,[Oct 18] Report by W-9547: Small oil spill near Valve at Offshore Platform 1. Cleaned up promptly.,Unsafe Act,NO,Energy Isolation,LOW,,,,,Offshore Platform 1,Valve,synthetic,stopped work,,,updated procedures,True
10d0023b-b0d9-4d30-8a6f-b90e9e19e40c,[Oct 10] Report by W-8189: Trip hazard due to loose cables near Valve. Cables were immediately organized.,Unsafe Act,NO,Electrical,LOW,,,,,Offshore Platform 1,Valve,synthetic,reported to supervisor,,replaced equipment,updated procedures,
96dd9332-52fb-450d-a082-58274e34f5d0,[Oct 22] Report by W-6030: Worker used incorrect gloves for manual handling task. Supervisor corrected the action.,Unsafe Act,NO,Slips/Trips,LOW,,,,,Unit A,Electrical Panel,synthetic,stopped work,colleague intervened,replaced equipment,retrained staff,
92da7433-19b3-434d-94ec-50327ac3efbb,[Oct 12] Report by W-6652: Worker entered the confined space at Refinery Sector 4 without conducting a gas test. No standby person was present.,Near Miss,YES,Confined Space,CRITICAL,,,,,Refinery Sector 4,Heat Exchanger,synthetic,reported to supervisor,,cleaned up,updated procedures,False
eb09b061-8790-49c7-aa1a-ed142e8e8238,"[Oct 11] Report by W-3567: While working at Unit A, worker was at height without fall protection. Serious risk of fatal fall.",Near Miss,YES,Pressure,CRITICAL,,,,,Unit A,Pump,synthetic,reported to supervisor,supervisor intervened,replaced equipment,retrained staff,True
2e65a76a-fa50-4fb0-a852-242424eddf7b,[Oct 14] Report by W-8878: Trip hazard due to loose cables near Compressor. Cables were immediately organized.,Unsafe Act,NO,Working at Height,MEDIUM,,,,,Unit B,Compressor,synthetic,,,,updated procedures,True
7153623f-ebe7-470d-8023-5018921b76dd,[Oct 21] Report by W-9330: Worker used incorrect gloves for manual handling task. Supervisor corrected the action.,Unsafe Condition,NO,Electrical,MEDIUM,,,,,Offshore Platform 1,Compressor,synthetic,stopped work,supervisor intervened,cleaned up,,False
40c46ef6-da66-4404-991c-4eb5256dd2c6,[Oct 5] Report by W-6305: Small oil spill near Electrical Panel at Unit A. Cleaned up promptly.,Unsafe Act,NO,Energy Isolation,MEDIUM,,,,,Unit A,Electrical Panel,synthetic,,supervisor intervened,replaced equipment,,
7f6b41ec-30af-4f83-90ce-2c8a49e7c960,[Oct 10] Report by W-1756: Trip hazard due to loose cables near Valve. Cables were immediately organized.,Unsafe Condition,NO,Energy Isolation,MEDIUM,,,,,Unit B,Valve,synthetic,,,,retrained staff,True
a26bd98d-e7ed-4ac1-81f6-37ffb42ee65d,[Oct 13] Report by W-8386: Small oil spill near Compressor at Unit B. Cleaned up promptly.,Unsafe Condition,NO,Electrical,MEDIUM,,,,,Unit B,Compressor,synthetic,reported to supervisor,colleague intervened,,,True
967694c5-99b7-4c56-8999-723970138511,[Oct 2] Report by W-8675: Worker observed not wearing safety glasses at Offshore Platform 1.,Unsafe Act,NO,Slips/Trips,MEDIUM,,,,,Offshore Platform 1,Heat Exchanger,synthetic,,supervisor intervened,replaced equipment,retrained staff,False
e6e2d866-c438-4491-bc3f-01f2bd74c4af,"[Oct 19] Report by W-2688: While working at Refinery Sector 4, worker was at height without fall protection. Serious risk of fatal fall.",Unsafe Act,YES,Energy Isolation,HIGH,,,,,Refinery Sector 4,Compressor,synthetic,stopped work,colleague intervened,replaced equipment,,True
fe6239df-d76f-4b97-bc4c-084b6d368c2e,[Oct 1] Report by W-2139: Worker used incorrect gloves for manual handling task. Supervisor corrected the action.,Unsafe Act,NO,Pressure,LOW,,,,,Refinery Sector 4,Pump,synthetic,,colleague intervened,cleaned up,updated procedures,True
563d688a-bee5-4502-b3bf-d4593bf14b2c,[Oct 6] Report by W-3634: Worker used incorrect gloves for manual handling task. Supervisor corrected the action.,Unsafe Act,NO,Electrical,MEDIUM,,,,,Refinery Sector 4,Pump,synthetic,stopped work,colleague intervened,,updated procedures,False
9cda5004-cf5b-485f-b098-2bcbb0906a93,[Oct 14] Report by W-2954: Small oil spill near Heat Exchanger at Refinery Sector 4. Cleaned up promptly.,Unsafe Act,NO,Manual Handling,MEDIUM,,,,,Refinery Sector 4,Heat Exchanger,synthetic,reported to supervisor,supervisor intervened,replaced equipment,,False
5cbb7e12-5840-43a2-9fd2-f92a5514345b,[Oct 3] Report by W-8918: Trip hazard due to loose cables near Compressor. Cables were immediately organized.,Unsafe Condition,NO,Pressure,LOW,,,,,Offshore Platform 1,Compressor,synthetic,stopped work,colleague intervened,,,False
559551e1-b245-4d45-9b5b-b16b9ed182f7,[Oct 7] Report by W-2156: Worker used incorrect gloves for manual handling task. Supervisor corrected the action.,Unsafe Act,NO,Electrical,LOW,,,,,Unit A,Valve,synthetic,reported to supervisor,,,retrained staff,
4f0f79cb-63f3-4f13-93ec-cb3e9a5aad13,[Oct 24] Report by W-1151: Worker used incorrect gloves for manual handling task. Supervisor corrected the action.,Unsafe Condition,NO,Manual Handling,MEDIUM,,,,,Unit A,Pump,synthetic,stopped work,colleague intervened,cleaned up,retrained staff,
19884b71-d8f2-432f-a038-115ba680eb96,[Oct 22] Report by W-8779: Trip hazard due to loose cables near Compressor. Cables were immediately organized.,Unsafe Condition,NO,Pressure,LOW,,,,,Unit B,Compressor,synthetic,,,replaced equipment,,True
972e8a13-4314-4a81-9bfb-8935e0e6cf30,[Oct 9] Report by W-3273: Worker used incorrect gloves for manual handling task. Supervisor corrected the action.,Unsafe Condition,NO,Electrical,LOW,,,,,Refinery Sector 4,Pump,synthetic,reported to supervisor,supervisor intervened,cleaned up,updated procedures,
3aa5e4a4-e445-43dc-85e5-de0b55747721,[Oct 9] Report by W-2312: Trip hazard due to loose cables near Heat Exchanger. Cables were immediately organized.,Unsafe Condition,NO,Working at Height,MEDIUM,,,,,Unit B,Heat Exchanger,synthetic,,colleague intervened,replaced equipment,,True
5e0c161c-4404-4011-aa2e-16c1869526ae,[Oct 21] Report by W-8024: Trip hazard due to loose cables near Compressor. Cables were immediately organized.,Unsafe Act,NO,Confined Space,LOW,,,,,Refinery Sector 4,Compressor,synthetic,,,replaced equipment,retrained staff,False
76c169c2-67de-431a-a81c-5272c71582c3,[Oct 19] Report by W-3810: Worker observed not wearing safety glasses at Offshore Platform 1.,Unsafe Act,NO,Slips/Trips,LOW,,,,,Offshore Platform 1,Pump,synthetic,reported to supervisor,,cleaned up,retrained staff,False
e0127f32-5577-4216-b3a9-5e701f29293a,[Oct 1] Report by W-7217: Trip hazard due to loose cables near Pump. Cables were immediately organized.,Unsafe Act,NO,Pressure,LOW,,,,,Offshore Platform 1,Pump,synthetic,reported to supervisor,,cleaned up,retrained staff,False
6da2b07a-d898-489a-822b-f49da6608b4c,[Oct 23] Report by W-4443: Worker used incorrect gloves for manual handling task. Supervisor corrected the action.,Unsafe Condition,NO,Electrical,LOW,,,,,Unit B,Valve,synthetic,reported to supervisor,,replaced equipment,updated procedures,
038499cf-5d79-4171-b545-2208d7a2fcd4,[Oct 9] Report by W-6511: Worker used incorrect gloves for manual handling task. Supervisor corrected the action.,Unsafe Condition,NO,Electrical,LOW,,,,,Unit A,Valve,synthetic,reported to supervisor,supervisor intervened,,updated procedures,False
07dac458-b340-42dd-a35c-9082347a2642,[Oct 14] Report by W-2913: Worker used incorrect gloves for manual handling task. Supervisor corrected the action.,Unsafe Act,NO,Pressure,MEDIUM,,,,,Offshore Platform 1,Electrical Panel,synthetic,,supervisor intervened,replaced equipment,updated procedures,
d685918b-bf63-4cf8-a7a2-df008d821370,[Oct 15] Report by W-2656: Trip hazard due to loose cables near Pump. Cables were immediately organized.,Unsafe Act,NO,Electrical,MEDIUM,,,,,Refinery Sector 4,Pump,synthetic,reported to supervisor,supervisor intervened,,updated procedures,True
89bce0e7-9d08-428d-84ff-3143038104c4,[Oct 28] Report by W-8720: Worker used incorrect gloves for manual handling task. Supervisor corrected the action.,Unsafe Act,NO,Pressure,LOW,,,,,Offshore Platform 1,Compressor,synthetic,stopped work,supervisor intervened,cleaned up,,
626f2be2-bf7b-4a7d-ada1-a1aa566b400e,[Oct 22] Report by W-7659: Worker observed not wearing safety glasses at Unit A.,Unsafe Act,NO,Energy Isolation,MEDIUM,,,,,Unit A,Compressor,synthetic,stopped work,colleague intervened,replaced equipment,retrained staff,
545730b4-21a7-4482-a71f-cc3f17d483e8,[Oct 7] Report by W-4553: Small oil spill near Compressor at Refinery Sector 4. Cleaned up promptly.,Unsafe Condition,NO,Energy Isolation,MEDIUM,,,,,Refinery Sector 4,Compressor,synthetic,stopped work,colleague intervened,,retrained staff,True
b0f53c96-e872-49cf-962a-139499e11a15,[Oct 15] Report by W-9220: Worker used incorrect gloves for manual handling task. Supervisor corrected the action.,Unsafe Condition,NO,Confined Space,LOW,,,,,Refinery Sector 4,Valve,synthetic,stopped work,supervisor intervened,,retrained staff,False
48da4000-2999-49a1-a71e-951d4e89e5c4,<div><p>[Oct 19] Report by W-7872: Trip hazard due to loose cables near Pump. Cables were immediately organized.</p></div>,Unsafe Condition,NO,Electrical,MEDIUM,,,,,Offshore Platform 1,Pump,synthetic,,,cleaned up,updated procedures,True
78b3881b-057e-4fd8-8544-8bb4ca5453ae,,Near Miss,YES,Pressure,CRITICAL,,,,,Unit A,Pump,synthetic,reported to supervisor,,,,True
0a5ab2c2-e4f0-4cda-8420-630ae27722fa,[Oct 23] Report by W-8974: Worker used incorrect gloves for manual handling task. Supervisor corrected the action.,Unsafe Act,NO,Energy Isolation,MEDIUM,,,,,Unit B,Valve,synthetic,,,cleaned up,updated procedures,
57210d76-344d-4572-b53e-b4b7e592ebf9,[Oct 13] Report by W-8704: Worker used incorrect gloves for manual handling task. Supervisor corrected the action.,Unsafe Condition,NO,Energy Isolation,LOW,,,,,Unit A,Heat Exchanger,synthetic,stopped work,colleague intervened,,updated procedures,True
2a9abe48-640c-4e0a-9f48-bb210f559a77,[Oct 25] Report by W-2880: Worker observed not wearing safety glasses at Unit B.,Unsafe Condition,NO,Working at Height,LOW,,,,,Unit B,Heat Exchanger,synthetic,reported to supervisor,,replaced equipment,,False
64fd573d-5eed-43d7-b02c-1778e4b77507,[Oct 22] Report by W-8713: Worker observed not wearing safety glasses at Refinery Sector 4.,Unsafe Condition,NO,Pressure,MEDIUM,,,,,Refinery Sector 4,Compressor,synthetic,,colleague intervened,replaced equipment,retrained staff,
b4140fc2-e43c-4923-80bb-17bf42d355ae,[Oct 3] Report by W-8556: Worker used incorrect gloves for manual handling task. Supervisor corrected the action.,Unsafe Condition,NO,Energy Isolation,MEDIUM,,,,,Refinery Sector 4,Pump,synthetic,reported to supervisor,supervisor intervened,replaced equipment,retrained staff,
80ae7ffc-4199-49d3-b1b5-130a61284814,[Oct 1] Report by W-5872: Small oil spill near Heat Exchanger at Refinery Sector 4. Cleaned up promptly.,Unsafe Condition,NO,Slips/Trips,MEDIUM,,,,,Refinery Sector 4,Heat Exchanger,synthetic,,supervisor intervened,cleaned up,retrained staff,True
86e04616-8b94-4262-85c0-585a4be3793f,[Oct 25] Report by W-2609: Small oil spill near Pump at Unit A. Cleaned up promptly.,Unsafe Condition,NO,Electrical,LOW,,,,,Unit A,Pump,synthetic,stopped work,,cleaned up,updated procedures,
c2d96199-ee10-4e74-8f6a-d40a12c45f87,[Oct 19] Report by W-6969: Trip hazard due to loose cables near Compressor. Cables were immediately organized.,Unsafe Condition,NO,Slips/Trips,LOW,,,,,Refinery Sector 4,Compressor,synthetic,reported to supervisor,,,retrained staff,False
2cff002f-a8ad-4a37-ae56-b1a0a1de2542,[Oct 14] Report by W-4429: Worker used incorrect gloves for manual handling task. Supervisor corrected the action.,Unsafe Act,NO,Confined Space,LOW,,,,,Refinery Sector 4,Electrical Panel,synthetic,,colleague intervened,replaced equipment,retrained staff,True
b90e9e34-9bed-4292-aaeb-6b5704b67088,[Oct 15] Report by W-4345: Worker used incorrect gloves for manual handling task. Supervisor corrected the action.,Unsafe Act,NO,Slips/Trips,LOW,,,,,Unit B,Pump,synthetic,reported to supervisor,colleague intervened,,,True
ac0038d0-798b-4665-83ca-9f1dd3c6bafc,[Oct 7] Report by W-3682: Trip hazard due to loose cables near Heat Exchanger. Cables were immediately organized.,Unsafe Condition,NO,Working at Height,LOW,,,,,Offshore Platform 1,Heat Exchanger,synthetic,stopped work,,cleaned up,retrained staff,True
8fc4f06e-9b99-4aee-b908-1dcebca0bae2,<div><p>[Oct 28] Report by W-2458: Trip hazard due to loose cables near Compressor. Cables were immediately organized.</p></div>,Unsafe Act,NO,Working at Height,LOW,,,,,Unit A,Compressor,synthetic,,,cleaned up,,
b8f8508d-5910-404f-a380-e9795b73e8a2,[Oct 26] Report by W-9965: Worker used incorrect gloves for manual handling task. Supervisor corrected the action.,Unsafe Act,NO,Manual Handling,MEDIUM,,,,,Unit A,Electrical Panel,synthetic,,supervisor intervened,replaced equipment,,True
23a50e43-9ffa-49d3-88db-3c8ea472c349,[Oct 4] Report by W-4220: Small oil spill near Valve at Refinery Sector 4. Cleaned up promptly.,Unsafe Act,NO,Energy Isolation,MEDIUM,,,,,Refinery Sector 4,Valve,synthetic,stopped work,,replaced equipment,,True
546da93b-5907-449f-9443-442eb09f34b6,[Oct 5] Report by W-9046: Worker used incorrect gloves for manual handling task. Supervisor corrected the action.,Unsafe Act,NO,Manual Handling,LOW,,,,,Offshore Platform 1,Pump,synthetic,,colleague intervened,,retrained staff,True
f7f0c347-6500-4004-abd5-d00530255ae6,[Oct 12] Report by W-2941: Worker used incorrect gloves for manual handling task. Supervisor corrected the action.,Unsafe Act,NO,Working at Height,MEDIUM,,,,,Refinery Sector 4,Valve,synthetic,stopped work,,,,
fcf4328f-b835-4006-8a8c-b99b6485c9d5,,Unsafe Act,NO,Confined Space,MEDIUM,,,,,Unit B,Valve,synthetic,reported to supervisor,colleague intervened,,,False
19547114-76e5-4c61-9d22-40976d771bdb,[Oct 25] Report by W-4636: Small oil spill near Valve at Unit A. Cleaned up promptly.,Unsafe Act,NO,Working at Height,MEDIUM,,,,,Unit A,Valve,synthetic,,,cleaned up,,False
28db4e3b-0b25-41c8-9ee2-d096e5cd1d6c,[Oct 22] Report by W-8574: Small oil spill near Valve at Offshore Platform 1. Cleaned up promptly.,Unsafe Condition,NO,Slips/Trips,MEDIUM,,,,,Offshore Platform 1,Valve,synthetic,stopped work,,replaced equipment,,True
5b3a1806-05b9-4701-ad53-d0da5d160f44,[Oct 22] Report by W-3045: Worker used incorrect gloves for manual handling task. Supervisor corrected the action.,Unsafe Act,NO,Manual Handling,LOW,,,,,Unit B,Electrical Panel,synthetic,stopped work,supervisor intervened,cleaned up,,True
948427b1-4006-4488-8c11-2ab2deb23eaf,[Oct 19] Report by W-1073: Small oil spill near Heat Exchanger at Unit B. Cleaned up promptly.,Unsafe Act,NO,Confined Space,LOW,,,,,Unit B,Heat Exchanger,synthetic,,,replaced equipment,,True
0c5ba5af-faf1-41bc-bdfc-3f1da36c38b8,[Oct 2] Report by W-9229: Trip hazard due to loose cables near Heat Exchanger. Cables were immediately organized.,Unsafe Act,NO,Manual Handling,MEDIUM,,,,,Refinery Sector 4,Heat Exchanger,synthetic,,,cleaned up,,
c53c3dd4-0ea9-4b11-86b8-6678e5ac741d,[Oct 20] Report by W-9781: Worker used incorrect gloves for manual handling task. Supervisor corrected the action.,Unsafe Act,NO,Pressure,MEDIUM,,,,,Unit B,Electrical Panel,synthetic,stopped work,colleague intervened,replaced equipment,retrained staff,
4adc6d4e-8b43-48c8-b1f2-53448a625ab3,[Oct 2] Report by W-3277: Worker observed not wearing safety glasses at Refinery Sector 4.,Unsafe Act,NO,Pressure,MEDIUM,,,,,Refinery Sector 4,Heat Exchanger,synthetic,,supervisor intervened,cleaned up,updated procedures,True
999d4bde-a23f-448e-b726-19ac6d5a412b,[Oct 22] Report by W-6973: Small oil spill near Electrical Panel at Refinery Sector 4. Cleaned up promptly.,Unsafe Act,NO,Working at Height,LOW,,,,,Refinery Sector 4,Electrical Panel,synthetic,stopped work,colleague intervened,replaced equipment,,False
6d427cd2-3edd-48c8-adc4-6a9394a9d78a,[Oct 5] Report by W-8557: Worker used incorrect gloves for manual handling task. Supervisor corrected the action.,Unsafe Condition,NO,Pressure,MEDIUM,,,,,Offshore Platform 1,Compressor,synthetic,reported to supervisor,,cleaned up,retrained staff,False
a55da9cf-2c50-4280-befb-d9c55529b8cb,[Oct 16] Report by W-6088: Worker used incorrect gloves for manual handling task. Supervisor corrected the action.,Unsafe Act,NO,Confined Space,MEDIUM,,,,,Unit A,Electrical Panel,synthetic,reported to supervisor,,cleaned up,updated procedures,False
88b5907b-4010-4370-b663-6e794349cc0b,[Oct 6] Report by W-2387: Trip hazard due to loose cables near Valve. Cables were immediately organized.,Unsafe Condition,NO,Confined Space,LOW,,,,,Unit A,Valve,synthetic,,,cleaned up,,
0e5fcd74-4dd6-40b4-8690-719426505eb8,[Oct 1] Report by W-2081: Small oil spill near Compressor at Offshore Platform 1. Cleaned up promptly.,Unsafe Act,NO,Confined Space,LOW,,,,,Offshore Platform 1,Compressor,synthetic,reported to supervisor,,cleaned up,updated procedures,
9742ed4a-d689-418c-86f0-0b52ece09271,[Oct 10] Report by W-2562: Small oil spill near Pump at Offshore Platform 1. Cleaned up promptly.,Unsafe Act,NO,Pressure,MEDIUM,,,,,Offshore Platform 1,Pump,synthetic,,,,updated procedures,False
8072e9a5-d4cf-4ace-9162-ae0eb0e82bd1,,Unsafe Condition,NO,Electrical,MEDIUM,,,,,Refinery Sector 4,Electrical Panel,synthetic,stopped work,supervisor intervened,,,False
d2824b2f-eeec-4838-b380-507566812622,[Oct 8] Report by W-7881: Worker used incorrect gloves for manual handling task. Supervisor corrected the action.,Unsafe Condition,NO,Manual Handling,LOW,,,,,Unit A,Valve,synthetic,reported to supervisor,colleague intervened,cleaned up,updated procedures,False
fec97561-6fab-4f87-a6f0-935429238966,[Oct 10] Report by W-1678: Small oil spill near Heat Exchanger at Offshore Platform 1. Cleaned up promptly.,Unsafe Condition,NO,Pressure,MEDIUM,,,,,Offshore Platform 1,Heat Exchanger,synthetic,stopped work,supervisor intervened,cleaned up,,True
f66baa55-ec3e-4cca-8793-03227c69859a,[Oct 21] Report by W-6970: Trip hazard due to loose cables near Pump. Cables were immediately organized.,Unsafe Act,NO,Pressure,MEDIUM,,,,,Refinery Sector 4,Pump,synthetic,,supervisor intervened,replaced equipment,retrained staff,True
dcc39e01-06ab-49d1-978b-5ae994f048ba,[Oct 1] Report by W-4366: Worker observed not wearing safety glasses at Refinery Sector 4.,Unsafe Act,NO,Electrical,MEDIUM,,,,,Refinery Sector 4,Valve,synthetic,,supervisor intervened,,updated procedures,True
8fc627be-8ba7-412b-9c45-cb4a467845e5,[Oct 27] Report by W-8449: Small oil spill near Compressor at Unit A. Cleaned up promptly.,Unsafe Act,NO,Electrical,MEDIUM,,,,,Unit A,Compressor,synthetic,,colleague intervened,replaced equipment,retrained staff,
9c24ef52-e7ea-48ea-9065-025df2ea822d,[Oct 25] Report by W-8741: Worker used incorrect gloves for manual handling task. Supervisor corrected the action.,Unsafe Condition,NO,Electrical,MEDIUM,,,,,Offshore Platform 1,Valve,synthetic,reported to supervisor,colleague intervened,,retrained staff,
b043265b-eaa1-4c60-8401-5d286e2692c6,[Oct 12] Report by W-8880: Small oil spill near Heat Exchanger at Unit B. Cleaned up promptly.,Unsafe Act,NO,Energy Isolation,MEDIUM,,,,,Unit B,Heat Exchanger,synthetic,reported to supervisor,supervisor intervened,,updated procedures,
de188cbe-a97f-4166-81a1-f98f386e60d2,[Oct 10] Report by W-8922: Trip hazard due to loose cables near Valve. Cables were immediately organized.,Unsafe Condition,NO,Confined Space,LOW,,,,,Offshore Platform 1,Valve,synthetic,stopped work,supervisor intervened,replaced equipment,updated procedures,
7287f104-64d2-4381-ac3e-2dce556071c6,[Oct 23] Report by W-2905: Small oil spill near Pump at Unit A. Cleaned up promptly.,Unsafe Condition,NO,Confined Space,MEDIUM,,,,,Unit A,Pump,synthetic,stopped work,colleague intervened,,updated procedures,False
f451f724-c667-46e4-a348-71dcce40d09c,[Oct 23] Report by W-5399: Worker observed not wearing safety glasses at Unit B.,Unsafe Condition,NO,Slips/Trips,LOW,,,,,Unit B,Compressor,synthetic,stopped work,supervisor intervened,cleaned up,retrained staff,True
f0df58b6-43e2-4e5e-8a5b-33e4bff8c8c6,[Oct 23] Report by W-9922: Worker observed not wearing safety glasses at Unit A.,Unsafe Condition,NO,Working at Height,MEDIUM,,,,,Unit A,Compressor,synthetic,stopped work,,,,False
5a950d88-03da-4a65-8a30-d6eda89ec91f,[Oct 4] Report by W-2578: Trip hazard due to loose cables near Heat Exchanger. Cables were immediately organized.,Unsafe Act,NO,Energy Isolation,MEDIUM,,,,,Unit B,Heat Exchanger,synthetic,,,cleaned up,,True
aaccf7ab-07b7-4dec-abf1-6cbcc5314e7d,[Oct 24] Report by W-5919: Small oil spill near Heat Exchanger at Unit B. Cleaned up promptly.,Unsafe Act,NO,Working at Height,MEDIUM,,,,,Unit B,Heat Exchanger,synthetic,stopped work,colleague intervened,cleaned up,updated procedures,True
15e2d619-28cc-4cdb-b91b-412424dc53b0,[Oct 13] Report by W-1183: Worker observed not wearing safety glasses at Unit B.,Unsafe Act,NO,Manual Handling,MEDIUM,,,,,Unit B,Compressor,synthetic,stopped work,supervisor intervened,,,False
3f6cc867-0b36-46e7-9aeb-db99a7168841,[Oct 21] Report by W-4258: Trip hazard due to loose cables near Valve. Cables were immediately organized.,Unsafe Act,NO,Pressure,LOW,,,,,Unit B,Valve,synthetic,reported to supervisor,colleague intervened,,retrained staff,
6e69b244-18aa-4d8d-b24d-f5828990ce5e,[Oct 4] Report by W-6368: Small oil spill near Compressor at Offshore Platform 1. Cleaned up promptly.,Unsafe Act,NO,Pressure,MEDIUM,,,,,Offshore Platform 1,Compressor,synthetic,reported to supervisor,colleague intervened,cleaned up,,
11e1b043-d7ab-43ce-8bf2-26d59335bb33,[Oct 22] Report by W-9490: Small oil spill near Heat Exchanger at Offshore Platform 1. Cleaned up promptly.,Unsafe Act,NO,Pressure,LOW,,,,,Offshore Platform 1,Heat Exchanger,synthetic,reported to supervisor,,replaced equipment,retrained staff,True
4a366e83-3e33-48b5-bb74-6abc8dad4a9c,[Oct 18] Report by W-4685: Worker observed not wearing safety glasses at Unit A.,Unsafe Act,NO,Slips/Trips,LOW,,,,,Unit A,Valve,synthetic,reported to supervisor,supervisor intervened,replaced equipment,retrained staff,True
fad33dfc-76dc-406a-8438-85c78bad352e,[Oct 20] Report by W-7805: Small oil spill near Heat Exchanger at Unit B. Cleaned up promptly.,Unsafe Act,NO,Confined Space,LOW,,,,,Unit B,Heat Exchanger,synthetic,stopped work,,replaced equipment,retrained staff,
e093125c-4dd7-472d-81c4-9e5ec9af083e,[Oct 3] Report by W-6913: Worker observed not wearing safety glasses at Unit A.,Unsafe Act,NO,Slips/Trips,MEDIUM,,,,,Unit A,Heat Exchanger,synthetic,reported to supervisor,supervisor intervened,cleaned up,updated procedures,
407842e4-81b0-4246-aade-b1cd5f74d0bc,[Oct 27] Report by W-2226: Worker used incorrect gloves for manual handling task. Supervisor corrected the action.,Unsafe Act,NO,Pressure,MEDIUM,,,,,Unit A,Compressor,synthetic,,colleague intervened,cleaned up,retrained staff,True
6e916ee9-da3b-477b-ab68-1eeb427c7df4,[Oct 25] Report by W-8479: Worker observed not wearing safety glasses at Offshore Platform 1.,Unsafe Act,NO,Slips/Trips,LOW,,,,,Offshore Platform 1,Pump,synthetic,stopped work,colleague intervened,replaced equipment,updated procedures,False
962d8afe-5c02-4594-9da2-ac97719f034e,[Oct 22] Report by W-1809: Worker observed not wearing safety glasses at Refinery Sector 4.,Unsafe Act,NO,Energy Isolation,MEDIUM,,,,,Refinery Sector 4,Valve,synthetic,stopped work,supervisor intervened,,,
e0375376-c47d-4437-a4c6-2397e1455f34,[Oct 24] Report by W-7495: Worker observed not wearing safety glasses at Unit A.,Unsafe Condition,NO,Energy Isolation,MEDIUM,,,,,Unit A,Electrical Panel,synthetic,reported to supervisor,supervisor intervened,replaced equipment,retrained staff,True
64d09dfd-221a-4053-a55e-750072e812a6,[Oct 17] Report by W-2256: Worker observed not wearing safety glasses at Unit A.,Unsafe Condition,NO,Pressure,LOW,,,,,Unit A,Heat Exchanger,synthetic,stopped work,,cleaned up,retrained staff,False
291293b8-42e0-452b-b62f-d40d5ba3224a,[Oct 1] Report by W-4901: Small oil spill near Heat Exchanger at Unit A. Cleaned up promptly.,Unsafe Act,NO,Slips/Trips,LOW,,,,,Unit A,Heat Exchanger,synthetic,reported to supervisor,supervisor intervened,replaced equipment,updated procedures,
b4486101-8a2e-43e4-b268-ccab8173176e,[Oct 17] Report by W-8153: Small oil spill near Valve at Unit A. Cleaned up promptly.,Unsafe Act,NO,Working at Height,MEDIUM,,,,,Unit A,Valve,synthetic,,supervisor intervened,replaced equipment,updated procedures,
ab25ffba-e46d-4cc7-8c07-07efb90661b5,"[Oct 9] Report by W-1213: During maintenance of the Electrical Panel at Refinery Sector 4, the technician started work without isolating the equipment. The Electrical Panel was still energized.",Near Miss,YES,Energy Isolation,CRITICAL,,,,,Refinery Sector 4,Electrical Panel,synthetic,,supervisor intervened,replaced equipment,,True
880fcf76-5d37-4a29-9ea4-05315b4cb9b3,[Oct 26] Report by W-5523: Worker observed not wearing safety glasses at Refinery Sector 4.,Unsafe Act,NO,Manual Handling,LOW,,,,,Refinery Sector 4,Pump,synthetic,reported to supervisor,supervisor intervened,,updated procedures,True
c5d6f54d-c41f-4ad6-93f2-c04ed4bb59b9,[Oct 22] Report by W-7721: Trip hazard due to loose cables near Pump. Cables were immediately organized.,Unsafe Condition,NO,Manual Handling,LOW,,,,,Unit A,Pump,synthetic,stopped work,supervisor intervened,cleaned up,,True
8201a662-8b74-4abf-9465-2ef2c5d8000c,[Oct 16] Report by W-1679: Worker used incorrect gloves for manual handling task. Supervisor corrected the action.,Unsafe Act,NO,Pressure,MEDIUM,,,,,Offshore Platform 1,Pump,synthetic,stopped work,,cleaned up,,True
d1ddd0b7-5e3d-4a81-bed1-c0a0b79f5cfe,[Oct 3] Report by W-9765: Worker observed not wearing safety glasses at Unit B.,Unsafe Act,NO,Slips/Trips,MEDIUM,,,,,Unit B,Heat Exchanger,synthetic,reported to supervisor,colleague intervened,replaced equipment,retrained staff,True
1719d16e-9959-4d35-a1e2-42d8cb0511f9,[Oct 15] Report by W-1285: Worker observed not wearing safety glasses at Unit B.,Unsafe Act,NO,Electrical,MEDIUM,,,,,Unit B,Heat Exchanger,synthetic,reported to supervisor,supervisor intervened,cleaned up,updated procedures,False
814bce45-0760-4797-a7aa-82a67b6bc9fa,[Oct 22] Report by W-2874: Small oil spill near Pump at Unit B. Cleaned up promptly.,Unsafe Condition,NO,Electrical,LOW,,,,,Unit B,Pump,synthetic,stopped work,colleague intervened,replaced equipment,retrained staff,False
c2ee3aa4-59a8-428c-b184-135470ee06b7,[Oct 18] Report by W-9087: Worker observed not wearing safety glasses at Unit A.,Unsafe Condition,NO,Working at Height,LOW,,,,,Unit A,Compressor,synthetic,stopped work,supervisor intervened,replaced equipment,,True
ed422650-b53a-4a67-b3b0-4d01a0eef759,[Oct 20] Report by W-7533: Worker used incorrect gloves for manual handling task. Supervisor corrected the action.,Unsafe Act,NO,Slips/Trips,LOW,,,,,Offshore Platform 1,Compressor,synthetic,,,replaced equipment,updated procedures,
aae4a830-eae5-474a-8830-3c0c00a06759,[Oct 8] Report by W-6072: Trip hazard due to loose cables near Electrical Panel. Cables were immediately organized.,Unsafe Condition,NO,Confined Space,LOW,,,,,Unit B,Electrical Panel,synthetic,,colleague intervened,replaced equipment,,False
56872568-4f5f-4858-98a5-32055d1811b0,[Oct 7] Report by W-9899: Trip hazard due to loose cables near Electrical Panel. Cables were immediately organized.,Unsafe Condition,NO,Electrical,MEDIUM,,,,,Refinery Sector 4,Electrical Panel,synthetic,stopped work,,replaced equipment,retrained staff,True
ee397ec9-e2d2-44ff-b188-bae7cc6b8df5,[Oct 15] Report by W-5256: Worker observed not wearing safety glasses at Offshore Platform 1.,Unsafe Condition,NO,Working at Height,LOW,,,,,Offshore Platform 1,Electrical Panel,synthetic,,,cleaned up,,True
f855891a-3e10-4512-b565-c9661477cd3d,[Oct 13] Report by W-6060: Worker observed not wearing safety glasses at Refinery Sector 4.,Unsafe Condition,NO,Pressure,MEDIUM,,,,,Refinery Sector 4,Electrical Panel,synthetic,reported to supervisor,,cleaned up,updated procedures,
f54d8cd9-096c-48ef-afe1-82675fce4478,"[Oct 27] Report by W-2309: During maintenance of the Compressor at Unit B, the technician started work without isolating the equipment. The Compressor was still energized.",Unsafe Act,YES,Energy Isolation,HIGH,,,,,Unit B,Compressor,synthetic,reported to supervisor,supervisor intervened,replaced equipment,retrained staff,
35ba42f1-ffd5-40d3-b6ce-8fc980ee240f,[Oct 15] Report by W-4116: Worker observed not wearing safety glasses at Unit B.,Unsafe Act,NO,Electrical,MEDIUM,,,,,Unit B,Heat Exchanger,synthetic,reported to supervisor,colleague intervened,replaced equipment,retrained staff,True
733dc6b7-da37-4fb8-af67-0ca811425526,[Oct 15] Report by W-5422: Small oil spill near Compressor at Unit A. Cleaned up promptly.,Unsafe Condition,NO,Slips/Trips,MEDIUM,,,,,Unit A,Compressor,synthetic,reported to supervisor,colleague intervened,cleaned up,updated procedures,True
184d7f01-e0d9-4379-889b-d542fca8cbca,<div><p>[Oct 20] Report by W-4071: Trip hazard due to loose cables near Pump. Cables were immediately organized.</p></div>,Unsafe Act,NO,Pressure,LOW,,,,,Offshore Platform 1,Pump,synthetic,stopped work,supervisor intervened,replaced equipment,,False
bc6d1667-d6af-4524-acd4-f644152dbab1,[Oct 11] Report by W-4402: Small oil spill near Pump at Unit A. Cleaned up promptly.,Unsafe Condition,NO,Confined Space,LOW,,,,,Unit A,Pump,synthetic,,supervisor intervened,cleaned up,retrained staff,False
04f66096-c792-436f-ba76-7ed50750e1ba,[Oct 7] Report by W-9089: Small oil spill near Pump at Unit B. Cleaned up promptly.,Unsafe Condition,NO,Pressure,LOW,,,,,Unit B,Pump,synthetic,stopped work,,cleaned up,updated procedures,
5735a535-8622-4066-b2f5-6965907c2c4e,[Oct 18] Report by W-4988: Worker observed not wearing safety glasses at Refinery Sector 4.,Unsafe Condition,NO,Pressure,MEDIUM,,,,,Refinery Sector 4,Electrical Panel,synthetic,stopped work,,,updated procedures,False
b95c0485-9bf7-4182-b725-6bbfd31c0eba,[Oct 8] Report by W-6119: Small oil spill near Heat Exchanger at Refinery Sector 4. Cleaned up promptly.,Unsafe Act,NO,Manual Handling,LOW,,,,,Refinery Sector 4,Heat Exchanger,synthetic,,colleague intervened,cleaned up,,
9f19de4e-3b21-4572-8913-cdf939ae9c6c,[Oct 13] Report by W-6177: Small oil spill near Pump at Unit B. Cleaned up promptly.,Unsafe Act,NO,Pressure,LOW,,,,,Unit B,Pump,synthetic,stopped work,,,,True
ef235ed8-9b08-4ab8-b425-608022c18c5f,[Oct 14] Report by W-2356: Trip hazard due to loose cables near Pump. Cables were immediately organized.,Unsafe Condition,NO,Pressure,LOW,,,,,Offshore Platform 1,Pump,synthetic,stopped work,supervisor intervened,replaced equipment,retrained staff,True
2639fbd5-75e0-4018-9a79-f9727cf71588,[Oct 19] Report by W-3080: Small oil spill near Valve at Unit A. Cleaned up promptly.,Unsafe Act,NO,Manual Handling,LOW,,,,,Unit A,Valve,synthetic,stopped work,,replaced equipment,retrained staff,True
adb7288a-4771-49ca-97af-1afe475b1390,[Oct 2] Report by W-7617: Worker observed not wearing safety glasses at Refinery Sector 4.,Unsafe Act,NO,Manual Handling,LOW,,,,,Refinery Sector 4,Electrical Panel,synthetic,stopped work,supervisor intervened,replaced equipment,,
bd13764c-5010-467a-8745-d5838fab3ab5,[Oct 26] Report by W-9734: Worker observed not wearing safety glasses at Offshore Platform 1.,Unsafe Condition,NO,Pressure,MEDIUM,,,,,Offshore Platform 1,Valve,synthetic,,,replaced equipment,updated procedures,False
d2157108-a5c4-46be-aa74-5bc4557b53e2,[Oct 25] Report by W-7834: Worker observed not wearing safety glasses at Offshore Platform 1.,Unsafe Condition,NO,Working at Height,LOW,,,,,Offshore Platform 1,Heat Exchanger,synthetic,,,,retrained staff,
ef402a96-6f2f-4526-bae2-1a0ed45481e5,[Oct 24] Report by W-3176: Worker used incorrect gloves for manual handling task. Supervisor corrected the action.,Unsafe Act,NO,Working at Height,MEDIUM,,,,,Unit A,Valve,synthetic,reported to supervisor,colleague intervened,,,True
1b982764-7e70-4418-9f36-e5c136b270fb,<div><p>[Oct 22] Report by W-8952: Worker used incorrect gloves for manual handling task. Supervisor corrected the action.</p></div>,Unsafe Act,NO,Electrical,LOW,,,,,Unit A,Pump,synthetic,stopped work,supervisor intervened,replaced equipment,,
09f22fa9-f420-43cf-be3e-1d8615c86178,[Oct 24] Report by W-9266: Worker observed not wearing safety glasses at Refinery Sector 4.,Unsafe Condition,NO,Working at Height,MEDIUM,,,,,Refinery Sector 4,Pump,synthetic,,supervisor intervened,,retrained staff,
4c2f822d-8289-4009-bd7f-956f63e457f6,[Oct 19] Report by W-6077: Small oil spill near Heat Exchanger at Refinery Sector 4. Cleaned up promptly.,Unsafe Act,NO,Pressure,LOW,,,,,Refinery Sector 4,Heat Exchanger,synthetic,,,replaced equipment,,False
cfd57d57-788f-452a-a1eb-b612418837f7,[Oct 18] Report by W-5979: Small oil spill near Valve at Unit B. Cleaned up promptly.,Unsafe Condition,NO,Working at Height,LOW,,,,,Unit B,Valve,synthetic,,supervisor intervened,cleaned up,updated procedures,True
0a6195fe-2a3b-4a03-84e6-700b2bfa49e8,<div><p>[Oct 18] Report by W-4012: Trip hazard due to loose cables near Heat Exchanger. Cables were immediately organized.</p></div>,Unsafe Condition,NO,Confined Space,LOW,,,,,Unit A,Heat Exchanger,synthetic,reported to supervisor,colleague intervened,,retrained staff,False
0826ab88-cf98-456a-a8a9-53e4567f4b3b,[Oct 22] Report by W-8789: Trip hazard due to loose cables near Compressor. Cables were immediately organized.,Unsafe Act,NO,Working at Height,LOW,,,,,Refinery Sector 4,Compressor,synthetic,reported to supervisor,colleague intervened,cleaned up,updated procedures,False
f4eb43af-e983-4efb-b268-51acbc4f67b3,[Oct 13] Report by W-1106: Worker used incorrect gloves for manual handling task. Supervisor corrected the action.,Unsafe Act,NO,Pressure,LOW,,,,,Unit B,Heat Exchanger,synthetic,stopped work,supervisor intervened,cleaned up,,
440d7c48-2bb8-4db0-975c-9a48fff764b3,[Oct 11] Report by W-7391: Worker observed not wearing safety glasses at Offshore Platform 1.,Unsafe Condition,NO,Working at Height,MEDIUM,,,,,Offshore Platform 1,Pump,synthetic,reported to supervisor,,replaced equipment,retrained staff,
f4877254-fa8d-4999-84de-f24d92435553,[Oct 12] Report by W-8189: Worker used incorrect gloves for manual handling task. Supervisor corrected the action.,Unsafe Act,NO,Confined Space,MEDIUM,,,,,Unit B,Compressor,synthetic,reported to supervisor,supervisor intervened,cleaned up,,
b5dce1c7-cf46-4154-a2b2-213e9d4aee0c,[Oct 18] Report by W-2033: Worker observed not wearing safety glasses at Refinery Sector 4.,Unsafe Condition,NO,Slips/Trips,MEDIUM,,,,,Refinery Sector 4,Compressor,synthetic,reported to supervisor,supervisor intervened,cleaned up,,False
44049c1a-a65b-4979-a382-1bdc3ca465d2,[Oct 14] Report by W-3044: Worker used incorrect gloves for manual handling task. Supervisor corrected the action.,Unsafe Act,NO,Confined Space,LOW,,,,,Unit B,Compressor,synthetic,stopped work,,replaced equipment,retrained staff,
bf1e7ca0-cb64-4aaf-a774-90d7e6cb96da,[Oct 16] Report by W-4749: Small oil spill near Heat Exchanger at Unit A. Cleaned up promptly.,Unsafe Condition,NO,Manual Handling,MEDIUM,,,,,Unit A,Heat Exchanger,synthetic,stopped work,colleague intervened,replaced equipment,retrained staff,False
182e014c-d2ec-4650-8212-f083e1ab4861,[Oct 8] Report by W-3076: Trip hazard due to loose cables near Heat Exchanger. Cables were immediately organized.,Unsafe Act,NO,Confined Space,LOW,,,,,Offshore Platform 1,Heat Exchanger,synthetic,stopped work,supervisor intervened,,updated procedures,False
c6cf5052-ccdb-4158-b097-6b11e5fe575c,[Oct 18] Report by W-2315: Worker observed not wearing safety glasses at Offshore Platform 1.,Unsafe Act,NO,Electrical,LOW,,,,,Offshore Platform 1,Pump,synthetic,,,,updated procedures,True
4470ef11-c9c7-48b5-b916-744966ac7461,[Oct 28] Report by W-9840: Worker used incorrect gloves for manual handling task. Supervisor corrected the action.,Unsafe Act,NO,Pressure,MEDIUM,,,,,Unit B,Heat Exchanger,synthetic,reported to supervisor,supervisor intervened,cleaned up,updated procedures,False
63424ae6-16fc-46a4-b496-2b59b8a8e014,[Oct 3] Report by W-9262: Worker used incorrect gloves for manual handling task. Supervisor corrected the action.,Unsafe Act,NO,Energy Isolation,LOW,,,,,Unit B,Valve,synthetic,stopped work,supervisor intervened,cleaned up,retrained staff,True
d54888f6-26a1-42f3-8ece-dc0f36642aca,[Oct 25] Report by W-6733: Trip hazard due to loose cables near Compressor. Cables were immediately organized.,Unsafe Condition,NO,Pressure,LOW,,,,,Refinery Sector 4,Compressor,synthetic,reported to supervisor,colleague intervened,,,True
4c97d632-dcd0-459a-9418-bcbe57990e1c,[Oct 19] Report by W-8573: Trip hazard due to loose cables near Heat Exchanger. Cables were immediately organized.,Unsafe Act,NO,Energy Isolation,MEDIUM,,,,,Unit B,Heat Exchanger,synthetic,stopped work,colleague intervened,cleaned up,,
ab998bb7-64d1-49be-a345-092212dfba42,,Unsafe Condition,NO,Manual Handling,MEDIUM,,,,,Unit B,Electrical Panel,synthetic,stopped work,,replaced equipment,,True
0363e630-5d2a-40b7-b041-75e5150a0407,[Oct 11] Report by W-7484: Small oil spill near Pump at Offshore Platform 1. Cleaned up promptly.,Unsafe Condition,NO,Electrical,LOW,,,,,Offshore Platform 1,Pump,synthetic,reported to supervisor,supervisor intervened,cleaned up,,True
76e48bd6-e1c0-4862-b3fd-8e917a0a1975,[Oct 14] Report by W-9077: Worker observed not wearing safety glasses at Unit B.,Unsafe Condition,NO,Pressure,LOW,,,,,Unit B,Compressor,synthetic,reported to supervisor,supervisor intervened,cleaned up,retrained staff,False
7ee814bd-9676-4e1b-9aa2-38aaf7ffa6de,[Oct 25] Report by W-3908: Line opened with residual pressure on the Heat Exchanger. High-energy release narrowly missed the operator.,Near Miss,YES,Energy Isolation,HIGH,,,,,Offshore Platform 1,Heat Exchanger,synthetic,,colleague intervened,replaced equipment,updated procedures,True
7f9816ff-f6eb-43cc-bb21-aaeaf5788da3,[Oct 16] Report by W-2474: Small oil spill near Valve at Unit A. Cleaned up promptly.,Unsafe Condition,NO,Slips/Trips,MEDIUM,,,,,Unit A,Valve,synthetic,reported to supervisor,colleague intervened,,updated procedures,
e53a04d5-f88e-4c73-be68-dc1c68d23e44,[Oct 14] Report by W-5814: Trip hazard due to loose cables near Valve. Cables were immediately organized.,Unsafe Condition,NO,Energy Isolation,MEDIUM,,,,,Unit A,Valve,synthetic,,supervisor intervened,,retrained staff,True
6ce04d81-46c1-4e4b-bee1-2f42e706669b,<div><p>[Oct 12] Report by W-8362: Trip hazard due to loose cables near Electrical Panel. Cables were immediately organized.</p></div>,Unsafe Condition,NO,Manual Handling,LOW,,,,,Offshore Platform 1,Electrical Panel,synthetic,reported to supervisor,supervisor intervened,replaced equipment,retrained staff,True
f598f489-6723-45c2-85a8-0626da0af11f,[Oct 16] Report by W-4874: Worker used incorrect gloves for manual handling task. Supervisor corrected the action.,Unsafe Act,NO,Working at Height,LOW,,,,,Refinery Sector 4,Compressor,synthetic,,colleague intervened,replaced equipment,,True
06787fdb-9a11-44ba-9e49-c7ef61da5b4e,[Oct 25] Report by W-7533: Line opened with residual pressure on the Heat Exchanger. High-energy release narrowly missed the operator.,Unsafe Act,YES,Working at Height,HIGH,,,,,Refinery Sector 4,Heat Exchanger,synthetic,,colleague intervened,cleaned up,retrained staff,False
e00afc8a-8912-474a-b89f-bbfda83bffc3,[Oct 13] Report by W-1475: Small oil spill near Electrical Panel at Unit A. Cleaned up promptly.,Unsafe Condition,NO,Manual Handling,MEDIUM,,,,,Unit A,Electrical Panel,synthetic,stopped work,supervisor intervened,,updated procedures,True
7eda88ca-844b-4681-a761-6d82256dca39,,Unsafe Act,NO,Manual Handling,LOW,,,,,Unit B,Compressor,synthetic,stopped work,supervisor intervened,replaced equipment,retrained staff,True
30457c0b-c2f9-4345-8566-b61689360e83,[Oct 6] Report by W-6463: Trip hazard due to loose cables near Electrical Panel. Cables were immediately organized.,Unsafe Condition,NO,Working at Height,MEDIUM,,,,,Offshore Platform 1,Electrical Panel,synthetic,,colleague intervened,replaced equipment,updated procedures,
3c5e898f-aab8-4aea-92f1-328c25c274c1,[Oct 22] Report by W-3570: Small oil spill near Valve at Unit A. Cleaned up promptly.,Unsafe Act,NO,Electrical,MEDIUM,,,,,Unit A,Valve,synthetic,,supervisor intervened,replaced equipment,retrained staff,False
84068a45-caaa-4f08-9c84-6d718a477b14,"[Oct 12] Report by W-2916: While working at Unit B, worker was at height without fall protection. Serious risk of fatal fall.",Near Miss,YES,Pressure,CRITICAL,,,,,Unit B,Pump,synthetic,,colleague intervened,cleaned up,,False
2c804d94-71cc-40d3-be72-94d623cebaa0,[Oct 9] Report by W-9557: Worker observed not wearing safety glasses at Offshore Platform 1.,Unsafe Condition,NO,Confined Space,MEDIUM,,,,,Offshore Platform 1,Valve,synthetic,,,cleaned up,,False
83727cde-cfbb-439c-8755-bff981b86aa4,[Oct 9] Report by W-9557: Worker observed not wearing safety glasses at Offshore Platform 1.,Unsafe Condition,NO,Confined Space,MEDIUM,,,,,Offshore Platform 1,Valve,synthetic,,,cleaned up,,False
ac45a0ad-c20e-4a7c-95aa-3d7ae3ef18c6,[Oct 27] Report by W-1486: Worker used incorrect gloves for manual handling task. Supervisor corrected the action.,Unsafe Condition,NO,Pressure,MEDIUM,,,,,Refinery Sector 4,Pump,synthetic,reported to supervisor,,replaced equipment,updated procedures,True
34e1d279-57ff-4c14-8f5e-7fb2ebe86475,"[Oct 21] Report by W-6095: While working at Unit A, worker was at height without fall protection. Serious risk of fatal fall.",Near Miss,YES,Pressure,HIGH,,,,,Unit A,Heat Exchanger,synthetic,,colleague intervened,cleaned up,retrained staff,False
f2a0811e-1a10-41e2-8bcc-28525307732c,[Oct 6] Report by W-9930: Small oil spill near Heat Exchanger at Offshore Platform 1. Cleaned up promptly.,Unsafe Act,NO,Manual Handling,LOW,,,,,Offshore Platform 1,Heat Exchanger,synthetic,reported to supervisor,colleague intervened,,,False
e6a195e4-b7a4-4992-a686-a80b5e4fa797,[Oct 19] Report by W-5067: Trip hazard due to loose cables near Compressor. Cables were immediately organized.,Unsafe Act,NO,Pressure,MEDIUM,,,,,Unit A,Compressor,synthetic,,,,updated procedures,
da490bc5-3f3d-4e12-b269-68808a48958e,[Oct 24] Report by W-8985: Trip hazard due to loose cables near Valve. Cables were immediately organized.,Unsafe Condition,NO,Electrical,LOW,,,,,Unit A,Valve,synthetic,stopped work,supervisor intervened,replaced equipment,retrained staff,
c375f519-efdf-44d0-9757-7fb9c08f3298,[Oct 3] Report by W-7653: Trip hazard due to loose cables near Electrical Panel. Cables were immediately organized.,Unsafe Condition,NO,Working at Height,LOW,,,,,Refinery Sector 4,Electrical Panel,synthetic,,,,retrained staff,True
104d18e1-316a-41a0-8018-7cc793c33739,[Oct 5] Report by W-5492: Worker observed not wearing safety glasses at Offshore Platform 1.,Unsafe Condition,NO,Energy Isolation,LOW,,,,,Offshore Platform 1,Compressor,synthetic,reported to supervisor,,cleaned up,updated procedures,True
841709ca-45a0-4e5a-b5ff-f029e4ecf527,[Oct 1] Report by W-7839: Small oil spill near Valve at Unit A. Cleaned up promptly.,Unsafe Condition,NO,Working at Height,LOW,,,,,Unit A,Valve,synthetic,,colleague intervened,replaced equipment,updated procedures,False
229551be-6626-4a58-9af2-664f8964a054,,Unsafe Act,NO,Confined Space,LOW,,,,,Unit A,Heat Exchanger,synthetic,reported to supervisor,supervisor intervened,cleaned up,updated procedures,True
8cc15a62-2d3d-4a88-a7e4-40251888b36b,[Oct 24] Report by W-9903: Worker used incorrect gloves for manual handling task. Supervisor corrected the action.,Unsafe Condition,NO,Slips/Trips,LOW,,,,,Unit A,Valve,synthetic,stopped work,supervisor intervened,cleaned up,,False
9653f5ac-0b8f-4cc0-975f-f55711297a28,[Oct 12] Report by W-6625: Small oil spill near Electrical Panel at Unit B. Cleaned up promptly.,Unsafe Act,NO,Electrical,MEDIUM,,,,,Unit B,Electrical Panel,synthetic,stopped work,colleague intervened,,retrained staff,
123f886c-c686-43f4-95eb-e95fd283b0c1,[Oct 27] Report by W-1885: Worker entered the confined space at Unit A without conducting a gas test. No standby person was present.,Near Miss,YES,Energy Isolation,CRITICAL,,,,,Unit A,Heat Exchanger,synthetic,stopped work,colleague intervened,replaced equipment,,
b6f17116-7a2f-40d1-a881-395ab3c62ef9,[Oct 2] Report by W-7398: Small oil spill near Pump at Offshore Platform 1. Cleaned up promptly.,Unsafe Condition,NO,Manual Handling,MEDIUM,,,,,Offshore Platform 1,Pump,synthetic,,supervisor intervened,cleaned up,updated procedures,False
d8e70041-051d-447d-83b3-434dab19a884,[Oct 2] Report by W-7359: Worker used incorrect gloves for manual handling task. Supervisor corrected the action.,Unsafe Act,NO,Manual Handling,MEDIUM,,,,,Refinery Sector 4,Electrical Panel,synthetic,reported to supervisor,,replaced equipment,,True
a5e0baf3-11a7-489d-8050-e79baf44df34,[Oct 6] Report by W-1505: Trip hazard due to loose cables near Heat Exchanger. Cables were immediately organized.,Unsafe Act,NO,Slips/Trips,LOW,,,,,Offshore Platform 1,Heat Exchanger,synthetic,,,replaced equipment,retrained staff,
4915d42c-c1dc-4dc3-acb0-829b6b85692e,[Oct 20] Report by W-6048: Worker used incorrect gloves for manual handling task. Supervisor corrected the action.,Unsafe Act,NO,Manual Handling,LOW,,,,,Unit B,Valve,synthetic,,supervisor intervened,,retrained staff,True
f4537d63-11fe-4adb-ab87-db8eb43ad1c9,[Oct 20] Report by W-6048: Worker used incorrect gloves for manual handling task. Supervisor corrected the action.,Unsafe Act,NO,Manual Handling,LOW,,,,,Unit B,Valve,synthetic,,supervisor intervened,,retrained staff,True
e0b57dda-73a0-44d0-a86a-18c5029dd228,[Oct 18] Report by W-1626: Trip hazard due to loose cables near Compressor. Cables were immediately organized.,Unsafe Act,NO,Confined Space,LOW,,,,,Unit B,Compressor,synthetic,,colleague intervened,cleaned up,retrained staff,True
b70990f5-8648-44fd-a89e-4d08927c3ebc,[Oct 10] Report by W-3530: Worker observed not wearing safety glasses at Offshore Platform 1.,Unsafe Condition,NO,Slips/Trips,LOW,,,,,Offshore Platform 1,Compressor,synthetic,reported to supervisor,colleague intervened,cleaned up,,True
3534987a-7329-467f-8417-d0b868f33414,[Oct 21] Report by W-1306: Worker used incorrect gloves for manual handling task. Supervisor corrected the action.,Unsafe Condition,NO,Energy Isolation,MEDIUM,,,,,Offshore Platform 1,Compressor,synthetic,,colleague intervened,replaced equipment,updated procedures,False
fca630b0-46be-4060-89bc-02bfb4905b85,[Oct 1] Report by W-9546: Small oil spill near Heat Exchanger at Refinery Sector 4. Cleaned up promptly.,Unsafe Act,NO,Electrical,MEDIUM,,,,,Refinery Sector 4,Heat Exchanger,synthetic,,supervisor intervened,,retrained staff,
af452487-1705-4040-951a-926d609bce4c,[Oct 3] Report by W-2807: Worker used incorrect gloves for manual handling task. Supervisor corrected the action.,Unsafe Condition,NO,Electrical,MEDIUM,,,,,Unit B,Compressor,synthetic,stopped work,supervisor intervened,cleaned up,updated procedures,
da6bed8f-ff2a-4554-a7a6-8a9610685cd3,[Oct 3] Report by W-2807: Worker used incorrect gloves for manual handling task. Supervisor corrected the action.,Unsafe Condition,NO,Electrical,MEDIUM,,,,,Unit B,Compressor,synthetic,stopped work,supervisor intervened,cleaned up,updated procedures,
fecf42f4-ca67-4e6a-a984-94092dc81190,[Oct 17] Report by W-1901: Small oil spill near Heat Exchanger at Refinery Sector 4. Cleaned up promptly.,Unsafe Act,NO,Slips/Trips,LOW,,,,,Refinery Sector 4,Heat Exchanger,synthetic,,colleague intervened,,retrained staff,False
863a5d59-a36d-484e-975e-4c95561af6be,[Oct 18] Report by W-1493: Trip hazard due to loose cables near Electrical Panel. Cables were immediately organized.,Unsafe Condition,NO,Electrical,MEDIUM,,,,,Unit B,Electrical Panel,synthetic,,,cleaned up,updated procedures,False
b277e0bf-9b43-482f-9f66-86263cd8bbcf,[Oct 12] Report by W-6444: Small oil spill near Compressor at Refinery Sector 4. Cleaned up promptly.,Unsafe Condition,NO,Energy Isolation,LOW,,,,,Refinery Sector 4,Compressor,synthetic,,,,retrained staff,
54628995-b4fe-4b29-b778-41ccce307111,[Oct 26] Report by W-6345: Trip hazard due to loose cables near Valve. Cables were immediately organized.,Unsafe Condition,NO,Electrical,LOW,,,,,Unit B,Valve,synthetic,reported to supervisor,colleague intervened,replaced equipment,,
273d276f-f4d1-4df4-bc63-6a39ad36ae1a,"[Oct 18] Report by W-6306: While working at Refinery Sector 4, worker was at height without fall protection. Serious risk of fatal fall.",Near Miss,YES,Working at Height,HIGH,,,,,Refinery Sector 4,Compressor,synthetic,,colleague intervened,replaced equipment,updated procedures,True
8998f4ec-6b2d-43ea-9c9c-2f55adfede12,[Oct 22] Report by W-6394: Line opened with residual pressure on the Compressor. High-energy release narrowly missed the operator.,Near Miss,YES,Energy Isolation,HIGH,,,,,Unit B,Compressor,synthetic,,supervisor intervened,,updated procedures,
7cfce86a-42b4-4321-a59d-73c3bed19342,[Oct 10] Report by W-4810: Worker entered the confined space at Unit B without conducting a gas test. No standby person was present.,Unsafe Act,YES,Energy Isolation,HIGH,,,,,Unit B,Compressor,synthetic,,supervisor intervened,cleaned up,updated procedures,
529e3038-af15-4e2a-ae29-4adb8cb2662e,[Oct 13] Report by W-1458: Trip hazard due to loose cables near Heat Exchanger. Cables were immediately organized.,Unsafe Act,NO,Slips/Trips,LOW,,,,,Unit A,Heat Exchanger,synthetic,reported to supervisor,colleague intervened,cleaned up,retrained staff,True
fa83125d-dd54-4b42-9848-4d530e92fb9a,[Oct 2] Report by W-7827: Small oil spill near Electrical Panel at Unit A. Cleaned up promptly.,Unsafe Condition,NO,Working at Height,MEDIUM,,,,,Unit A,Electrical Panel,synthetic,,colleague intervened,cleaned up,retrained staff,False
6bc13fa8-b324-4389-b3c3-8c4f8ba4e40d,<div><p>[Oct 15] Report by W-5033: Trip hazard due to loose cables near Valve. Cables were immediately organized.</p></div>,Unsafe Condition,NO,Energy Isolation,LOW,,,,,Refinery Sector 4,Valve,synthetic,,colleague intervened,,updated procedures,False
1fedd804-30a1-48cf-b602-1ac0d04e7c2e,[Oct 4] Report by W-6405: Worker observed not wearing safety glasses at Offshore Platform 1.,Unsafe Condition,NO,Electrical,MEDIUM,,,,,Offshore Platform 1,Pump,synthetic,,colleague intervened,replaced equipment,,
2614c1b6-5f82-4f4b-afad-fc043ac27d4b,,Unsafe Condition,NO,Electrical,MEDIUM,,,,,Refinery Sector 4,Heat Exchanger,synthetic,reported to supervisor,colleague intervened,,retrained staff,False
691baa0a-5bab-4361-8c00-f43f420888d1,[Oct 5] Report by W-2713: Worker observed not wearing safety glasses at Refinery Sector 4.,Unsafe Condition,NO,Slips/Trips,MEDIUM,,,,,Refinery Sector 4,Compressor,synthetic,,supervisor intervened,cleaned up,,False
a24c81be-0b54-427c-8154-970ed404dae2,[Oct 4] Report by W-7115: Worker used incorrect gloves for manual handling task. Supervisor corrected the action.,Unsafe Act,NO,Working at Height,MEDIUM,,,,,Offshore Platform 1,Valve,synthetic,stopped work,supervisor intervened,replaced equipment,retrained staff,
276c1a7c-d43c-4d96-8afd-bf94ec8c8b35,[Oct 3] Report by W-2401: Worker observed not wearing safety glasses at Unit B.,Unsafe Condition,NO,Slips/Trips,LOW,,,,,Unit B,Electrical Panel,synthetic,reported to supervisor,colleague intervened,replaced equipment,,True
f532373e-9e3e-40fc-9a8c-4ebaede2431a,[Oct 4] Report by W-2537: Worker used incorrect gloves for manual handling task. Supervisor corrected the action.,Unsafe Act,NO,Energy Isolation,LOW,,,,,Offshore Platform 1,Compressor,synthetic,reported to supervisor,,,,False
9a222169-f74b-4788-bd43-089dec07a215,[Oct 18] Report by W-4961: Small oil spill near Heat Exchanger at Offshore Platform 1. Cleaned up promptly.,Unsafe Condition,NO,Energy Isolation,MEDIUM,,,,,Offshore Platform 1,Heat Exchanger,synthetic,stopped work,,,,
f2165979-11d4-4a74-87da-9569cbde72ee,[Oct 12] Report by W-6565: Worker used incorrect gloves for manual handling task. Supervisor corrected the action.,Unsafe Act,NO,Manual Handling,MEDIUM,,,,,Refinery Sector 4,Compressor,synthetic,reported to supervisor,colleague intervened,,updated procedures,
b770104e-d828-4310-b5a0-65356b485ca5,[Oct 7] Report by W-5058: Trip hazard due to loose cables near Valve. Cables were immediately organized.,Unsafe Condition,NO,Working at Height,LOW,,,,,Unit B,Valve,synthetic,,supervisor intervened,,retrained staff,
da043e83-7378-45f9-b6a8-76605bb1fbfd,[Oct 1] Report by W-4108: Small oil spill near Compressor at Refinery Sector 4. Cleaned up promptly.,Unsafe Act,NO,Slips/Trips,LOW,,,,,Refinery Sector 4,Compressor,synthetic,stopped work,supervisor intervened,cleaned up,,True
b3013eaa-f3b6-43cd-8521-54d569bbc3fd,[Oct 24] Report by W-9301: Small oil spill near Pump at Unit A. Cleaned up promptly.,Unsafe Act,NO,Pressure,MEDIUM,,,,,Unit A,Pump,synthetic,reported to supervisor,supervisor intervened,replaced equipment,updated procedures,False
38ad31eb-efc4-4275-b5df-2cc45490e5d8,[Oct 13] Report by W-9369: Worker used incorrect gloves for manual handling task. Supervisor corrected the action.,Unsafe Act,NO,Manual Handling,MEDIUM,,,,,Unit B,Valve,synthetic,reported to supervisor,,replaced equipment,,False
e22374d3-a08a-44ce-a8a0-b41886aed4dd,[Oct 28] Report by W-2777: Worker used incorrect gloves for manual handling task. Supervisor corrected the action.,Unsafe Condition,NO,Confined Space,MEDIUM,,,,,Refinery Sector 4,Electrical Panel,synthetic,reported to supervisor,colleague intervened,cleaned up,updated procedures,False
96241e7f-ca13-41b9-8c21-820f123060fa,[Oct 22] Report by W-2845: Worker observed not wearing safety glasses at Unit A.,Unsafe Act,NO,Energy Isolation,LOW,,,,,Unit A,Heat Exchanger,synthetic,reported to supervisor,,cleaned up,updated procedures,True
85023ab9-2858-414a-90da-244d95faa620,[Oct 3] Report by W-2932: Small oil spill near Electrical Panel at Unit B. Cleaned up promptly.,Unsafe Condition,NO,Confined Space,MEDIUM,,,,,Unit B,Electrical Panel,synthetic,,supervisor intervened,,updated procedures,True
cfe369da-dec1-4d64-af2c-097f697c8f17,[Oct 7] Report by W-6881: Worker used incorrect gloves for manual handling task. Supervisor corrected the action.,Unsafe Act,NO,Pressure,MEDIUM,,,,,Refinery Sector 4,Heat Exchanger,synthetic,reported to supervisor,supervisor intervened,,retrained staff,
15286ec4-0422-4297-b9cf-e54493e3d2c3,[Oct 25] Report by W-5097: Trip hazard due to loose cables near Compressor. Cables were immediately organized.,Unsafe Act,NO,Manual Handling,LOW,,,,,Refinery Sector 4,Compressor,synthetic,reported to supervisor,colleague intervened,,updated procedures,False
cfbb4516-7060-4c98-973a-340b8de181a2,[Oct 27] Report by W-1877: Small oil spill near Electrical Panel at Offshore Platform 1. Cleaned up promptly.,Unsafe Condition,NO,Working at Height,MEDIUM,,,,,Offshore Platform 1,Electrical Panel,synthetic,reported to supervisor,,,updated procedures,False
c95e635a-d0dd-4a5c-a716-9b1a3b429cbf,[Oct 23] Report by W-3737: Worker entered the confined space at Unit A without conducting a gas test. No standby person was present.,Unsafe Act,YES,Pressure,HIGH,,,,,Unit A,Compressor,synthetic,stopped work,supervisor intervened,cleaned up,,True
add4a6f9-dad9-4a4d-837a-35ef65c4fffa,[Oct 14] Report by W-8053: Worker observed not wearing safety glasses at Refinery Sector 4.,Unsafe Condition,NO,Working at Height,LOW,,,,,Refinery Sector 4,Electrical Panel,synthetic,reported to supervisor,colleague intervened,,,
261bb444-02d4-49a0-876b-055786e0196b,[Oct 22] Report by W-7526: Worker observed not wearing safety glasses at Refinery Sector 4.,Unsafe Condition,NO,Working at Height,MEDIUM,,,,,Refinery Sector 4,Valve,synthetic,,supervisor intervened,,updated procedures,True
b316ae76-3d8d-4ef4-b63a-2148802f0905,"[Oct 22] Report by W-8071: While working at Offshore Platform 1, worker was at height without fall protection. Serious risk of fatal fall.",Near Miss,YES,Energy Isolation,CRITICAL,,,,,Offshore Platform 1,Heat Exchanger,synthetic,stopped work,,,retrained staff,False
ebfef141-ab75-4d61-9296-2cc68056c5ca,[Oct 26] Report by W-7874: Worker used incorrect gloves for manual handling task. Supervisor corrected the action.,Unsafe Act,NO,Energy Isolation,MEDIUM,,,,,Refinery Sector 4,Valve,synthetic,stopped work,colleague intervened,replaced equipment,,
4acdaacc-ece0-44cd-8d67-6556ad874b76,[Oct 14] Report by W-4160: Worker used incorrect gloves for manual handling task. Supervisor corrected the action.,Unsafe Condition,NO,Manual Handling,LOW,,,,,Offshore Platform 1,Pump,synthetic,stopped work,supervisor intervened,,updated procedures,True
3e7f6ac6-8bd0-4c79-a2cf-eed3d129a15d,[Oct 20] Report by W-6812: Trip hazard due to loose cables near Valve. Cables were immediately organized.,Unsafe Condition,NO,Working at Height,LOW,,,,,Unit B,Valve,synthetic,stopped work,colleague intervened,cleaned up,retrained staff,
9f1eda61-fab5-4871-9cc0-c429bf753536,[Oct 24] Report by W-1795: Trip hazard due to loose cables near Electrical Panel. Cables were immediately organized.,Unsafe Act,NO,Energy Isolation,LOW,,,,,Refinery Sector 4,Electrical Panel,synthetic,,,,,
c01c6fa2-f899-47fd-be53-c5dc28fc14ff,[Oct 22] Report by W-2905: Trip hazard due to loose cables near Valve. Cables were immediately organized.,Unsafe Act,NO,Energy Isolation,MEDIUM,,,,,Unit B,Valve,synthetic,,,,updated procedures,True
a9c90229-6ae0-46fc-95b8-a5afa3de92aa,[Oct 5] Report by W-6858: Trip hazard due to loose cables near Pump. Cables were immediately organized.,Unsafe Condition,NO,Pressure,LOW,,,,,Refinery Sector 4,Pump,synthetic,,,cleaned up,,
86dc1e41-6451-4b83-beb7-c598bd5b50c8,[Oct 22] Report by W-3400: Worker used incorrect gloves for manual handling task. Supervisor corrected the action.,Unsafe Condition,NO,Pressure,MEDIUM,,,,,Unit B,Electrical Panel,synthetic,stopped work,supervisor intervened,,retrained staff,True
d2dcc44e-cd46-44bd-af30-4cc9097975d2,[Oct 20] Report by W-2238: Worker entered the confined space at Refinery Sector 4 without conducting a gas test. No standby person was present.,Unsafe Act,YES,Energy Isolation,HIGH,,,,,Refinery Sector 4,Heat Exchanger,synthetic,stopped work,supervisor intervened,,updated procedures,False
88977daf-e1ac-4742-9c75-b4e507f63291,[Oct 14] Report by W-3166: Small oil spill near Valve at Refinery Sector 4. Cleaned up promptly.,Unsafe Act,NO,Confined Space,MEDIUM,,,,,Refinery Sector 4,Valve,synthetic,stopped work,supervisor intervened,replaced equipment,,
f2468fad-be7b-4567-9cdb-dfe182dd5ad5,[Oct 11] Report by W-8803: Small oil spill near Heat Exchanger at Offshore Platform 1. Cleaned up promptly.,Unsafe Condition,NO,Pressure,MEDIUM,,,,,Offshore Platform 1,Heat Exchanger,synthetic,reported to supervisor,supervisor intervened,cleaned up,retrained staff,
c09b810f-f93e-454d-a801-3ef5c947a65b,[Oct 6] Report by W-7912: Trip hazard due to loose cables near Compressor. Cables were immediately organized.,Unsafe Act,NO,Slips/Trips,MEDIUM,,,,,Refinery Sector 4,Compressor,synthetic,stopped work,colleague intervened,cleaned up,retrained staff,True
66c2cad4-be5d-4447-a165-34c49c05a110,[Oct 27] Report by W-3618: Trip hazard due to loose cables near Heat Exchanger. Cables were immediately organized.,Unsafe Act,NO,Slips/Trips,LOW,,,,,Unit B,Heat Exchanger,synthetic,,,,,False
e9202755-c3ad-4414-9bdd-ff92db3982e6,[Oct 11] Report by W-6709: Small oil spill near Pump at Offshore Platform 1. Cleaned up promptly.,Unsafe Act,NO,Manual Handling,LOW,,,,,Offshore Platform 1,Pump,synthetic,reported to supervisor,supervisor intervened,replaced equipment,retrained staff,True
c3dd7ea7-a2d7-4ef3-9812-fff08baeebf6,[Oct 19] Report by W-8437: Small oil spill near Electrical Panel at Unit B. Cleaned up promptly.,Unsafe Act,NO,Slips/Trips,LOW,,,,,Unit B,Electrical Panel,synthetic,,supervisor intervened,replaced equipment,updated procedures,False
c7ad36a7-7fc4-41d6-ad8d-1ee838f4271a,[Oct 12] Report by W-9037: Small oil spill near Electrical Panel at Unit A. Cleaned up promptly.,Unsafe Act,NO,Electrical,LOW,,,,,Unit A,Electrical Panel,synthetic,stopped work,colleague intervened,cleaned up,,
c96ed7b2-f2e3-4547-81ca-47f54034c8cf,"[Oct 16] Report by W-3305: During maintenance of the Pump at Refinery Sector 4, the technician started work without isolating the equipment. The Pump was still energized.",Near Miss,YES,Working at Height,CRITICAL,,,,,Refinery Sector 4,Pump,synthetic,,,,,
06eb6219-a523-4249-803b-36c48aab8406,[Oct 18] Report by W-5112: Small oil spill near Pump at Refinery Sector 4. Cleaned up promptly.,Unsafe Condition,NO,Pressure,LOW,,,,,Refinery Sector 4,Pump,synthetic,reported to supervisor,,replaced equipment,updated procedures,
f0979987-80da-4890-a20f-a4b1951e2532,[Oct 20] Report by W-9193: Small oil spill near Valve at Unit B. Cleaned up promptly.,Unsafe Act,NO,Energy Isolation,LOW,,,,,Unit B,Valve,synthetic,,colleague intervened,cleaned up,updated procedures,
042264c6-9b9c-4fe5-9ded-3d87365db305,[Oct 3] Report by W-7321: Small oil spill near Electrical Panel at Unit B. Cleaned up promptly.,Unsafe Act,NO,Manual Handling,LOW,,,,,Unit B,Electrical Panel,synthetic,stopped work,colleague intervened,cleaned up,updated procedures,False
f921b9a3-5cad-4b35-bebd-a42f813dc0ac,,Unsafe Act,NO,Energy Isolation,LOW,,,,,Unit B,Compressor,synthetic,stopped work,supervisor intervened,cleaned up,,
62e10161-2b3a-4d30-adfa-93a35336090c,[Oct 3] Report by W-1230: Worker used incorrect gloves for manual handling task. Supervisor corrected the action.,Unsafe Condition,NO,Manual Handling,LOW,,,,,Unit B,Electrical Panel,synthetic,,colleague intervened,,updated procedures,False
0c7ba3ca-12c1-42b5-8518-259c2eaf5b88,[Oct 25] Report by W-3585: Small oil spill near Electrical Panel at Refinery Sector 4. Cleaned up promptly.,Unsafe Condition,NO,Working at Height,LOW,,,,,Refinery Sector 4,Electrical Panel,synthetic,stopped work,supervisor intervened,,updated procedures,
dc38ca27-0665-4410-bd98-7e5b93cca208,"[Oct 13] Report by W-7179: During maintenance of the Heat Exchanger at Unit A, the technician started work without isolating the equipment. The Heat Exchanger was still energized.",Unsafe Act,YES,Pressure,HIGH,,,,,Unit A,Heat Exchanger,synthetic,stopped work,,,retrained staff,
88af673f-b77d-472f-9f28-e642d074d722,[Oct 25] Report by W-5982: Worker observed not wearing safety glasses at Refinery Sector 4.,Unsafe Condition,NO,Slips/Trips,LOW,,,,,Refinery Sector 4,Pump,synthetic,stopped work,colleague intervened,cleaned up,,
3df99736-f2eb-46f1-8e6f-f7a131a2483c,[Oct 4] Report by W-9663: Worker observed not wearing safety glasses at Offshore Platform 1.,Unsafe Act,NO,Energy Isolation,LOW,,,,,Offshore Platform 1,Compressor,synthetic,,supervisor intervened,,retrained staff,False
53085b79-65b7-48ba-bde8-3df4551cd728,[Oct 11] Report by W-9812: Trip hazard due to loose cables near Electrical Panel. Cables were immediately organized.,Unsafe Condition,NO,Pressure,MEDIUM,,,,,Offshore Platform 1,Electrical Panel,synthetic,,supervisor intervened,,updated procedures,
89985636-4180-4c88-8892-3257161ff9b9,[Oct 4] Report by W-8578: Worker observed not wearing safety glasses at Unit B.,Unsafe Act,NO,Pressure,MEDIUM,,,,,Unit B,Heat Exchanger,synthetic,stopped work,,cleaned up,updated procedures,False
92c52ef7-00a0-432f-813a-cc8304d92fda,[Oct 8] Report by W-4119: Small oil spill near Electrical Panel at Offshore Platform 1. Cleaned up promptly.,Unsafe Act,NO,Working at Height,LOW,,,,,Offshore Platform 1,Electrical Panel,synthetic,stopped work,supervisor intervened,cleaned up,updated procedures,True
12939fea-bffa-42bf-89c2-be82cd445c21,[Oct 14] Report by W-7759: Small oil spill near Pump at Refinery Sector 4. Cleaned up promptly.,Unsafe Act,NO,Electrical,LOW,,,,,Refinery Sector 4,Pump,synthetic,stopped work,supervisor intervened,cleaned up,updated procedures,True
e1ea0ceb-b92c-49ee-9e88-69d1f91a743c,[Oct 27] Report by W-6792: Small oil spill near Electrical Panel at Offshore Platform 1. Cleaned up promptly.,Unsafe Condition,NO,Working at Height,MEDIUM,,,,,Offshore Platform 1,Electrical Panel,synthetic,,supervisor intervened,cleaned up,updated procedures,
fc68527b-1c63-488c-84c2-bf78aa1f1a4a,[Oct 2] Report by W-9485: Trip hazard due to loose cables near Heat Exchanger. Cables were immediately organized.,Unsafe Act,NO,Manual Handling,MEDIUM,,,,,Offshore Platform 1,Heat Exchanger,synthetic,reported to supervisor,colleague intervened,replaced equipment,,False
53ece1a1-3c68-4aab-9d7f-8862c3363b51,[Oct 1] Report by W-9345: Worker observed not wearing safety glasses at Unit A.,Unsafe Condition,NO,Pressure,MEDIUM,,,,,Unit A,Heat Exchanger,synthetic,,colleague intervened,,updated procedures,
abc563aa-022c-41dd-9824-7f3379f0ac94,[Oct 1] Report by W-9345: Worker observed not wearing safety glasses at Unit A.,Unsafe Condition,NO,Pressure,MEDIUM,,,,,Unit A,Heat Exchanger,synthetic,,colleague intervened,,updated procedures,
ccbe5cda-805d-4e80-b4a8-f775c627e3cc,[Oct 8] Report by W-4992: Small oil spill near Compressor at Unit A. Cleaned up promptly.,Unsafe Condition,NO,Slips/Trips,MEDIUM,,,,,Unit A,Compressor,synthetic,,colleague intervened,replaced equipment,updated procedures,False
bbadedb9-f302-447e-8c38-355173d2a7e3,[Oct 22] Report by W-5420: Worker used incorrect gloves for manual handling task. Supervisor corrected the action.,Unsafe Condition,NO,Electrical,MEDIUM,,,,,Refinery Sector 4,Compressor,synthetic,,,replaced equipment,retrained staff,False
4fd4b2ad-a3c8-48dc-98a1-4565ffada3b2,[Oct 11] Report by W-5673: Trip hazard due to loose cables near Pump. Cables were immediately organized.,Unsafe Act,NO,Pressure,MEDIUM,,,,,Offshore Platform 1,Pump,synthetic,stopped work,colleague intervened,,updated procedures,True
683b02e2-0ad2-4e3d-af12-ca48d4233bc7,[Oct 24] Report by W-5540: Trip hazard due to loose cables near Pump. Cables were immediately organized.,Unsafe Act,NO,Working at Height,MEDIUM,,,,,Refinery Sector 4,Pump,synthetic,stopped work,colleague intervened,,,
0def3d9c-3df2-4bde-bea9-de219d56b8fe,[Oct 14] Report by W-4469: Small oil spill near Heat Exchanger at Unit A. Cleaned up promptly.,Unsafe Condition,NO,Pressure,LOW,,,,,Unit A,Heat Exchanger,synthetic,,,,,True
dfab5511-7765-43a9-a9db-6989cb03f9c9,[Oct 26] Report by W-8361: Worker observed not wearing safety glasses at Refinery Sector 4.,Unsafe Act,NO,Energy Isolation,LOW,,,,,Refinery Sector 4,Pump,synthetic,reported to supervisor,supervisor intervened,,updated procedures,
931e8a4b-c3c1-4a24-8d1d-ad3b339ea779,[Oct 25] Report by W-8487: Small oil spill near Compressor at Unit A. Cleaned up promptly.,Unsafe Act,NO,Confined Space,MEDIUM,,,,,Unit A,Compressor,synthetic,reported to supervisor,supervisor intervened,cleaned up,,True
bcbaed6d-ee39-4b62-8b44-56d5922c2d53,[Oct 22] Report by W-3313: Worker used incorrect gloves for manual handling task. Supervisor corrected the action.,Unsafe Condition,NO,Pressure,LOW,,,,,Refinery Sector 4,Valve,synthetic,stopped work,supervisor intervened,,,True
31390789-c6c9-4f93-98ab-e05680490039,[Oct 17] Report by W-9260: Worker observed not wearing safety glasses at Offshore Platform 1.,Unsafe Act,NO,Electrical,MEDIUM,,,,,Offshore Platform 1,Valve,synthetic,reported to supervisor,colleague intervened,replaced equipment,updated procedures,False
da98648c-852d-4acd-a1e8-397b31873ed1,[Oct 23] Report by W-5764: Small oil spill near Heat Exchanger at Refinery Sector 4. Cleaned up promptly.,Unsafe Act,NO,Manual Handling,LOW,,,,,Refinery Sector 4,Heat Exchanger,synthetic,,,cleaned up,,
4edcbdd6-0058-4757-b3e8-64915ccc4a0d,[Oct 6] Report by W-4254: Worker used incorrect gloves for manual handling task. Supervisor corrected the action.,Unsafe Act,NO,Pressure,LOW,,,,,Unit B,Pump,synthetic,,supervisor intervened,,updated procedures,
1ed84d6e-8cfd-45ce-bac9-4451d7717aeb,[Oct 15] Report by W-7628: Worker used incorrect gloves for manual handling task. Supervisor corrected the action.,Unsafe Act,NO,Energy Isolation,LOW,,,,,Unit B,Compressor,synthetic,,supervisor intervened,cleaned up,retrained staff,False
83034a54-eaee-4ac3-8d1d-af88623a3835,<div><p>[Oct 1] Report by W-5543: Trip hazard due to loose cables near Valve. Cables were immediately organized.</p></div>,Unsafe Condition,NO,Pressure,LOW,,,,,Offshore Platform 1,Valve,synthetic,stopped work,colleague intervened,cleaned up,retrained staff,
771f296f-37ab-4306-adbc-4e622ef984e1,[Oct 16] Report by W-7455: Worker observed not wearing safety glasses at Unit B.,Unsafe Condition,NO,Electrical,MEDIUM,,,,,Unit B,Heat Exchanger,synthetic,reported to supervisor,,cleaned up,retrained staff,
e7e707f6-ce0f-4635-a519-5a6ddaf5889f,[Oct 1] Report by W-3918: Small oil spill near Electrical Panel at Refinery Sector 4. Cleaned up promptly.,Unsafe Condition,NO,Confined Space,MEDIUM,,,,,Refinery Sector 4,Electrical Panel,synthetic,stopped work,colleague intervened,,,False
03818c93-13d9-4397-86be-fca3c696d19e,[Oct 18] Report by W-7721: Worker observed not wearing safety glasses at Unit B.,Unsafe Condition,NO,Energy Isolation,MEDIUM,,,,,Unit B,Compressor,synthetic,reported to supervisor,,,updated procedures,False
04f80e15-069a-4f8d-b96f-53c04bd73b1a,[Oct 2] Report by W-6703: Small oil spill near Compressor at Refinery Sector 4. Cleaned up promptly.,Unsafe Act,NO,Electrical,LOW,,,,,Refinery Sector 4,Compressor,synthetic,stopped work,supervisor intervened,,,False
979e6428-f44a-43ee-a464-26c29b52ef8d,[Oct 24] Report by W-6538: Trip hazard due to loose cables near Pump. Cables were immediately organized.,Unsafe Condition,NO,Energy Isolation,LOW,,,,,Unit B,Pump,synthetic,stopped work,,,retrained staff,True
ff3858d3-17c9-452b-8ad8-1806ca6aa394,[Oct 10] Report by W-8356: Worker observed not wearing safety glasses at Offshore Platform 1.,Unsafe Act,NO,Confined Space,LOW,,,,,Offshore Platform 1,Compressor,synthetic,stopped work,,,,
3d6ed8f7-474d-4370-ab8f-496c06537f91,[Oct 21] Report by W-2704: Worker observed not wearing safety glasses at Offshore Platform 1.,Unsafe Condition,NO,Pressure,MEDIUM,,,,,Offshore Platform 1,Electrical Panel,synthetic,reported to supervisor,colleague intervened,cleaned up,,True
1f06cd4b-e763-4a37-8355-c18a92ce9749,[Oct 26] Report by W-4419: Trip hazard due to loose cables near Electrical Panel. Cables were immediately organized.,Unsafe Condition,NO,Working at Height,MEDIUM,,,,,Offshore Platform 1,Electrical Panel,synthetic,reported to supervisor,,,,True
644932f3-a26e-4228-a42d-ff832deb6dfa,[Oct 24] Report by W-3802: Worker used incorrect gloves for manual handling task. Supervisor corrected the action.,Unsafe Act,NO,Confined Space,LOW,,,,,Refinery Sector 4,Valve,synthetic,stopped work,colleague intervened,,,True
9272fe1a-f79d-4242-ba41-a6d011786772,[Oct 22] Report by W-8879: Small oil spill near Heat Exchanger at Offshore Platform 1. Cleaned up promptly.,Unsafe Act,NO,Confined Space,LOW,,,,,Offshore Platform 1,Heat Exchanger,synthetic,stopped work,supervisor intervened,cleaned up,updated procedures,True
4f7c2fa3-456b-4c96-a062-ee9842bbc359,[Oct 28] Report by W-5173: Small oil spill near Valve at Unit A. Cleaned up promptly.,Unsafe Condition,NO,Energy Isolation,LOW,,,,,Unit A,Valve,synthetic,,supervisor intervened,cleaned up,retrained staff,False
3dab96f9-36c1-4481-9a06-5f08b7707765,[Oct 15] Report by W-7988: Worker observed not wearing safety glasses at Unit B.,Unsafe Act,NO,Working at Height,MEDIUM,,,,,Unit B,Valve,synthetic,reported to supervisor,colleague intervened,,updated procedures,False
011b32be-d34f-48d7-8afd-80bc830d540b,[Oct 14] Report by W-5659: Small oil spill near Heat Exchanger at Offshore Platform 1. Cleaned up promptly.,Unsafe Act,NO,Manual Handling,MEDIUM,,,,,Offshore Platform 1,Heat Exchanger,synthetic,,,cleaned up,retrained staff,True
631732d7-1b4e-4b99-a158-472a4e7495dd,[Oct 1] Report by W-8379: Trip hazard due to loose cables near Pump. Cables were immediately organized.,Unsafe Act,NO,Slips/Trips,LOW,,,,,Offshore Platform 1,Pump,synthetic,stopped work,colleague intervened,cleaned up,updated procedures,True
2242a173-5bbe-403b-962b-5fd24413d83d,[Oct 13] Report by W-3815: Trip hazard due to loose cables near Heat Exchanger. Cables were immediately organized.,Unsafe Act,NO,Slips/Trips,MEDIUM,,,,,Refinery Sector 4,Heat Exchanger,synthetic,stopped work,,cleaned up,,False
7e98af02-453d-4e38-a642-4a8be19eb580,[Oct 7] Report by W-8687: Small oil spill near Heat Exchanger at Offshore Platform 1. Cleaned up promptly.,Unsafe Condition,NO,Working at Height,MEDIUM,,,,,Offshore Platform 1,Heat Exchanger,synthetic,,supervisor intervened,replaced equipment,,
5d905733-ef34-4032-85b1-18863cf1a054,[Oct 14] Report by W-5715: Worker observed not wearing safety glasses at Offshore Platform 1.,Unsafe Act,NO,Electrical,LOW,,,,,Offshore Platform 1,Heat Exchanger,synthetic,reported to supervisor,colleague intervened,,updated procedures,False
5f14a706-efe7-4883-8ad3-c78d8eb91d8e,"[Oct 2] Report by W-8420: During maintenance of the Pump at Unit A, the technician started work without isolating the equipment. The Pump was still energized.",Near Miss,YES,Confined Space,CRITICAL,,,,,Unit A,Pump,synthetic,stopped work,colleague intervened,replaced equipment,updated procedures,
8a0c4b04-c96f-4399-b1d1-f356df997381,[Oct 19] Report by W-9369: Worker observed not wearing safety glasses at Unit A.,Unsafe Act,NO,Pressure,MEDIUM,,,,,Unit A,Electrical Panel,synthetic,reported to supervisor,,replaced equipment,updated procedures,False
3c56d1fd-5532-4c34-8eb1-2bc148efd86a,[Oct 10] Report by W-2552: Small oil spill near Heat Exchanger at Unit A. Cleaned up promptly.,Unsafe Act,NO,Electrical,LOW,,,,,Unit A,Heat Exchanger,synthetic,reported to supervisor,colleague intervened,cleaned up,updated procedures,
8ee5a5b9-f2f6-4824-ad55-e7a345fdc109,[Oct 3] Report by W-2503: Small oil spill near Compressor at Refinery Sector 4. Cleaned up promptly.,Unsafe Condition,NO,Electrical,LOW,,,,,Refinery Sector 4,Compressor,synthetic,,supervisor intervened,replaced equipment,retrained staff,False
88dc3e51-4d9e-48a3-ade2-6bf86101db59,[Oct 3] Report by W-2503: Small oil spill near Compressor at Refinery Sector 4. Cleaned up promptly.,Unsafe Condition,NO,Electrical,LOW,,,,,Refinery Sector 4,Compressor,synthetic,,supervisor intervened,replaced equipment,retrained staff,False
9da79dbf-a85d-4feb-9765-37fe20a23238,[Oct 20] Report by W-8929: Small oil spill near Pump at Unit A. Cleaned up promptly.,Unsafe Condition,NO,Electrical,MEDIUM,,,,,Unit A,Pump,synthetic,reported to supervisor,colleague intervened,cleaned up,retrained staff,False
9a69c09a-d71d-4fce-a00d-d90eaab41c1e,[Oct 28] Report by W-5515: Trip hazard due to loose cables near Valve. Cables were immediately organized.,Unsafe Condition,NO,Electrical,LOW,,,,,Unit B,Valve,synthetic,stopped work,colleague intervened,replaced equipment,,False
0cbb2f00-382e-4c9c-8643-985d7e226f1b,[Oct 27] Report by W-4072: Worker observed not wearing safety glasses at Unit A.,Unsafe Condition,NO,Manual Handling,LOW,,,,,Unit A,Pump,synthetic,,colleague intervened,replaced equipment,updated procedures,True
02a312ca-a099-4db8-b9df-9d04ec43be50,[Oct 26] Report by W-7878: Small oil spill near Electrical Panel at Offshore Platform 1. Cleaned up promptly.,Unsafe Act,NO,Slips/Trips,LOW,,,,,Offshore Platform 1,Electrical Panel,synthetic,stopped work,,replaced equipment,updated procedures,False
d0637048-5328-49a8-9044-65de4165f0a9,[Oct 21] Report by W-3655: Small oil spill near Compressor at Unit B. Cleaned up promptly.,Unsafe Condition,NO,Slips/Trips,MEDIUM,,,,,Unit B,Compressor,synthetic,,,replaced equipment,,True
ad4d414b-f285-4705-ba4c-0d3fda7c6e94,"[Oct 6] Report by W-1905: While working at Refinery Sector 4, worker was at height without fall protection. Serious risk of fatal fall.",Unsafe Act,YES,Energy Isolation,HIGH,,,,,Refinery Sector 4,Heat Exchanger,synthetic,stopped work,supervisor intervened,,updated procedures,True
1b075bd5-4cd9-49b2-9261-bfcb6c819396,[Oct 22] Report by W-8834: Worker used incorrect gloves for manual handling task. Supervisor corrected the action.,Unsafe Act,NO,Working at Height,LOW,,,,,Unit A,Pump,synthetic,stopped work,colleague intervened,replaced equipment,retrained staff,True
9a3b23f3-940a-4593-b37e-80d7cd9e5f11,[Oct 2] Report by W-2147: Trip hazard due to loose cables near Pump. Cables were immediately organized.,Unsafe Condition,NO,Slips/Trips,LOW,,,,,Offshore Platform 1,Pump,synthetic,,colleague intervened,,updated procedures,False
675736cc-9dd7-413e-8154-c2ce4b235ac5,[Oct 24] Report by W-9393: Worker used incorrect gloves for manual handling task. Supervisor corrected the action.,Unsafe Act,NO,Electrical,LOW,,,,,Refinery Sector 4,Pump,synthetic,stopped work,supervisor intervened,cleaned up,,True
aa7fa585-7c39-44dc-b576-c10950b8161c,[Oct 22] Report by W-7548: Worker observed not wearing safety glasses at Unit B.,Unsafe Act,NO,Manual Handling,LOW,,,,,Unit B,Pump,synthetic,stopped work,,cleaned up,,
2cc24f53-5184-4d57-9905-06f3f80613fb,[Oct 26] Report by W-9630: Worker observed not wearing safety glasses at Refinery Sector 4.,Unsafe Condition,NO,Electrical,MEDIUM,,,,,Refinery Sector 4,Valve,synthetic,reported to supervisor,colleague intervened,,updated procedures,True
e47465e4-51be-4a4c-9c0d-99b51aa9043a,[Oct 4] Report by W-5574: Small oil spill near Electrical Panel at Unit A. Cleaned up promptly.,Unsafe Act,NO,Manual Handling,LOW,,,,,Unit A,Electrical Panel,synthetic,reported to supervisor,,cleaned up,updated procedures,True
fc0f984b-b867-4b7e-910e-5d2738aa6ad8,[Oct 8] Report by W-4245: Worker observed not wearing safety glasses at Unit B.,Unsafe Act,NO,Slips/Trips,MEDIUM,,,,,Unit B,Electrical Panel,synthetic,reported to supervisor,,replaced equipment,updated procedures,True
3ee9994b-c300-4a49-8d86-35a72a609c79,[Oct 8] Report by W-4245: Worker observed not wearing safety glasses at Unit B.,Unsafe Act,NO,Slips/Trips,MEDIUM,,,,,Unit B,Electrical Panel,synthetic,reported to supervisor,,replaced equipment,updated procedures,True
d1d65c8b-01cf-4ad7-ba5c-6bba4a2f8564,[Oct 9] Report by W-2101: Small oil spill near Heat Exchanger at Unit B. Cleaned up promptly.,Unsafe Act,NO,Working at Height,LOW,,,,,Unit B,Heat Exchanger,synthetic,reported to supervisor,colleague intervened,,retrained staff,False
f6e07ec0-c3ca-492e-b0a0-168c125a8361,[Oct 4] Report by W-6679: Worker observed not wearing safety glasses at Offshore Platform 1.,Unsafe Act,NO,Manual Handling,MEDIUM,,,,,Offshore Platform 1,Pump,synthetic,reported to supervisor,colleague intervened,,retrained staff,True
42d97291-264f-4d44-a1c3-4cef195a703a,[Oct 21] Report by W-5579: Trip hazard due to loose cables near Compressor. Cables were immediately organized.,Unsafe Condition,NO,Manual Handling,LOW,,,,,Unit A,Compressor,synthetic,reported to supervisor,,replaced equipment,,True
131660fc-8971-4661-bca9-0dd851e29e4c,[Oct 11] Report by W-7580: Worker used incorrect gloves for manual handling task. Supervisor corrected the action.,Unsafe Condition,NO,Confined Space,MEDIUM,,,,,Unit B,Electrical Panel,synthetic,stopped work,colleague intervened,replaced equipment,,
57e1c43b-b682-41b2-81bb-bef216b635e7,[Oct 23] Report by W-1197: Worker observed not wearing safety glasses at Unit B.,Unsafe Condition,NO,Pressure,MEDIUM,,,,,Unit B,Heat Exchanger,synthetic,reported to supervisor,supervisor intervened,replaced equipment,retrained staff,True
8f5775ce-bd2a-4e7c-a8ba-f896b05d76b4,[Oct 22] Report by W-9736: Small oil spill near Valve at Unit A. Cleaned up promptly.,Unsafe Condition,NO,Manual Handling,LOW,,,,,Unit A,Valve,synthetic,stopped work,colleague intervened,cleaned up,,
c85e74c2-8220-4a34-a19c-0ca595e6f22f,[Oct 1] Report by W-4626: Worker used incorrect gloves for manual handling task. Supervisor corrected the action.,Unsafe Condition,NO,Energy Isolation,MEDIUM,,,,,Refinery Sector 4,Compressor,synthetic,stopped work,supervisor intervened,cleaned up,,True
43b99e7d-c502-42c4-9767-6d23ed8f187f,[Oct 8] Report by W-8084: Worker observed not wearing safety glasses at Unit B.,Unsafe Condition,NO,Manual Handling,MEDIUM,,,,,Unit B,Heat Exchanger,synthetic,stopped work,colleague intervened,cleaned up,updated procedures,False
14178975-1971-4037-97d1-19defd178983,[Oct 25] Report by W-5729: Line opened with residual pressure on the Electrical Panel. High-energy release narrowly missed the operator.,Unsafe Act,YES,Confined Space,HIGH,,,,,Unit B,Electrical Panel,synthetic,,supervisor intervened,replaced equipment,,True
2347c0d5-7ce6-4dab-b6bc-56313302ff2f,[Oct 22] Report by W-5111: Small oil spill near Heat Exchanger at Refinery Sector 4. Cleaned up promptly.,Unsafe Condition,NO,Working at Height,MEDIUM,,,,,Refinery Sector 4,Heat Exchanger,synthetic,stopped work,supervisor intervened,replaced equipment,retrained staff,
75910927-b9ca-4aee-881e-cb0dbe83a878,[Oct 12] Report by W-4823: Worker observed not wearing safety glasses at Refinery Sector 4.,Unsafe Condition,NO,Energy Isolation,MEDIUM,,,,,Refinery Sector 4,Pump,synthetic,,,replaced equipment,,True
4c4796a9-fad3-4e6b-90a8-d823616d5d1f,[Oct 12] Report by W-4823: Worker observed not wearing safety glasses at Refinery Sector 4.,Unsafe Condition,NO,Energy Isolation,MEDIUM,,,,,Refinery Sector 4,Pump,synthetic,,,replaced equipment,,True
06bbb148-a0a0-45a5-a461-41f16a671449,[Oct 19] Report by W-9084: Small oil spill near Compressor at Unit B. Cleaned up promptly.,Unsafe Act,NO,Slips/Trips,LOW,,,,,Unit B,Compressor,synthetic,reported to supervisor,supervisor intervened,,retrained staff,
f9e5b795-05cf-4929-be46-72c44c643468,[Oct 28] Report by W-4754: Small oil spill near Valve at Refinery Sector 4. Cleaned up promptly.,Unsafe Condition,NO,Slips/Trips,MEDIUM,,,,,Refinery Sector 4,Valve,synthetic,reported to supervisor,colleague intervened,cleaned up,,False
a673fafb-a5c4-4ca0-baa2-4aeee006557b,,Unsafe Condition,NO,Manual Handling,LOW,,,,,Offshore Platform 1,Pump,synthetic,reported to supervisor,,replaced equipment,,
11ae84c1-c603-460d-a77d-2860f6d52560,,Unsafe Condition,NO,Manual Handling,LOW,,,,,Offshore Platform 1,Pump,synthetic,reported to supervisor,,replaced equipment,,
ad47d68d-08c0-4798-ba96-53c1dc37f5da,[Oct 14] Report by W-5307: Small oil spill near Compressor at Refinery Sector 4. Cleaned up promptly.,Unsafe Act,NO,Electrical,MEDIUM,,,,,Refinery Sector 4,Compressor,synthetic,reported to supervisor,colleague intervened,,retrained staff,
9e59649f-e7a1-4f5a-a24d-14fc651cea37,[Oct 16] Report by W-7325: Worker used incorrect gloves for manual handling task. Supervisor corrected the action.,Unsafe Condition,NO,Energy Isolation,LOW,,,,,Offshore Platform 1,Pump,synthetic,stopped work,colleague intervened,,updated procedures,
ee864077-b114-43c1-a7da-dba3a91188c5,[Oct 22] Report by W-1116: Small oil spill near Valve at Unit A. Cleaned up promptly.,Unsafe Act,NO,Electrical,LOW,,,,,Unit A,Valve,synthetic,stopped work,,cleaned up,updated procedures,True
9e556a1a-433c-445a-acf8-b887853a04bf,[Oct 7] Report by W-7970: Worker used incorrect gloves for manual handling task. Supervisor corrected the action.,Unsafe Condition,NO,Energy Isolation,LOW,,,,,Offshore Platform 1,Electrical Panel,synthetic,stopped work,colleague intervened,,updated procedures,False
86c9d855-614a-4a77-bf41-00d993739d7e,[Oct 7] Report by W-6139: Worker observed not wearing safety glasses at Unit A.,Unsafe Condition,NO,Slips/Trips,LOW,,,,,Unit A,Pump,synthetic,stopped work,supervisor intervened,cleaned up,,False
df0bf3dd-15f8-432f-9ab7-83f2f7f1c3ad,,Unsafe Condition,NO,Electrical,MEDIUM,,,,,Unit B,Heat Exchanger,synthetic,reported to supervisor,,cleaned up,updated procedures,
fe776ad2-2aa6-439c-bc0e-82d65ccdeaf1,[Oct 5] Report by W-5732: Small oil spill near Valve at Offshore Platform 1. Cleaned up promptly.,Unsafe Condition,NO,Confined Space,LOW,,,,,Offshore Platform 1,Valve,synthetic,,colleague intervened,,,
b0d48b33-1831-4c81-8d35-1e1acc0c5fa7,[Oct 19] Report by W-4253: Small oil spill near Heat Exchanger at Refinery Sector 4. Cleaned up promptly.,Unsafe Condition,NO,Electrical,LOW,,,,,Refinery Sector 4,Heat Exchanger,synthetic,stopped work,,replaced equipment,updated procedures,True
5464d676-a7b3-47fc-aa2d-a24d0631dd22,[Oct 13] Report by W-6232: Worker observed not wearing safety glasses at Offshore Platform 1.,Unsafe Condition,NO,Pressure,MEDIUM,,,,,Offshore Platform 1,Compressor,synthetic,,supervisor intervened,,,False
a5295681-64b8-4899-a67c-bb1320cefdf9,[Oct 3] Report by W-5899: Worker observed not wearing safety glasses at Unit B.,Unsafe Condition,NO,Electrical,MEDIUM,,,,,Unit B,Pump,synthetic,stopped work,colleague intervened,replaced equipment,retrained staff,True
31dfdd31-ab8e-4be3-9810-05472cd6d73e,[Oct 19] Report by W-3942: Trip hazard due to loose cables near Valve. Cables were immediately organized.,Unsafe Condition,NO,Working at Height,LOW,,,,,Unit A,Valve,synthetic,,supervisor intervened,replaced equipment,,False
05a913d1-36a2-4c40-996d-a24a3e70bb32,[Oct 10] Report by W-3249: Small oil spill near Electrical Panel at Refinery Sector 4. Cleaned up promptly.,Unsafe Condition,NO,Electrical,MEDIUM,,,,,Refinery Sector 4,Electrical Panel,synthetic,reported to supervisor,colleague intervened,cleaned up,,True
113e2a07-fe3c-40a9-9bb6-0f3a90e6e6f4,[Oct 9] Report by W-5218: Worker used incorrect gloves for manual handling task. Supervisor corrected the action.,Unsafe Condition,NO,Electrical,MEDIUM,,,,,Unit A,Electrical Panel,synthetic,reported to supervisor,colleague intervened,cleaned up,,
bb2e2697-67a9-4fa4-a433-5dc24fab0992,[Oct 10] Report by W-2154: Trip hazard due to loose cables near Heat Exchanger. Cables were immediately organized.,Unsafe Condition,NO,Slips/Trips,MEDIUM,,,,,Offshore Platform 1,Heat Exchanger,synthetic,,colleague intervened,cleaned up,updated procedures,True
f780b006-16cf-4cb0-8c5d-2ead53a64392,[Oct 6] Report by W-2622: Worker used incorrect gloves for manual handling task. Supervisor corrected the action.,Unsafe Condition,NO,Energy Isolation,LOW,,,,,Refinery Sector 4,Pump,synthetic,stopped work,colleague intervened,replaced equipment,,
42cc2d70-5b75-4211-b80f-96ceb7a495a2,[Oct 11] Report by W-1506: Trip hazard due to loose cables near Electrical Panel. Cables were immediately organized.,Unsafe Act,NO,Pressure,MEDIUM,,,,,Unit B,Electrical Panel,synthetic,stopped work,,cleaned up,retrained staff,
e1e72e2f-2be5-4898-85b6-77ebf4ff9441,[Oct 11] Report by W-1506: Trip hazard due to loose cables near Electrical Panel. Cables were immediately organized.,Unsafe Act,NO,Pressure,MEDIUM,,,,,Unit B,Electrical Panel,synthetic,stopped work,,cleaned up,retrained staff,
34633265-6ba9-404d-8dd9-76b9dc09efed,[Oct 18] Report by W-3079: Trip hazard due to loose cables near Compressor. Cables were immediately organized.,Unsafe Act,NO,Electrical,LOW,,,,,Refinery Sector 4,Compressor,synthetic,stopped work,supervisor intervened,,retrained staff,True
1aec5acb-fa01-45ea-939a-1f379f294d56,[Oct 18] Report by W-9423: Worker used incorrect gloves for manual handling task. Supervisor corrected the action.,Unsafe Act,NO,Manual Handling,MEDIUM,,,,,Unit A,Heat Exchanger,synthetic,stopped work,colleague intervened,cleaned up,,True
f5d8e1d0-7b59-4e7e-9846-3ba61cf11564,[Oct 19] Report by W-2718: Small oil spill near Electrical Panel at Unit A. Cleaned up promptly.,Unsafe Condition,NO,Confined Space,LOW,,,,,Unit A,Electrical Panel,synthetic,reported to supervisor,,replaced equipment,,False
77a34cf1-b736-47e2-b3c1-d165dd441ad0,[Oct 12] Report by W-5929: Worker used incorrect gloves for manual handling task. Supervisor corrected the action.,Unsafe Act,NO,Working at Height,LOW,,,,,Refinery Sector 4,Pump,synthetic,reported to supervisor,supervisor intervened,,,
7ed9bdf1-bcbd-466d-8b5d-1a6dd8bdc320,[Oct 13] Report by W-2282: Worker used incorrect gloves for manual handling task. Supervisor corrected the action.,Unsafe Condition,NO,Energy Isolation,MEDIUM,,,,,Offshore Platform 1,Compressor,synthetic,stopped work,supervisor intervened,,retrained staff,False
029ff6ff-15bd-4539-ace0-7832eaf7a367,[Oct 25] Report by W-2518: Worker used incorrect gloves for manual handling task. Supervisor corrected the action.,Unsafe Condition,NO,Electrical,LOW,,,,,Offshore Platform 1,Valve,synthetic,stopped work,colleague intervened,replaced equipment,retrained staff,True
e9d657b5-9310-4067-83d3-b7ecd2e12fec,[Oct 21] Report by W-3446: Trip hazard due to loose cables near Heat Exchanger. Cables were immediately organized.,Unsafe Act,NO,Energy Isolation,MEDIUM,,,,,Offshore Platform 1,Heat Exchanger,synthetic,reported to supervisor,,,,True
79ae78f3-8acb-418a-b446-79fc8870077a,[Oct 9] Report by W-2544: Trip hazard due to loose cables near Valve. Cables were immediately organized.,Unsafe Condition,NO,Pressure,LOW,,,,,Unit A,Valve,synthetic,,colleague intervened,replaced equipment,updated procedures,
cd13fb69-41df-42ef-9ddd-1bb82da9f9d8,[Oct 23] Report by W-8313: Small oil spill near Electrical Panel at Offshore Platform 1. Cleaned up promptly.,Unsafe Act,NO,Electrical,LOW,,,,,Offshore Platform 1,Electrical Panel,synthetic,stopped work,supervisor intervened,,,
44e7ac65-bf7f-426f-a888-420454860b38,[Oct 14] Report by W-6976: Worker used incorrect gloves for manual handling task. Supervisor corrected the action.,Unsafe Condition,NO,Energy Isolation,LOW,,,,,Unit A,Compressor,synthetic,stopped work,supervisor intervened,,updated procedures,False
f0f98c5b-66c2-4899-a05f-4267f5154b29,[Oct 26] Report by W-7262: Worker used incorrect gloves for manual handling task. Supervisor corrected the action.,Unsafe Condition,NO,Electrical,LOW,,,,,Refinery Sector 4,Heat Exchanger,synthetic,stopped work,colleague intervened,replaced equipment,retrained staff,
cf559c6d-463f-4950-91b7-734751474149,[Oct 5] Report by W-5382: Small oil spill near Valve at Unit A. Cleaned up promptly.,Unsafe Act,NO,Energy Isolation,LOW,,,,,Unit A,Valve,synthetic,,,,retrained staff,
3eaa43d7-9cd6-47cd-822f-029ac2c06675,,Unsafe Condition,NO,Energy Isolation,MEDIUM,,,,,Refinery Sector 4,Pump,synthetic,reported to supervisor,supervisor intervened,cleaned up,retrained staff,True
5cd99ac1-3620-42a7-9d37-66ec4c3d82dc,[Oct 26] Report by W-1917: Small oil spill near Heat Exchanger at Offshore Platform 1. Cleaned up promptly.,Unsafe Condition,NO,Manual Handling,LOW,,,,,Offshore Platform 1,Heat Exchanger,synthetic,stopped work,colleague intervened,replaced equipment,updated procedures,False
de8adbad-10ce-44b2-9f13-cf522f320600,[Oct 2] Report by W-9046: Small oil spill near Pump at Unit B. Cleaned up promptly.,Unsafe Act,NO,Manual Handling,MEDIUM,,,,,Unit B,Pump,synthetic,reported to supervisor,supervisor intervened,,,False
04c7c446-5aa6-435f-9386-ff78e1413ca4,[Oct 25] Report by W-6094: Trip hazard due to loose cables near Compressor. Cables were immediately organized.,Unsafe Condition,NO,Pressure,MEDIUM,,,,,Offshore Platform 1,Compressor,synthetic,reported to supervisor,supervisor intervened,cleaned up,,
fb950f02-1a92-43ef-b54e-d070daed1fc0,[Oct 23] Report by W-5380: Worker observed not wearing safety glasses at Unit A.,Unsafe Act,NO,Confined Space,MEDIUM,,,,,Unit A,Heat Exchanger,synthetic,stopped work,supervisor intervened,cleaned up,,
cc3e0416-c1b5-4188-af16-e70c6b543994,[Oct 23] Report by W-5380: Worker observed not wearing safety glasses at Unit A.,Unsafe Act,NO,Confined Space,MEDIUM,,,,,Unit A,Heat Exchanger,synthetic,stopped work,supervisor intervened,cleaned up,,
6a561618-764b-4c0a-b502-7219525be46f,[Oct 13] Report by W-3785: Small oil spill near Heat Exchanger at Unit B. Cleaned up promptly.,Unsafe Condition,NO,Working at Height,LOW,,,,,Unit B,Heat Exchanger,synthetic,,colleague intervened,cleaned up,updated procedures,True
60aefbf5-a7d8-4ee8-a96e-6db6e7184d3d,[Oct 28] Report by W-2770: Small oil spill near Heat Exchanger at Unit B. Cleaned up promptly.,Unsafe Condition,NO,Working at Height,LOW,,,,,Unit B,Heat Exchanger,synthetic,stopped work,,replaced equipment,,False
8b74eef2-186f-4b27-9da4-28489749eb89,"[Oct 26] Report by W-1969: During maintenance of the Heat Exchanger at Unit B, the technician started work without isolating the equipment. The Heat Exchanger was still energized.",Unsafe Act,YES,Working at Height,HIGH,,,,,Unit B,Heat Exchanger,synthetic,reported to supervisor,,,retrained staff,
eb007393-265a-4972-a322-a3ac12377bcb,[Oct 1] Report by W-8106: Small oil spill near Electrical Panel at Unit B. Cleaned up promptly.,Unsafe Act,NO,Working at Height,MEDIUM,,,,,Unit B,Electrical Panel,synthetic,stopped work,,replaced equipment,retrained staff,
f0e3601c-5d67-4211-972a-73ea2ec8cb9d,[Oct 28] Report by W-8197: Worker observed not wearing safety glasses at Refinery Sector 4.,Unsafe Act,NO,Working at Height,MEDIUM,,,,,Refinery Sector 4,Valve,synthetic,,supervisor intervened,replaced equipment,retrained staff,False
31438416-86ac-4c72-bbb1-bbcfdd42cc00,[Oct 17] Report by W-3107: Worker observed not wearing safety glasses at Unit B.,Unsafe Condition,NO,Manual Handling,MEDIUM,,,,,Unit B,Heat Exchanger,synthetic,,,,retrained staff,False
d4437a00-0a17-47e0-870f-8885f55b8cfb,[Oct 28] Report by W-4354: Worker observed not wearing safety glasses at Unit B.,Unsafe Condition,NO,Slips/Trips,MEDIUM,,,,,Unit B,Pump,synthetic,reported to supervisor,,,retrained staff,False
d7bba26f-4f5d-4844-8592-a89ae7bf79eb,[Oct 20] Report by W-6892: Small oil spill near Compressor at Offshore Platform 1. Cleaned up promptly.,Unsafe Condition,NO,Slips/Trips,LOW,,,,,Offshore Platform 1,Compressor,synthetic,stopped work,supervisor intervened,replaced equipment,retrained staff,
27b9173b-f7db-40fb-973e-19ad9bf0aca6,[Oct 26] Report by W-8083: Worker used incorrect gloves for manual handling task. Supervisor corrected the action.,Unsafe Condition,NO,Slips/Trips,LOW,,,,,Unit B,Pump,synthetic,stopped work,,,,True
6b53048e-3c16-4536-8985-526ee131388b,[Oct 17] Report by W-8484: Worker used incorrect gloves for manual handling task. Supervisor corrected the action.,Unsafe Act,NO,Slips/Trips,LOW,,,,,Refinery Sector 4,Heat Exchanger,synthetic,stopped work,,replaced equipment,retrained staff,True
6a950875-5f28-434d-98af-7609cb946427,[Oct 2] Report by W-8895: Trip hazard due to loose cables near Heat Exchanger. Cables were immediately organized.,Unsafe Condition,NO,Pressure,MEDIUM,,,,,Offshore Platform 1,Heat Exchanger,synthetic,stopped work,colleague intervened,,retrained staff,
739a5b98-3b09-4b10-8615-64b507c8e6b1,[Oct 4] Report by W-1210: Worker used incorrect gloves for manual handling task. Supervisor corrected the action.,Unsafe Act,NO,Confined Space,LOW,,,,,Offshore Platform 1,Valve,synthetic,,supervisor intervened,cleaned up,retrained staff,
f5377edd-043d-4f10-af08-65b2cd6f0e7c,[Oct 4] Report by W-3083: Small oil spill near Compressor at Unit A. Cleaned up promptly.,Unsafe Condition,NO,Working at Height,MEDIUM,,,,,Unit A,Compressor,synthetic,stopped work,colleague intervened,,,
d24c9ee9-f6e6-45f3-b958-726f614285a6,[Oct 12] Report by W-1781: Worker used incorrect gloves for manual handling task. Supervisor corrected the action.,Unsafe Condition,NO,Slips/Trips,LOW,,,,,Unit B,Valve,synthetic,reported to supervisor,,cleaned up,retrained staff,False
b7eee258-bcad-4a88-97ea-02fa17c308b3,[Oct 27] Report by W-8654: Trip hazard due to loose cables near Compressor. Cables were immediately organized.,Unsafe Act,NO,Confined Space,LOW,,,,,Refinery Sector 4,Compressor,synthetic,reported to supervisor,,,updated procedures,
6073f9a7-6526-4b4c-bc8d-a204c1bee4eb,[Oct 18] Report by W-3210: Trip hazard due to loose cables near Electrical Panel. Cables were immediately organized.,Unsafe Act,NO,Pressure,LOW,,,,,Unit A,Electrical Panel,synthetic,,,replaced equipment,,
1ceb89eb-a94a-48df-82ae-7fdcc4d9abf6,[Oct 20] Report by W-5706: Trip hazard due to loose cables near Electrical Panel. Cables were immediately organized.,Unsafe Condition,NO,Working at Height,LOW,,,,,Unit A,Electrical Panel,synthetic,stopped work,colleague intervened,replaced equipment,,False
837b78f3-1040-42a8-97c5-625d6370e6ea,[Oct 24] Report by W-9265: Trip hazard due to loose cables near Compressor. Cables were immediately organized.,Unsafe Act,NO,Confined Space,LOW,,,,,Refinery Sector 4,Compressor,synthetic,,supervisor intervened,,updated procedures,
fab9f847-7d44-4a70-87cd-6c0ebee29d25,[Oct 1] Report by W-7012: Trip hazard due to loose cables near Electrical Panel. Cables were immediately organized.,Unsafe Act,NO,Manual Handling,LOW,,,,,Refinery Sector 4,Electrical Panel,synthetic,reported to supervisor,supervisor intervened,,,True
f9481629-afa6-4fba-9667-b9befab508a4,[Oct 5] Report by W-6329: Small oil spill near Electrical Panel at Unit A. Cleaned up promptly.,Unsafe Act,NO,Pressure,LOW,,,,,Unit A,Electrical Panel,synthetic,reported to supervisor,,,retrained staff,True
4881e781-7061-45d4-a299-7764ed7b40db,[Oct 21] Report by W-1823: Worker observed not wearing safety glasses at Unit B.,Unsafe Condition,NO,Slips/Trips,LOW,,,,,Unit B,Heat Exchanger,synthetic,stopped work,supervisor intervened,replaced equipment,updated procedures,
2bb4751b-e4ad-4297-a9a7-c00b1eb763df,[Oct 26] Report by W-4256: Worker used incorrect gloves for manual handling task. Supervisor corrected the action.,Unsafe Condition,NO,Electrical,MEDIUM,,,,,Unit A,Valve,synthetic,,,,retrained staff,True
59dd886b-32fe-44aa-b74f-74272c5c4ff9,[Oct 14] Report by W-9857: Trip hazard due to loose cables near Electrical Panel. Cables were immediately organized.,Unsafe Condition,NO,Electrical,LOW,,,,,Unit B,Electrical Panel,synthetic,stopped work,supervisor intervened,cleaned up,retrained staff,
e82bd7a2-469b-47c5-ab3f-62879fc5b38b,[Oct 9] Report by W-9459: Small oil spill near Valve at Unit B. Cleaned up promptly.,Unsafe Act,NO,Energy Isolation,LOW,,,,,Unit B,Valve,synthetic,reported to supervisor,supervisor intervened,cleaned up,updated procedures,False
6444d1a1-9d8a-46e8-b05d-80b3bc1b938b,[Oct 23] Report by W-9424: Worker observed not wearing safety glasses at Refinery Sector 4.,Unsafe Condition,NO,Pressure,LOW,,,,,Refinery Sector 4,Compressor,synthetic,stopped work,colleague intervened,replaced equipment,,
e10a8120-6256-4b4a-833e-07920c77e770,[Oct 13] Report by W-2066: Small oil spill near Electrical Panel at Unit B. Cleaned up promptly.,Unsafe Act,NO,Confined Space,LOW,,,,,Unit B,Electrical Panel,synthetic,stopped work,,replaced equipment,updated procedures,
4c0f5f58-58ce-48e5-a4af-6bab70544c81,[Oct 13] Report by W-3712: Worker used incorrect gloves for manual handling task. Supervisor corrected the action.,Unsafe Act,NO,Pressure,LOW,,,,,Unit A,Heat Exchanger,synthetic,reported to supervisor,colleague intervened,replaced equipment,,
9c3ffbb4-9596-4b75-9dbe-e378c689b55d,[Oct 3] Report by W-4678: Worker observed not wearing safety glasses at Offshore Platform 1.,Unsafe Act,NO,Slips/Trips,LOW,,,,,Offshore Platform 1,Electrical Panel,synthetic,reported to supervisor,colleague intervened,cleaned up,updated procedures,
ef5022d4-406b-42d4-9105-ab3f5f263ea7,[Oct 15] Report by W-3602: Trip hazard due to loose cables near Heat Exchanger. Cables were immediately organized.,Unsafe Condition,NO,Working at Height,LOW,,,,,Unit A,Heat Exchanger,synthetic,reported to supervisor,,cleaned up,,False
ddc9544b-cc0c-4ef7-8f57-8adf0fa51f9b,[Oct 17] Report by W-7920: Worker used incorrect gloves for manual handling task. Supervisor corrected the action.,Unsafe Condition,NO,Pressure,LOW,,,,,Offshore Platform 1,Valve,synthetic,reported to supervisor,supervisor intervened,,updated procedures,True
7324e8d0-a3f9-401c-9392-c3f63ce25a22,[Oct 12] Report by W-7670: Trip hazard due to loose cables near Electrical Panel. Cables were immediately organized.,Unsafe Act,NO,Confined Space,LOW,,,,,Refinery Sector 4,Electrical Panel,synthetic,stopped work,,cleaned up,updated procedures,
74cff39e-78f8-43be-8441-65b28f7fa0f0,[Oct 12] Report by W-7670: Trip hazard due to loose cables near Electrical Panel. Cables were immediately organized.,Unsafe Act,NO,Confined Space,LOW,,,,,Refinery Sector 4,Electrical Panel,synthetic,stopped work,,cleaned up,updated procedures,
6b8580f7-ed34-4154-af02-985fe5c9d5c3,[Oct 20] Report by W-1780: Worker used incorrect gloves for manual handling task. Supervisor corrected the action.,Unsafe Act,NO,Electrical,MEDIUM,,,,,Offshore Platform 1,Compressor,synthetic,,,cleaned up,updated procedures,
e1de8ab0-d83a-4d6b-9601-f92aa3823f85,[Oct 12] Report by W-4825: Worker observed not wearing safety glasses at Refinery Sector 4.,Unsafe Condition,NO,Working at Height,LOW,,,,,Refinery Sector 4,Pump,synthetic,,supervisor intervened,replaced equipment,updated procedures,False
964104c6-38ee-44d4-bd9e-d6793cce4b95,[Oct 22] Report by W-8801: Worker observed not wearing safety glasses at Refinery Sector 4.,Unsafe Condition,NO,Slips/Trips,LOW,,,,,Refinery Sector 4,Valve,synthetic,,colleague intervened,cleaned up,retrained staff,True
0f3252b2-98cb-44ad-8fef-274d7890a9a6,[Oct 20] Report by W-1558: Small oil spill near Valve at Unit A. Cleaned up promptly.,Unsafe Condition,NO,Electrical,MEDIUM,,,,,Unit A,Valve,synthetic,,,cleaned up,retrained staff,False
50fe8705-9112-435c-abf2-e45b18e2165d,[Oct 9] Report by W-8819: Trip hazard due to loose cables near Heat Exchanger. Cables were immediately organized.,Unsafe Condition,NO,Energy Isolation,MEDIUM,,,,,Unit B,Heat Exchanger,synthetic,reported to supervisor,,cleaned up,retrained staff,True
12ce8ae6-ae84-41c8-8175-18c436f7d31f,[Oct 16] Report by W-2188: Worker used incorrect gloves for manual handling task. Supervisor corrected the action.,Unsafe Act,NO,Confined Space,LOW,,,,,Unit B,Electrical Panel,synthetic,reported to supervisor,supervisor intervened,replaced equipment,,
d2ad03f9-1774-4a2c-a2c1-798e385a4e22,<div><p>[Oct 22] Report by W-4450: Small oil spill near Electrical Panel at Unit B. Cleaned up promptly.</p></div>,Unsafe Act,NO,Slips/Trips,MEDIUM,,,,,Unit B,Electrical Panel,synthetic,stopped work,colleague intervened,replaced equipment,retrained staff,True
4ed88faf-0be3-48c5-94f9-1f4daa22576a,[Oct 6] Report by W-3482: Worker observed not wearing safety glasses at Offshore Platform 1.,Unsafe Act,NO,Working at Height,LOW,,,,,Offshore Platform 1,Compressor,synthetic,stopped work,,replaced equipment,retrained staff,
2508b4a9-6670-4713-a2c1-f264132fea8b,[Oct 12] Report by W-2941: Worker observed not wearing safety glasses at Unit B.,Unsafe Act,NO,Manual Handling,MEDIUM,,,,,Unit B,Compressor,synthetic,stopped work,supervisor intervened,,retrained staff,True
e74ed7bf-0c29-446f-a976-7648c9fbe7e5,[Oct 12] Report by W-2941: Worker observed not wearing safety glasses at Unit B.,Unsafe Act,NO,Manual Handling,MEDIUM,,,,,Unit B,Compressor,synthetic,stopped work,supervisor intervened,,retrained staff,True
ed28adb5-e209-4821-b034-8deeeb228b51,[Oct 8] Report by W-6324: Small oil spill near Electrical Panel at Refinery Sector 4. Cleaned up promptly.,Unsafe Act,NO,Energy Isolation,LOW,,,,,Refinery Sector 4,Electrical Panel,synthetic,stopped work,,,retrained staff,False
f38f1469-cfe2-4f47-b6af-f5f24f950156,[Oct 18] Report by W-7553: Trip hazard due to loose cables near Pump. Cables were immediately organized.,Unsafe Act,NO,Manual Handling,MEDIUM,,,,,Offshore Platform 1,Pump,synthetic,stopped work,supervisor intervened,replaced equipment,,
10b62d6b-6526-408e-be0e-caa6a8795cd7,[Oct 27] Report by W-2602: Small oil spill near Electrical Panel at Refinery Sector 4. Cleaned up promptly.,Unsafe Condition,NO,Confined Space,LOW,,,,,Refinery Sector 4,Electrical Panel,synthetic,,,replaced equipment,,False
788605e8-5877-415c-9cf1-465293007ace,[Oct 24] Report by W-8095: Small oil spill near Valve at Unit B. Cleaned up promptly.,Unsafe Act,NO,Confined Space,MEDIUM,,,,,Unit B,Valve,synthetic,,,cleaned up,,True
ea49faae-9642-45cf-b455-819faedf351c,[Oct 21] Report by W-6080: Worker used incorrect gloves for manual handling task. Supervisor corrected the action.,Unsafe Condition,NO,Working at Height,MEDIUM,,,,,Offshore Platform 1,Electrical Panel,synthetic,stopped work,,cleaned up,updated procedures,False
e55ac04c-02e8-48d2-9129-95cca314238b,[Oct 7] Report by W-1842: Worker observed not wearing safety glasses at Refinery Sector 4.,Unsafe Act,NO,Energy Isolation,MEDIUM,,,,,Refinery Sector 4,Valve,synthetic,stopped work,,,updated procedures,True
9769924c-29f4-4fca-9571-09cd9f1db5de,[Oct 21] Report by W-2774: Worker observed not wearing safety glasses at Refinery Sector 4.,Unsafe Act,NO,Slips/Trips,LOW,,,,,Refinery Sector 4,Valve,synthetic,reported to supervisor,supervisor intervened,cleaned up,,
9ad947c6-4006-4930-ad80-72f7ad344181,[Oct 24] Report by W-3095: Worker observed not wearing safety glasses at Refinery Sector 4.,Unsafe Act,NO,Confined Space,LOW,,,,,Refinery Sector 4,Compressor,synthetic,reported to supervisor,colleague intervened,cleaned up,,False
15cc9f91-ab75-4e02-ae61-b71e116a3907,[Oct 11] Report by W-1119: Worker observed not wearing safety glasses at Unit B.,Unsafe Condition,NO,Working at Height,LOW,,,,,Unit B,Electrical Panel,synthetic,reported to supervisor,colleague intervened,cleaned up,updated procedures,
b15899cd-e3d0-4e3b-8cc5-db96bd2a4680,<div><p>[Oct 11] Report by W-6890: Worker used incorrect gloves for manual handling task. Supervisor corrected the action.</p></div>,Unsafe Condition,NO,Pressure,LOW,,,,,Refinery Sector 4,Electrical Panel,synthetic,stopped work,,replaced equipment,,True
05fbae22-1455-4d05-bbb8-2f47d252d514,[Oct 22] Report by W-8424: Trip hazard due to loose cables near Electrical Panel. Cables were immediately organized.,Unsafe Act,NO,Electrical,LOW,,,,,Unit B,Electrical Panel,synthetic,reported to supervisor,,replaced equipment,retrained staff,False
524c9b15-1212-40cd-b427-1ec2aa06041d,[Oct 15] Report by W-9968: Trip hazard due to loose cables near Valve. Cables were immediately organized.,Unsafe Act,NO,Working at Height,LOW,,,,,Offshore Platform 1,Valve,synthetic,stopped work,colleague intervened,replaced equipment,,True
9888396e-4bdc-4de4-b123-dca425477378,[Oct 1] Report by W-6305: Worker observed not wearing safety glasses at Unit B.,Unsafe Act,NO,Manual Handling,LOW,,,,,Unit B,Electrical Panel,synthetic,reported to supervisor,colleague intervened,,,
10610df0-edcd-46d6-a173-21c58a44bbd0,,Unsafe Condition,NO,Pressure,MEDIUM,,,,,Unit A,Compressor,synthetic,stopped work,supervisor intervened,,retrained staff,True
1812f045-8245-4118-9653-4a703e6001cc,[Oct 28] Report by W-1398: Small oil spill near Heat Exchanger at Refinery Sector 4. Cleaned up promptly.,Unsafe Condition,NO,Energy Isolation,LOW,,,,,Refinery Sector 4,Heat Exchanger,synthetic,reported to supervisor,supervisor intervened,cleaned up,updated procedures,
c4c062ec-f9a7-441f-9fda-e8f09832a982,[Oct 14] Report by W-9473: Worker used incorrect gloves for manual handling task. Supervisor corrected the action.,Unsafe Condition,NO,Electrical,MEDIUM,,,,,Unit B,Electrical Panel,synthetic,,colleague intervened,cleaned up,updated procedures,True
f0c8395f-c8a0-4d6f-a837-52e7d66bf5a3,[Oct 16] Report by W-5667: Worker observed not wearing safety glasses at Unit B.,Unsafe Act,NO,Slips/Trips,LOW,,,,,Unit B,Compressor,synthetic,,,replaced equipment,retrained staff,False
ecdd073a-b2f2-4cd3-b493-ca3ebd6f6fe7,[Oct 23] Report by W-9047: Worker observed not wearing safety glasses at Unit B.,Unsafe Condition,NO,Slips/Trips,LOW,,,,,Unit B,Compressor,synthetic,,,,retrained staff,
74749b47-5ccd-4b69-ad4d-8e2e10a0185d,[Oct 28] Report by W-1269: Trip hazard due to loose cables near Valve. Cables were immediately organized.,Unsafe Condition,NO,Energy Isolation,LOW,,,,,Refinery Sector 4,Valve,synthetic,stopped work,,cleaned up,retrained staff,
82bfc350-996b-43ae-adfb-6762b4329189,[Oct 1] Report by W-4401: Trip hazard due to loose cables near Heat Exchanger. Cables were immediately organized.,Unsafe Act,NO,Pressure,MEDIUM,,,,,Unit A,Heat Exchanger,synthetic,,colleague intervened,,updated procedures,False
75eeb274-d54d-4a2b-b504-01774a3438a8,<div><p>[Oct 25] Report by W-5506: Worker observed not wearing safety glasses at Unit B.</p></div>,Unsafe Condition,NO,Electrical,MEDIUM,,,,,Unit B,Pump,synthetic,stopped work,,,retrained staff,False
1c7e7f9c-e98e-4868-9b9a-11e1f8224458,[Oct 3] Report by W-9141: Small oil spill near Heat Exchanger at Unit B. Cleaned up promptly.,Unsafe Act,NO,Energy Isolation,LOW,,,,,Unit B,Heat Exchanger,synthetic,,,,updated procedures,
45cfa5e4-60f7-42de-b820-0a4f4f84c913,[Oct 2] Report by W-4253: Worker observed not wearing safety glasses at Offshore Platform 1.,Unsafe Condition,NO,Working at Height,MEDIUM,,,,,Offshore Platform 1,Heat Exchanger,synthetic,reported to supervisor,,cleaned up,,False
79752a4f-0d55-4822-ae9b-d0502d58e5e8,[Oct 27] Report by W-2727: Worker used incorrect gloves for manual handling task. Supervisor corrected the action.,Unsafe Act,NO,Working at Height,MEDIUM,,,,,Offshore Platform 1,Electrical Panel,synthetic,,supervisor intervened,cleaned up,updated procedures,False
ef673b9a-c72e-478f-bcb6-782a17a4a35a,[Oct 27] Report by W-5551: Small oil spill near Valve at Refinery Sector 4. Cleaned up promptly.,Unsafe Act,NO,Pressure,LOW,,,,,Refinery Sector 4,Valve,synthetic,stopped work,colleague intervened,replaced equipment,,
a58a9465-6c45-48d9-9e10-9a00923414df,[Oct 28] Report by W-1560: Worker used incorrect gloves for manual handling task. Supervisor corrected the action.,Unsafe Act,NO,Electrical,MEDIUM,,,,,Offshore Platform 1,Electrical Panel,synthetic,reported to supervisor,colleague intervened,cleaned up,updated procedures,False
088ba8cd-2678-487a-ba08-f85e848d0c7f,[Oct 13] Report by W-4977: Small oil spill near Electrical Panel at Unit B. Cleaned up promptly.,Unsafe Act,NO,Confined Space,MEDIUM,,,,,Unit B,Electrical Panel,synthetic,stopped work,supervisor intervened,,retrained staff,
c8754faa-8020-4099-ad0a-b726b05e0386,[Oct 4] Report by W-7905: Trip hazard due to loose cables near Heat Exchanger. Cables were immediately organized.,Unsafe Condition,NO,Working at Height,LOW,,,,,Refinery Sector 4,Heat Exchanger,synthetic,,,,updated procedures,True
14a1171d-6cd4-4588-8195-2196d63cb728,[Oct 2] Report by W-6821: Worker used incorrect gloves for manual handling task. Supervisor corrected the action.,Unsafe Condition,NO,Energy Isolation,LOW,,,,,Refinery Sector 4,Pump,synthetic,,colleague intervened,,retrained staff,True
b89d94bb-4d2c-4ebd-a7d7-9c557e49c188,[Oct 21] Report by W-6926: Trip hazard due to loose cables near Electrical Panel. Cables were immediately organized.,Unsafe Act,NO,Pressure,LOW,,,,,Refinery Sector 4,Electrical Panel,synthetic,,supervisor intervened,cleaned up,retrained staff,False
3b72359d-2104-481e-b4ea-b66188ffebca,[Oct 1] Report by W-9691: Small oil spill near Electrical Panel at Unit A. Cleaned up promptly.,Unsafe Act,NO,Energy Isolation,LOW,,,,,Unit A,Electrical Panel,synthetic,,,replaced equipment,,False
a439fccc-8178-4d24-b798-a5d1d14ccd85,[Oct 24] Report by W-2598: Trip hazard due to loose cables near Pump. Cables were immediately organized.,Unsafe Condition,NO,Working at Height,MEDIUM,,,,,Offshore Platform 1,Pump,synthetic,reported to supervisor,supervisor intervened,replaced equipment,updated procedures,
2c83f876-325a-4cef-9b36-7c4004c86653,,Unsafe Act,NO,Energy Isolation,LOW,,,,,Refinery Sector 4,Valve,synthetic,,supervisor intervened,cleaned up,,True
ae9339b1-2656-4588-97d4-01b0b56094da,[Oct 14] Report by W-4341: Worker observed not wearing safety glasses at Unit B.,Unsafe Act,NO,Pressure,LOW,,,,,Unit B,Pump,synthetic,reported to supervisor,,cleaned up,updated procedures,True
455c1fce-f38e-4613-b0d3-d132867f0a4d,[Oct 1] Report by W-9389: Trip hazard due to loose cables near Compressor. Cables were immediately organized.,Unsafe Act,NO,Confined Space,MEDIUM,,,,,Unit B,Compressor,synthetic,stopped work,supervisor intervened,cleaned up,retrained staff,
839f46ba-a668-458f-bfd4-93fb808c82dc,[Oct 1] Report by W-9955: Small oil spill near Electrical Panel at Unit A. Cleaned up promptly.,Unsafe Act,NO,Working at Height,LOW,,,,,Unit A,Electrical Panel,synthetic,stopped work,supervisor intervened,,retrained staff,True
4b97b8e0-a33b-4ec5-9337-d22ade6f0c9c,[Oct 9] Report by W-3991: Worker observed not wearing safety glasses at Unit B.,Unsafe Condition,NO,Pressure,LOW,,,,,Unit B,Pump,synthetic,,colleague intervened,cleaned up,retrained staff,True
397aae82-4fb0-4731-af35-39fcdfb7a9b2,[Oct 28] Report by W-2248: Trip hazard due to loose cables near Heat Exchanger. Cables were immediately organized.,Unsafe Act,NO,Pressure,MEDIUM,,,,,Offshore Platform 1,Heat Exchanger,synthetic,,colleague intervened,replaced equipment,updated procedures,
57701bbf-a5b7-41ec-840d-1002393b1680,[Oct 15] Report by W-4320: Small oil spill near Valve at Unit A. Cleaned up promptly.,Unsafe Condition,NO,Manual Handling,MEDIUM,,,,,Unit A,Valve,synthetic,reported to supervisor,,cleaned up,updated procedures,True
88f9a17a-f77d-4245-af66-17c18a6f60d8,[Oct 2] Report by W-6272: Small oil spill near Valve at Unit B. Cleaned up promptly.,Unsafe Condition,NO,Working at Height,MEDIUM,,,,,Unit B,Valve,synthetic,,,cleaned up,updated procedures,False
894cffb5-3508-47d0-9cb5-2df3030a6bc7,<div><p>[Oct 7] Report by W-1768: Trip hazard due to loose cables near Electrical Panel. Cables were immediately organized.</p></div>,Unsafe Act,NO,Slips/Trips,LOW,,,,,Refinery Sector 4,Electrical Panel,synthetic,,colleague intervened,cleaned up,retrained staff,
0478b8d7-642d-49ea-a715-30f4cc4f757b,[Oct 5] Report by W-6825: Trip hazard due to loose cables near Electrical Panel. Cables were immediately organized.,Unsafe Condition,NO,Electrical,MEDIUM,,,,,Refinery Sector 4,Electrical Panel,synthetic,reported to supervisor,supervisor intervened,replaced equipment,,False
4e22de1a-82ba-4101-9b67-fc3b8975d2da,<div><p>[Oct 6] Report by W-5008: Trip hazard due to loose cables near Electrical Panel. Cables were immediately organized.</p></div>,Unsafe Act,NO,Energy Isolation,MEDIUM,,,,,Refinery Sector 4,Electrical Panel,synthetic,stopped work,colleague intervened,replaced equipment,retrained staff,
ca16a3bc-4996-4aba-b8f9-a49a2a4cb7b9,[Oct 3] Report by W-6701: Worker used incorrect gloves for manual handling task. Supervisor corrected the action.,Unsafe Act,NO,Pressure,LOW,,,,,Refinery Sector 4,Pump,synthetic,stopped work,,cleaned up,,False
9190101e-975f-467b-b146-f65ccfc9c5bc,[Oct 20] Report by W-3431: Trip hazard due to loose cables near Heat Exchanger. Cables were immediately organized.,Unsafe Act,NO,Electrical,LOW,,,,,Offshore Platform 1,Heat Exchanger,synthetic,,colleague intervened,cleaned up,updated procedures,False
ea5a5873-d490-4006-96a0-d01eab578ad8,[Oct 20] Report by W-1717: Small oil spill near Electrical Panel at Unit A. Cleaned up promptly.,Unsafe Act,NO,Energy Isolation,MEDIUM,,,,,Unit A,Electrical Panel,synthetic,reported to supervisor,supervisor intervened,cleaned up,retrained staff,True
db3d8d8f-d9bb-454d-8a7c-8673c2de8216,[Oct 5] Report by W-9365: Worker used incorrect gloves for manual handling task. Supervisor corrected the action.,Unsafe Condition,NO,Energy Isolation,LOW,,,,,Unit A,Compressor,synthetic,,colleague intervened,,updated procedures,True
ecc4cb6f-961a-46ae-822b-e139c14e112f,[Oct 12] Report by W-3425: Small oil spill near Electrical Panel at Offshore Platform 1. Cleaned up promptly.,Unsafe Condition,NO,Confined Space,LOW,,,,,Offshore Platform 1,Electrical Panel,synthetic,,colleague intervened,,retrained staff,
a0adcf62-a211-4668-ba95-b8d0a24a1302,,Unsafe Condition,NO,Confined Space,MEDIUM,,,,,Unit B,Heat Exchanger,synthetic,reported to supervisor,supervisor intervened,cleaned up,updated procedures,False
f36bd95a-4666-4f31-8ce6-6c658099576d,[Oct 26] Report by W-2863: Worker entered the confined space at Offshore Platform 1 without conducting a gas test. No standby person was present.,Unsafe Act,YES,Pressure,CRITICAL,,,,,Offshore Platform 1,Valve,synthetic,stopped work,supervisor intervened,,retrained staff,
8015dd65-ac35-4b0f-9464-100d62c692a7,,Unsafe Act,NO,Working at Height,LOW,,,,,Unit A,Pump,synthetic,stopped work,,replaced equipment,updated procedures,False
e8bf49e0-3bc2-416b-970b-4458abb97852,[Oct 20] Report by W-2388: Worker used incorrect gloves for manual handling task. Supervisor corrected the action.,Unsafe Act,NO,Slips/Trips,LOW,,,,,Offshore Platform 1,Pump,synthetic,,supervisor intervened,replaced equipment,updated procedures,False
3cab52af-8840-429f-a00b-29e0e8b41e78,[Oct 7] Report by W-1994: Small oil spill near Valve at Refinery Sector 4. Cleaned up promptly.,Unsafe Condition,NO,Energy Isolation,LOW,,,,,Refinery Sector 4,Valve,synthetic,,,,,False
a2c98425-2d1d-449e-8a19-6b7e86c96d35,[Oct 22] Report by W-1010: Small oil spill near Pump at Unit A. Cleaned up promptly.,Unsafe Condition,NO,Pressure,LOW,,,,,Unit A,Pump,synthetic,stopped work,colleague intervened,,retrained staff,False
8e28bad2-ccec-44f3-a06a-8b4d2f6f5ce2,[Oct 11] Report by W-7626: Small oil spill near Pump at Unit B. Cleaned up promptly.,Unsafe Condition,NO,Working at Height,LOW,,,,,Unit B,Pump,synthetic,reported to supervisor,supervisor intervened,cleaned up,retrained staff,True
00b87b2c-ee0b-4945-a662-c281ea2d70b2,[Oct 20] Report by W-6132: Worker used incorrect gloves for manual handling task. Supervisor corrected the action.,Unsafe Act,NO,Manual Handling,MEDIUM,,,,,Unit B,Electrical Panel,synthetic,,supervisor intervened,replaced equipment,,True
cf1e5361-3323-499d-ac11-23d922c0212f,[Oct 7] Report by W-8270: Worker used incorrect gloves for manual handling task. Supervisor corrected the action.,Unsafe Condition,NO,Electrical,LOW,,,,,Refinery Sector 4,Pump,synthetic,stopped work,,,updated procedures,
30fe5aba-a5d3-41c2-a67c-e47638fbed15,[Oct 21] Report by W-9760: Line opened with residual pressure on the Electrical Panel. High-energy release narrowly missed the operator.,Near Miss,YES,Working at Height,CRITICAL,,,,,Unit B,Electrical Panel,synthetic,stopped work,,replaced equipment,,False
c7295890-9bec-4f3a-a9de-e7f67c9729ae,[Oct 10] Report by W-1702: Worker observed not wearing safety glasses at Unit B.,Unsafe Act,NO,Pressure,MEDIUM,,,,,Unit B,Valve,synthetic,,supervisor intervened,replaced equipment,updated procedures,
827beb52-a7fe-4fe4-b23e-92b12ffead40,[Oct 2] Report by W-3883: Worker observed not wearing safety glasses at Unit B.,Unsafe Condition,NO,Working at Height,MEDIUM,,,,,Unit B,Pump,synthetic,reported to supervisor,supervisor intervened,,updated procedures,False
64716c7a-b736-4474-bc53-cb618d01a22c,[Oct 16] Report by W-1101: Worker observed not wearing safety glasses at Refinery Sector 4.,Unsafe Condition,NO,Working at Height,MEDIUM,,,,,Refinery Sector 4,Electrical Panel,synthetic,,,,updated procedures,True
e43e64a5-ff44-496f-b436-49cff4ac829f,[Oct 7] Report by W-8680: Worker observed not wearing safety glasses at Offshore Platform 1.,Unsafe Act,NO,Confined Space,MEDIUM,,,,,Offshore Platform 1,Electrical Panel,synthetic,stopped work,colleague intervened,replaced equipment,retrained staff,
33f8a679-df24-480d-9006-1950e8fc2e27,[Oct 2] Report by W-9275: Small oil spill near Pump at Refinery Sector 4. Cleaned up promptly.,Unsafe Condition,NO,Electrical,LOW,,,,,Refinery Sector 4,Pump,synthetic,stopped work,supervisor intervened,,updated procedures,
b703b798-89bb-43ef-b31f-7d9c19d06aab,[Oct 17] Report by W-7228: Worker observed not wearing safety glasses at Unit A.,Unsafe Condition,NO,Energy Isolation,LOW,,,,,Unit A,Heat Exchanger,synthetic,reported to supervisor,colleague intervened,,updated procedures,True
0f2ef78d-a9c2-4e98-a66e-2cd6cc1fc25c,[Oct 26] Report by W-3585: Small oil spill near Electrical Panel at Refinery Sector 4. Cleaned up promptly.,Unsafe Act,NO,Manual Handling,LOW,,,,,Refinery Sector 4,Electrical Panel,synthetic,,,,retrained staff,
963b5c7c-8c0a-4352-a3e8-50b67a33bfe6,[Oct 26] Report by W-3585: Small oil spill near Electrical Panel at Refinery Sector 4. Cleaned up promptly.,Unsafe Act,NO,Manual Handling,LOW,,,,,Refinery Sector 4,Electrical Panel,synthetic,,,,retrained staff,
09cdca0d-4dcc-40f9-9d78-681cc226e004,[Oct 27] Report by W-1584: Trip hazard due to loose cables near Valve. Cables were immediately organized.,Unsafe Act,NO,Energy Isolation,LOW,,,,,Refinery Sector 4,Valve,synthetic,stopped work,supervisor intervened,replaced equipment,retrained staff,False
bea20296-f1ce-4a6d-a3d6-6989fd993896,[Oct 7] Report by W-6072: Trip hazard due to loose cables near Valve. Cables were immediately organized.,Unsafe Act,NO,Working at Height,LOW,,,,,Refinery Sector 4,Valve,synthetic,,,replaced equipment,,True
6fc3e3c0-d593-496c-9cc4-25a38f4543af,[Oct 9] Report by W-3443: Worker observed not wearing safety glasses at Offshore Platform 1.,Unsafe Act,NO,Electrical,LOW,,,,,Offshore Platform 1,Compressor,synthetic,,,cleaned up,retrained staff,True
ba64ad04-cf88-4ad9-b54a-375ff424526a,[Oct 14] Report by W-4885: Worker observed not wearing safety glasses at Refinery Sector 4.,Unsafe Act,NO,Energy Isolation,MEDIUM,,,,,Refinery Sector 4,Compressor,synthetic,,colleague intervened,cleaned up,retrained staff,
6ab42894-af12-4055-af6c-41d28b002ced,[Oct 10] Report by W-8612: Worker used incorrect gloves for manual handling task. Supervisor corrected the action.,Unsafe Condition,NO,Slips/Trips,LOW,,,,,Offshore Platform 1,Compressor,synthetic,reported to supervisor,,replaced equipment,retrained staff,
42566a04-ebb7-4d9a-b56b-7d3611704cdd,[Oct 11] Report by W-3351: Trip hazard due to loose cables near Electrical Panel. Cables were immediately organized.,Unsafe Condition,NO,Manual Handling,MEDIUM,,,,,Offshore Platform 1,Electrical Panel,synthetic,stopped work,,replaced equipment,,False
ade8e85e-8aaf-4c10-a54f-657731d1b4f6,[Oct 14] Report by W-9935: Trip hazard due to loose cables near Heat Exchanger. Cables were immediately organized.,Unsafe Act,NO,Pressure,LOW,,,,,Offshore Platform 1,Heat Exchanger,synthetic,stopped work,supervisor intervened,,retrained staff,
af9694ba-64d5-41e2-83e8-2b6c2cbde094,[Oct 20] Report by W-3668: Trip hazard due to loose cables near Heat Exchanger. Cables were immediately organized.,Unsafe Condition,NO,Working at Height,LOW,,,,,Unit A,Heat Exchanger,synthetic,,colleague intervened,,retrained staff,
09181cc6-d55d-4aaf-ab2f-a22570923589,[Oct 11] Report by W-5451: Trip hazard due to loose cables near Electrical Panel. Cables were immediately organized.,Unsafe Condition,NO,Working at Height,LOW,,,,,Unit B,Electrical Panel,synthetic,reported to supervisor,colleague intervened,replaced equipment,,False
abfeafb7-335e-45ae-be26-768ccdb0ca32,[Oct 12] Report by W-5253: Trip hazard due to loose cables near Heat Exchanger. Cables were immediately organized.,Unsafe Act,NO,Energy Isolation,LOW,,,,,Refinery Sector 4,Heat Exchanger,synthetic,reported to supervisor,supervisor intervened,,,False
87f1eb46-dcb3-4199-b096-baf09a2cfdfd,[Oct 9] Report by W-7830: Small oil spill near Heat Exchanger at Unit A. Cleaned up promptly.,Unsafe Act,NO,Pressure,MEDIUM,,,,,Unit A,Heat Exchanger,synthetic,reported to supervisor,supervisor intervened,,updated procedures,
60ebe084-e00c-4b4c-8842-f2e88acee735,[Oct 28] Report by W-1130: Worker entered the confined space at Unit A without conducting a gas test. No standby person was present.,Near Miss,YES,Pressure,CRITICAL,,,,,Unit A,Heat Exchanger,synthetic,stopped work,supervisor intervened,replaced equipment,retrained staff,False
9e4b84a8-b179-4e5d-aae0-8c2867dbeafa,[Oct 20] Report by W-1706: Worker observed not wearing safety glasses at Offshore Platform 1.,Unsafe Act,NO,Manual Handling,LOW,,,,,Offshore Platform 1,Valve,synthetic,,supervisor intervened,cleaned up,updated procedures,True
1dadf1fa-4225-4559-bf78-3a289bc390d1,[Oct 9] Report by W-3053: Trip hazard due to loose cables near Electrical Panel. Cables were immediately organized.,Unsafe Act,NO,Manual Handling,LOW,,,,,Unit A,Electrical Panel,synthetic,,supervisor intervened,cleaned up,retrained staff,True
82d0285f-ab9f-4d11-b7b9-39b55e8edc95,[Oct 7] Report by W-5375: Small oil spill near Heat Exchanger at Refinery Sector 4. Cleaned up promptly.,Unsafe Condition,NO,Energy Isolation,LOW,,,,,Refinery Sector 4,Heat Exchanger,synthetic,reported to supervisor,supervisor intervened,cleaned up,retrained staff,True
f28e7c7b-012b-4f8d-9a5d-499b0bc73bf7,[Oct 27] Report by W-1549: Small oil spill near Compressor at Unit A. Cleaned up promptly.,Unsafe Act,NO,Electrical,LOW,,,,,Unit A,Compressor,synthetic,reported to supervisor,colleague intervened,,updated procedures,True
b841290a-8db0-408d-8f7b-4a2d0387c3e2,[Oct 9] Report by W-9484: Small oil spill near Pump at Offshore Platform 1. Cleaned up promptly.,Unsafe Condition,NO,Slips/Trips,MEDIUM,,,,,Offshore Platform 1,Pump,synthetic,stopped work,supervisor intervened,replaced equipment,retrained staff,False
3cd6de6b-6853-4c3a-b4e3-3ef1eae232d6,[Oct 9] Report by W-2163: Worker observed not wearing safety glasses at Unit B.,Unsafe Act,NO,Energy Isolation,LOW,,,,,Unit B,Electrical Panel,synthetic,,,,retrained staff,True
c41b9e9b-6b08-4bd9-9b0a-5b9362688943,[Oct 20] Report by W-2049: Worker used incorrect gloves for manual handling task. Supervisor corrected the action.,Unsafe Condition,NO,Pressure,MEDIUM,,,,,Unit A,Pump,synthetic,,supervisor intervened,,,True
55575b12-19b9-4887-8340-3fa3b5eda9e2,[Oct 2] Report by W-2481: Small oil spill near Pump at Unit A. Cleaned up promptly.,Unsafe Act,NO,Pressure,LOW,,,,,Unit A,Pump,synthetic,stopped work,colleague intervened,replaced equipment,,
79612514-fafc-49f9-80e9-2078f6a16273,[Oct 24] Report by W-2126: Trip hazard due to loose cables near Pump. Cables were immediately organized.,Unsafe Act,NO,Slips/Trips,MEDIUM,,,,,Unit A,Pump,synthetic,reported to supervisor,supervisor intervened,cleaned up,,False
b04d7f21-6623-4b7c-bc04-723786b7624a,[Oct 13] Report by W-6498: Trip hazard due to loose cables near Heat Exchanger. Cables were immediately organized.,Unsafe Condition,NO,Manual Handling,LOW,,,,,Refinery Sector 4,Heat Exchanger,synthetic,,,replaced equipment,,True
c21a6930-8a42-47b7-b412-428aed0c5286,[Oct 21] Report by W-3931: Worker observed not wearing safety glasses at Unit A.,Unsafe Condition,NO,Electrical,LOW,,,,,Unit A,Heat Exchanger,synthetic,stopped work,,,retrained staff,True
cd6b017f-8aa3-43c5-8e90-26fc3b5868e4,[Oct 5] Report by W-3153: Worker used incorrect gloves for manual handling task. Supervisor corrected the action.,Unsafe Condition,NO,Pressure,LOW,,,,,Unit B,Compressor,synthetic,stopped work,colleague intervened,replaced equipment,,
da145c6d-6d28-4720-b069-1ade2682b9f3,[Oct 21] Report by W-8760: Trip hazard due to loose cables near Pump. Cables were immediately organized.,Unsafe Condition,NO,Slips/Trips,MEDIUM,,,,,Offshore Platform 1,Pump,synthetic,,supervisor intervened,cleaned up,,
b5e57243-0e8c-4c84-bb7e-52b8da3901d1,<div><p>[Oct 18] Report by W-5779: Small oil spill near Heat Exchanger at Offshore Platform 1. Cleaned up promptly.</p></div>,Unsafe Act,NO,Pressure,MEDIUM,,,,,Offshore Platform 1,Heat Exchanger,synthetic,reported to supervisor,colleague intervened,,retrained staff,True
4198c7cb-b516-4a20-8f06-39d28e4483e1,[Oct 4] Report by W-7381: Worker used incorrect gloves for manual handling task. Supervisor corrected the action.,Unsafe Condition,NO,Manual Handling,MEDIUM,,,,,Offshore Platform 1,Valve,synthetic,stopped work,,replaced equipment,updated procedures,
50e8b160-9f43-41f3-8844-56855c6da0a2,[Oct 24] Report by W-8968: Worker observed not wearing safety glasses at Unit A.,Unsafe Act,NO,Working at Height,LOW,,,,,Unit A,Heat Exchanger,synthetic,stopped work,,,retrained staff,True
8422d39d-6860-4d3e-8a79-f3b38e533117,[Oct 12] Report by W-7480: Worker used incorrect gloves for manual handling task. Supervisor corrected the action.,Unsafe Act,NO,Pressure,MEDIUM,,,,,Unit B,Electrical Panel,synthetic,,,cleaned up,retrained staff,False
6b4d062d-e174-49e5-8833-19f588e84a35,[Oct 1] Report by W-3567: Worker used incorrect gloves for manual handling task. Supervisor corrected the action.,Unsafe Condition,NO,Confined Space,LOW,,,,,Unit A,Pump,synthetic,,,replaced equipment,,
2d75af68-8d9c-4104-870e-abaf9711dc46,[Oct 23] Report by W-1681: Worker used incorrect gloves for manual handling task. Supervisor corrected the action.,Unsafe Act,NO,Energy Isolation,LOW,,,,,Refinery Sector 4,Electrical Panel,synthetic,,colleague intervened,replaced equipment,retrained staff,True
307934b6-c9ac-40fa-a0e7-5d89f4500c23,[Oct 3] Report by W-4498: Trip hazard due to loose cables near Heat Exchanger. Cables were immediately organized.,Unsafe Act,NO,Electrical,MEDIUM,,,,,Unit A,Heat Exchanger,synthetic,,supervisor intervened,,,
d804fc8e-3cc1-4256-a10a-d8a1cfb83e3b,[Oct 1] Report by W-1130: Worker used incorrect gloves for manual handling task. Supervisor corrected the action.,Unsafe Condition,NO,Manual Handling,MEDIUM,,,,,Offshore Platform 1,Heat Exchanger,synthetic,reported to supervisor,supervisor intervened,replaced equipment,updated procedures,
f106c1c6-e8ab-4318-9ada-da8d091d8426,[Oct 16] Report by W-4108: Trip hazard due to loose cables near Heat Exchanger. Cables were immediately organized.,Unsafe Condition,NO,Pressure,LOW,,,,,Offshore Platform 1,Heat Exchanger,synthetic,,colleague intervened,cleaned up,updated procedures,False
79f27766-fdcb-498c-9feb-96d12ccedfab,[Oct 19] Report by W-5738: Worker used incorrect gloves for manual handling task. Supervisor corrected the action.,Unsafe Act,NO,Manual Handling,MEDIUM,,,,,Refinery Sector 4,Pump,synthetic,,colleague intervened,replaced equipment,updated procedures,False
b7422313-35c3-4918-ac47-264512abd76e,[Oct 1] Report by W-8138: Worker used incorrect gloves for manual handling task. Supervisor corrected the action.,Unsafe Act,NO,Energy Isolation,MEDIUM,,,,,Unit A,Valve,synthetic,reported to supervisor,colleague intervened,cleaned up,,False
324e35f7-47d4-432d-bf8e-29b3bbb1aff6,<div><p>[Oct 21] Report by W-5289: Small oil spill near Pump at Unit B. Cleaned up promptly.</p></div>,Unsafe Act,NO,Confined Space,LOW,,,,,Unit B,Pump,synthetic,,colleague intervened,cleaned up,updated procedures,
0c7a843e-221e-40e0-9913-4f38c0d00219,[Oct 20] Report by W-2767: Trip hazard due to loose cables near Valve. Cables were immediately organized.,Unsafe Act,NO,Manual Handling,LOW,,,,,Refinery Sector 4,Valve,synthetic,,colleague intervened,replaced equipment,retrained staff,True
8d0c57ab-9270-4ab6-b3b3-cbcd91d4ba95,[Oct 15] Report by W-9609: Trip hazard due to loose cables near Electrical Panel. Cables were immediately organized.,Unsafe Act,NO,Working at Height,MEDIUM,,,,,Unit B,Electrical Panel,synthetic,,colleague intervened,cleaned up,,
add9f509-137d-43c8-8387-06c2f008c353,[Oct 24] Report by W-6269: Trip hazard due to loose cables near Pump. Cables were immediately organized.,Unsafe Act,NO,Working at Height,MEDIUM,,,,,Unit A,Pump,synthetic,reported to supervisor,colleague intervened,,,False
5f127622-b9a1-4649-8c3c-73e62e43ede8,[Oct 24] Report by W-3743: Trip hazard due to loose cables near Valve. Cables were immediately organized.,Unsafe Condition,NO,Working at Height,MEDIUM,,,,,Unit B,Valve,synthetic,,colleague intervened,,updated procedures,False
6855f413-1380-4693-bcaf-dcae8a845348,[Oct 27] Report by W-7919: Worker observed not wearing safety glasses at Refinery Sector 4.,Unsafe Condition,NO,Pressure,LOW,,,,,Refinery Sector 4,Heat Exchanger,synthetic,reported to supervisor,,cleaned up,updated procedures,True
a711dd26-2757-4417-8de9-d3f374383e76,"[Oct 9] Report by W-8745: During maintenance of the Heat Exchanger at Unit A, the technician started work without isolating the equipment. The Heat Exchanger was still energized.",Unsafe Act,YES,Energy Isolation,HIGH,,,,,Unit A,Heat Exchanger,synthetic,,,cleaned up,retrained staff,True
556dccc7-b587-44d2-bcf4-d2a522af222d,[Oct 27] Report by W-3885: Trip hazard due to loose cables near Heat Exchanger. Cables were immediately organized.,Unsafe Act,NO,Confined Space,LOW,,,,,Unit B,Heat Exchanger,synthetic,,supervisor intervened,cleaned up,retrained staff,False
14c71df6-e0d3-4f80-93d0-e45ee6e28a1a,[Oct 25] Report by W-8174: Worker observed not wearing safety glasses at Unit B.,Unsafe Condition,NO,Energy Isolation,MEDIUM,,,,,Unit B,Electrical Panel,synthetic,,colleague intervened,replaced equipment,,True
bcdb6ebb-6616-4de8-a2dd-cead8225a524,[Oct 14] Report by W-7724: Worker observed not wearing safety glasses at Unit A.,Unsafe Condition,NO,Pressure,MEDIUM,,,,,Unit A,Compressor,synthetic,reported to supervisor,supervisor intervened,cleaned up,,False
bc9737b4-36bb-412d-b303-b0b6a4b5af2c,[Oct 17] Report by W-3259: Worker observed not wearing safety glasses at Unit B.,Unsafe Condition,NO,Manual Handling,LOW,,,,,Unit B,Pump,synthetic,reported to supervisor,,cleaned up,updated procedures,False
8b10e5f1-cffa-475b-9919-a654aae3df39,[Oct 24] Report by W-6369: Worker used incorrect gloves for manual handling task. Supervisor corrected the action.,Unsafe Condition,NO,Electrical,LOW,,,,,Refinery Sector 4,Electrical Panel,synthetic,stopped work,colleague intervened,,retrained staff,
6f650e72-79e8-4a70-96ac-811261abc27c,[Oct 18] Report by W-7594: Small oil spill near Heat Exchanger at Unit B. Cleaned up promptly.,Unsafe Condition,NO,Confined Space,LOW,,,,,Unit B,Heat Exchanger,synthetic,stopped work,colleague intervened,replaced equipment,,
1dbaa493-8149-4ab0-9a70-5102a26fe985,[Oct 14] Report by W-5152: Worker observed not wearing safety glasses at Refinery Sector 4.,Unsafe Act,NO,Pressure,LOW,,,,,Refinery Sector 4,Valve,synthetic,reported to supervisor,colleague intervened,cleaned up,retrained staff,False
399ff204-6074-4526-960e-3e753f7148c8,[Oct 19] Report by W-2370: Worker observed not wearing safety glasses at Unit B.,Unsafe Condition,NO,Working at Height,LOW,,,,,Unit B,Compressor,synthetic,stopped work,,,retrained staff,False
f613422f-e2a1-4ea0-a466-b3f81654b699,[Oct 6] Report by W-9295: Trip hazard due to loose cables near Compressor. Cables were immediately organized.,Unsafe Condition,NO,Slips/Trips,MEDIUM,,,,,Unit A,Compressor,synthetic,stopped work,colleague intervened,cleaned up,,
c148406b-7112-49dc-953d-515e77682bd0,[Oct 6] Report by W-4141: Trip hazard due to loose cables near Compressor. Cables were immediately organized.,Unsafe Act,NO,Working at Height,LOW,,,,,Unit A,Compressor,synthetic,stopped work,,cleaned up,updated procedures,
e474edb4-5537-41c2-8a0d-0641de372ec0,[Oct 21] Report by W-2315: Worker observed not wearing safety glasses at Offshore Platform 1.,Unsafe Act,NO,Confined Space,MEDIUM,,,,,Offshore Platform 1,Compressor,synthetic,stopped work,colleague intervened,,updated procedures,True
15b8c833-889c-46b2-ba1b-53fd6a437ca3,[Oct 15] Report by W-2852: Worker used incorrect gloves for manual handling task. Supervisor corrected the action.,Unsafe Condition,NO,Working at Height,MEDIUM,,,,,Unit A,Valve,synthetic,reported to supervisor,supervisor intervened,,retrained staff,
c71b8eca-c4ac-4380-8404-f6acdb2f2089,[Oct 23] Report by W-8455: Worker used incorrect gloves for manual handling task. Supervisor corrected the action.,Unsafe Condition,NO,Energy Isolation,MEDIUM,,,,,Refinery Sector 4,Heat Exchanger,synthetic,stopped work,supervisor intervened,,,
f1d27807-cc34-4efa-adc0-69c96982a4ac,[Oct 1] Report by W-4105: Small oil spill near Pump at Unit A. Cleaned up promptly.,Unsafe Condition,NO,Electrical,LOW,,,,,Unit A,Pump,synthetic,stopped work,supervisor intervened,cleaned up,,
d3456f6b-1c80-4db1-a978-2b6500c11bfb,[Oct 3] Report by W-7376: Worker observed not wearing safety glasses at Offshore Platform 1.,Unsafe Condition,NO,Pressure,MEDIUM,,,,,Offshore Platform 1,Valve,synthetic,,,cleaned up,retrained staff,False
7f62a626-76e4-484b-af49-4c6f786565a7,[Oct 22] Report by W-1703: Small oil spill near Electrical Panel at Unit A. Cleaned up promptly.,Unsafe Condition,NO,Slips/Trips,LOW,,,,,Unit A,Electrical Panel,synthetic,stopped work,colleague intervened,replaced equipment,,True
54893ebd-d00e-4abc-8514-b5d17df9bc4f,[Oct 26] Report by W-5118: Worker used incorrect gloves for manual handling task. Supervisor corrected the action.,Unsafe Condition,NO,Electrical,MEDIUM,,,,,Offshore Platform 1,Valve,synthetic,reported to supervisor,,cleaned up,updated procedures,True
315bc18e-bf0b-4c78-8f95-d786b255d5bc,[Oct 3] Report by W-3136: Worker observed not wearing safety glasses at Refinery Sector 4.,Unsafe Condition,NO,Pressure,LOW,,,,,Refinery Sector 4,Compressor,synthetic,reported to supervisor,colleague intervened,replaced equipment,updated procedures,
e2fe5adf-6ea3-4955-a961-d38090c55096,[Oct 15] Report by W-1766: Small oil spill near Heat Exchanger at Refinery Sector 4. Cleaned up promptly.,Unsafe Act,NO,Slips/Trips,MEDIUM,,,,,Refinery Sector 4,Heat Exchanger,synthetic,reported to supervisor,supervisor intervened,cleaned up,,True
6ed778e4-611f-43ac-86a1-5656b7314e13,[Oct 20] Report by W-8781: Worker observed not wearing safety glasses at Refinery Sector 4.,Unsafe Condition,NO,Electrical,LOW,,,,,Refinery Sector 4,Heat Exchanger,synthetic,stopped work,colleague intervened,cleaned up,retrained staff,True
6e6ccc25-3d12-4de3-9daa-94b9506d8834,[Oct 8] Report by W-2410: Worker observed not wearing safety glasses at Unit B.,Unsafe Act,NO,Energy Isolation,MEDIUM,,,,,Unit B,Compressor,synthetic,reported to supervisor,colleague intervened,replaced equipment,updated procedures,True
9bb152a6-0c8f-461f-82c0-f1a1e3f2ddbd,[Oct 20] Report by W-3594: Worker observed not wearing safety glasses at Refinery Sector 4.,Unsafe Condition,NO,Working at Height,LOW,,,,,Refinery Sector 4,Compressor,synthetic,reported to supervisor,,cleaned up,,
f69dede0-8be3-4128-9c30-3c053ef9b56a,[Oct 5] Report by W-6499: Small oil spill near Heat Exchanger at Refinery Sector 4. Cleaned up promptly.,Unsafe Act,NO,Pressure,MEDIUM,,,,,Refinery Sector 4,Heat Exchanger,synthetic,,,,,
c4b9a765-0eb6-4a73-aeec-82d02d62cf41,[Oct 25] Report by W-1820: Small oil spill near Valve at Offshore Platform 1. Cleaned up promptly.,Unsafe Act,NO,Manual Handling,MEDIUM,,,,,Offshore Platform 1,Valve,synthetic,reported to supervisor,,cleaned up,retrained staff,
e97819eb-9c79-4ee0-88f4-7a5e2ad0c6de,[Oct 7] Report by W-8883: Worker used incorrect gloves for manual handling task. Supervisor corrected the action.,Unsafe Condition,NO,Confined Space,LOW,,,,,Unit A,Compressor,synthetic,reported to supervisor,supervisor intervened,replaced equipment,,
09f1846c-924a-4dbe-b361-f82a825f0f1d,[Oct 5] Report by W-4947: Worker observed not wearing safety glasses at Unit A.,Unsafe Condition,NO,Pressure,MEDIUM,,,,,Unit A,Pump,synthetic,reported to supervisor,,cleaned up,retrained staff,False
7b7e49d1-abac-4739-99c1-5ca863f5ec18,[Oct 23] Report by W-4813: Worker used incorrect gloves for manual handling task. Supervisor corrected the action.,Unsafe Act,NO,Energy Isolation,MEDIUM,,,,,Unit B,Heat Exchanger,synthetic,reported to supervisor,colleague intervened,replaced equipment,,False
93541faa-19f7-4db4-89ac-e4012abce453,[Oct 8] Report by W-9423: Worker observed not wearing safety glasses at Offshore Platform 1.,Unsafe Condition,NO,Pressure,MEDIUM,,,,,Offshore Platform 1,Electrical Panel,synthetic,reported to supervisor,colleague intervened,,updated procedures,True
fe349a78-929c-4da3-a136-148ebb53b819,[Oct 27] Report by W-8748: Worker used incorrect gloves for manual handling task. Supervisor corrected the action.,Unsafe Act,NO,Slips/Trips,MEDIUM,,,,,Refinery Sector 4,Valve,synthetic,reported to supervisor,colleague intervened,cleaned up,,
e31a3b25-20aa-48ac-a29e-6a5daac092fb,[Oct 21] Report by W-8399: Trip hazard due to loose cables near Pump. Cables were immediately organized.,Unsafe Act,NO,Pressure,LOW,,,,,Unit B,Pump,synthetic,stopped work,colleague intervened,replaced equipment,,
be1789ea-5798-4f89-a189-9d2818fb1b97,[Oct 5] Report by W-2008: Worker observed not wearing safety glasses at Offshore Platform 1.,Unsafe Condition,NO,Electrical,MEDIUM,,,,,Offshore Platform 1,Pump,synthetic,,supervisor intervened,cleaned up,,
eedcc03e-1e39-4715-b3c0-9aa9960d73f3,[Oct 4] Report by W-9320: Small oil spill near Electrical Panel at Unit B. Cleaned up promptly.,Unsafe Act,NO,Slips/Trips,LOW,,,,,Unit B,Electrical Panel,synthetic,,,,,
0a164676-6d9e-415c-b99f-b5bccbf0785a,[Oct 12] Report by W-2405: Trip hazard due to loose cables near Compressor. Cables were immediately organized.,Unsafe Act,NO,Slips/Trips,LOW,,,,,Offshore Platform 1,Compressor,synthetic,reported to supervisor,colleague intervened,replaced equipment,retrained staff,False
c4b890fa-ecc6-417f-9f33-b8240717c56e,[Oct 17] Report by W-8954: Worker observed not wearing safety glasses at Unit A.,Unsafe Condition,NO,Confined Space,MEDIUM,,,,,Unit A,Valve,synthetic,,,replaced equipment,retrained staff,False
6efc122d-7c04-4106-8069-e1cfd8d348bb,[Oct 17] Report by W-6792: Worker used incorrect gloves for manual handling task. Supervisor corrected the action.,Unsafe Condition,NO,Working at Height,MEDIUM,,,,,Refinery Sector 4,Heat Exchanger,synthetic,,supervisor intervened,,,True
cb4781ef-babc-4e31-8c5a-a4c33177950d,[Oct 23] Report by W-5781: Worker observed not wearing safety glasses at Offshore Platform 1.,Unsafe Condition,NO,Manual Handling,MEDIUM,,,,,Offshore Platform 1,Electrical Panel,synthetic,reported to supervisor,colleague intervened,cleaned up,retrained staff,True
28657658-e97a-49b1-b4fe-405375665532,,Near Miss,YES,Energy Isolation,CRITICAL,,,,,Offshore Platform 1,Heat Exchanger,synthetic,stopped work,supervisor intervened,cleaned up,retrained staff,True
9310485d-f6be-4868-be50-9055d261537c,[Oct 28] Report by W-3720: Small oil spill near Compressor at Unit A. Cleaned up promptly.,Unsafe Condition,NO,Working at Height,MEDIUM,,,,,Unit A,Compressor,synthetic,stopped work,colleague intervened,,,False
3cc91c4b-631d-4a08-867d-e132d57b0d40,[Oct 5] Report by W-5232: Worker used incorrect gloves for manual handling task. Supervisor corrected the action.,Unsafe Act,NO,Electrical,LOW,,,,,Offshore Platform 1,Pump,synthetic,,supervisor intervened,,,True
4c241470-c5d7-47f9-87a8-baef945ee066,[Oct 1] Report by W-6588: Worker observed not wearing safety glasses at Refinery Sector 4.,Unsafe Act,NO,Manual Handling,MEDIUM,,,,,Refinery Sector 4,Heat Exchanger,synthetic,stopped work,supervisor intervened,,,False
1e4b7054-862f-4a5d-966c-6e9bb44b84ff,[Oct 12] Report by W-4810: Small oil spill near Heat Exchanger at Unit A. Cleaned up promptly.,Unsafe Act,NO,Manual Handling,MEDIUM,,,,,Unit A,Heat Exchanger,synthetic,reported to supervisor,,cleaned up,,True
db8e16a6-b977-423f-b4c9-67923c8b8212,[Oct 25] Report by W-2929: Worker observed not wearing safety glasses at Unit B.,Unsafe Condition,NO,Confined Space,LOW,,,,,Unit B,Pump,synthetic,,supervisor intervened,,,True
b085394c-584d-475b-b1bb-e82c4a892fc6,[Oct 27] Report by W-5971: Small oil spill near Valve at Unit A. Cleaned up promptly.,Unsafe Condition,NO,Working at Height,LOW,,,,,Unit A,Valve,synthetic,reported to supervisor,colleague intervened,,updated procedures,
6d6c45f6-b19e-4e40-8e37-49b449165974,[Oct 1] Report by W-5952: Worker used incorrect gloves for manual handling task. Supervisor corrected the action.,Unsafe Act,NO,Pressure,LOW,,,,,Unit B,Valve,synthetic,,,cleaned up,retrained staff,False
91e438ae-8b52-4258-a2e9-12c50cead70e,[Oct 2] Report by W-2206: Worker used incorrect gloves for manual handling task. Supervisor corrected the action.,Unsafe Act,NO,Slips/Trips,MEDIUM,,,,,Unit B,Valve,synthetic,,colleague intervened,cleaned up,retrained staff,False
db879417-0cf7-4fb6-9cee-370da36ad196,[Oct 11] Report by W-6830: Trip hazard due to loose cables near Valve. Cables were immediately organized.,Unsafe Act,NO,Energy Isolation,LOW,,,,,Refinery Sector 4,Valve,synthetic,reported to supervisor,supervisor intervened,,updated procedures,False
3ab597d8-fb95-4d50-91ca-ec484df448d1,[Oct 28] Report by W-5612: Trip hazard due to loose cables near Pump. Cables were immediately organized.,Unsafe Condition,NO,Pressure,LOW,,,,,Unit B,Pump,synthetic,reported to supervisor,supervisor intervened,,retrained staff,False
ee8d66f9-f720-47de-bb63-67efee59585d,[Oct 12] Report by W-9705: Trip hazard due to loose cables near Compressor. Cables were immediately organized.,Unsafe Act,NO,Slips/Trips,MEDIUM,,,,,Refinery Sector 4,Compressor,synthetic,,colleague intervened,cleaned up,,False
1b882e8b-205d-4985-8c38-7ad65a1f3d55,[Oct 7] Report by W-8330: Trip hazard due to loose cables near Valve. Cables were immediately organized.,Unsafe Condition,NO,Electrical,LOW,,,,,Offshore Platform 1,Valve,synthetic,stopped work,supervisor intervened,,retrained staff,
b0a08104-2cbc-4aec-89fa-b6d03681a3eb,[Oct 25] Report by W-2148: Small oil spill near Heat Exchanger at Unit B. Cleaned up promptly.,Unsafe Act,NO,Electrical,LOW,,,,,Unit B,Heat Exchanger,synthetic,stopped work,colleague intervened,replaced equipment,,True
aaafe8f0-2682-4369-834b-1d122a132518,[Oct 2] Report by W-2926: Worker used incorrect gloves for manual handling task. Supervisor corrected the action.,Unsafe Condition,NO,Electrical,MEDIUM,,,,,Unit B,Valve,synthetic,stopped work,colleague intervened,cleaned up,updated procedures,True
5f5be279-156c-4309-9519-ee43eb287cbc,,Unsafe Condition,NO,Confined Space,MEDIUM,,,,,Unit A,Electrical Panel,synthetic,stopped work,,cleaned up,,False
c3acdb9b-d0d2-40d3-9af0-0e932abc7298,[Oct 22] Report by W-3098: Worker used incorrect gloves for manual handling task. Supervisor corrected the action.,Unsafe Condition,NO,Slips/Trips,MEDIUM,,,,,Unit A,Valve,synthetic,,,replaced equipment,,
43054f5f-0392-4e10-9905-6864d129a01a,[Oct 4] Report by W-7523: Small oil spill near Heat Exchanger at Offshore Platform 1. Cleaned up promptly.,Unsafe Act,NO,Manual Handling,MEDIUM,,,,,Offshore Platform 1,Heat Exchanger,synthetic,reported to supervisor,colleague intervened,,,True
42bc2174-84a8-4019-b43d-60ca024f1a4a,[Oct 2] Report by W-3298: Worker used incorrect gloves for manual handling task. Supervisor corrected the action.,Unsafe Act,NO,Energy Isolation,LOW,,,,,Refinery Sector 4,Heat Exchanger,synthetic,reported to supervisor,supervisor intervened,cleaned up,retrained staff,False
d0025a51-74de-4c71-bed4-29eb149b78d5,[Oct 16] Report by W-6775: Worker used incorrect gloves for manual handling task. Supervisor corrected the action.,Unsafe Condition,NO,Pressure,MEDIUM,,,,,Unit B,Compressor,synthetic,,,,updated procedures,False
12193495-e10a-47a7-8510-d0827afb6b37,[Oct 25] Report by W-4478: Worker used incorrect gloves for manual handling task. Supervisor corrected the action.,Unsafe Condition,NO,Energy Isolation,MEDIUM,,,,,Unit A,Valve,synthetic,,colleague intervened,cleaned up,,False
f8ee9618-c0dc-4839-95c4-619abd673398,[Oct 15] Report by W-1411: Small oil spill near Valve at Unit B. Cleaned up promptly.,Unsafe Act,NO,Working at Height,MEDIUM,,,,,Unit B,Valve,synthetic,,colleague intervened,,retrained staff,False
12258887-d291-4f32-b469-afd110514f81,[Oct 12] Report by W-2587: Trip hazard due to loose cables near Compressor. Cables were immediately organized.,Unsafe Act,NO,Pressure,LOW,,,,,Refinery Sector 4,Compressor,synthetic,stopped work,colleague intervened,cleaned up,updated procedures,True
6ed13f9e-e10c-4356-a5f1-2ab3371cd659,<div><p>[Oct 26] Report by W-8327: Small oil spill near Pump at Refinery Sector 4. Cleaned up promptly.</p></div>,Unsafe Act,NO,Pressure,LOW,,,,,Refinery Sector 4,Pump,synthetic,,supervisor intervened,replaced equipment,retrained staff,False
f4273a94-1376-4986-885b-aee4bdc66e7e,[Oct 5] Report by W-1872: Worker observed not wearing safety glasses at Unit B.,Unsafe Act,NO,Energy Isolation,LOW,,,,,Unit B,Electrical Panel,synthetic,stopped work,supervisor intervened,,retrained staff,True
3556e83e-7d1f-4a1b-9d07-6db5a1ca20a7,[Oct 22] Report by W-8525: Small oil spill near Heat Exchanger at Unit B. Cleaned up promptly.,Unsafe Condition,NO,Pressure,MEDIUM,,,,,Unit B,Heat Exchanger,synthetic,,supervisor intervened,,updated procedures,False
c316baf4-3112-4372-9fd0-4e66f505ecc9,[Oct 3] Report by W-9986: Small oil spill near Valve at Offshore Platform 1. Cleaned up promptly.,Unsafe Condition,NO,Slips/Trips,LOW,,,,,Offshore Platform 1,Valve,synthetic,stopped work,supervisor intervened,cleaned up,retrained staff,False
a989c23b-2696-40f1-91b2-8df0230be33d,[Oct 16] Report by W-8246: Trip hazard due to loose cables near Valve. Cables were immediately organized.,Unsafe Act,NO,Confined Space,LOW,,,,,Unit A,Valve,synthetic,stopped work,colleague intervened,,retrained staff,True
bd07b463-34bb-4217-8418-0d064a5f8fa9,,Unsafe Condition,NO,Electrical,MEDIUM,,,,,Offshore Platform 1,Heat Exchanger,synthetic,stopped work,colleague intervened,cleaned up,retrained staff,
2548bd6d-c06e-4fe3-8837-eae3a5b2ec30,[Oct 14] Report by W-7264: Small oil spill near Compressor at Offshore Platform 1. Cleaned up promptly.,Unsafe Act,NO,Manual Handling,LOW,,,,,Offshore Platform 1,Compressor,synthetic,,,cleaned up,,True
20bce13a-c280-421c-87e6-e4d8b6c12456,[Oct 15] Report by W-1356: Worker observed not wearing safety glasses at Refinery Sector 4.,Unsafe Act,NO,Manual Handling,LOW,,,,,Refinery Sector 4,Valve,synthetic,,supervisor intervened,,updated procedures,True
3be7ad0b-59e4-40e1-a2b8-c5f6b27e5308,[Oct 11] Report by W-2982: Small oil spill near Electrical Panel at Unit A. Cleaned up promptly.,Unsafe Condition,NO,Slips/Trips,MEDIUM,,,,,Unit A,Electrical Panel,synthetic,stopped work,supervisor intervened,,,True
c1b3994a-83dd-431d-a3cf-68b402c0e647,[Oct 5] Report by W-1101: Worker observed not wearing safety glasses at Unit A.,Unsafe Act,NO,Manual Handling,MEDIUM,,,,,Unit A,Heat Exchanger,synthetic,stopped work,colleague intervened,replaced equipment,updated procedures,
05f357d1-9cd5-4b57-8ffa-8dfc69cad18c,[Oct 23] Report by W-6190: Trip hazard due to loose cables near Heat Exchanger. Cables were immediately organized.,Unsafe Condition,NO,Manual Handling,LOW,,,,,Offshore Platform 1,Heat Exchanger,synthetic,reported to supervisor,,,updated procedures,False
81b43ca0-3a0f-4898-a645-d3a1e7356b01,[Oct 21] Report by W-7238: Worker observed not wearing safety glasses at Unit A.,Unsafe Condition,NO,Manual Handling,LOW,,,,,Unit A,Pump,synthetic,stopped work,,cleaned up,retrained staff,
3fee700b-62d6-42b7-b0fd-68abd800aaba,,Unsafe Condition,NO,Pressure,LOW,,,,,Unit B,Electrical Panel,synthetic,,supervisor intervened,replaced equipment,retrained staff,True
84a7e9ee-8697-49ee-b2ff-fc17973f6345,,Unsafe Condition,NO,Pressure,LOW,,,,,Unit B,Electrical Panel,synthetic,,supervisor intervened,replaced equipment,retrained staff,True
cca97189-8275-468b-a7c1-ba4f7d91a45f,[Oct 1] Report by W-9818: Trip hazard due to loose cables near Heat Exchanger. Cables were immediately organized.,Unsafe Condition,NO,Working at Height,LOW,,,,,Refinery Sector 4,Heat Exchanger,synthetic,reported to supervisor,,cleaned up,,True
f57e499d-6b31-459b-8c92-aa7105ce41b6,[Oct 16] Report by W-9616: Worker observed not wearing safety glasses at Unit A.,Unsafe Condition,NO,Slips/Trips,MEDIUM,,,,,Unit A,Valve,synthetic,,supervisor intervened,replaced equipment,retrained staff,False
113f18e4-a9c0-4d38-b8ed-1f22c8cb8e5e,[Oct 18] Report by W-2540: Worker used incorrect gloves for manual handling task. Supervisor corrected the action.,Unsafe Condition,NO,Confined Space,MEDIUM,,,,,Refinery Sector 4,Compressor,synthetic,reported to supervisor,,cleaned up,retrained staff,
70265f2b-89e6-4d0b-9b3d-d075649d493a,[Oct 6] Report by W-8294: Worker used incorrect gloves for manual handling task. Supervisor corrected the action.,Unsafe Condition,NO,Manual Handling,MEDIUM,,,,,Unit A,Pump,synthetic,,supervisor intervened,cleaned up,updated procedures,False
19a3b687-e913-49c8-813f-38f6a502927d,[Oct 5] Report by W-9008: Small oil spill near Pump at Refinery Sector 4. Cleaned up promptly.,Unsafe Act,NO,Energy Isolation,LOW,,,,,Refinery Sector 4,Pump,synthetic,reported to supervisor,colleague intervened,,updated procedures,True
f63e03b3-1c72-4172-b559-5156facd0dbc,[Oct 18] Report by W-5926: Worker observed not wearing safety glasses at Unit B.,Unsafe Act,NO,Manual Handling,LOW,,,,,Unit B,Compressor,synthetic,reported to supervisor,supervisor intervened,cleaned up,,True
27a23f9f-b12c-43b5-9a09-6f8e18759701,[Oct 14] Report by W-5767: Worker observed not wearing safety glasses at Offshore Platform 1.,Unsafe Act,NO,Energy Isolation,LOW,,,,,Offshore Platform 1,Heat Exchanger,synthetic,stopped work,,cleaned up,,False
32175ecb-3f26-424c-ae07-ba54d2f10ab7,[Oct 10] Report by W-6217: Small oil spill near Valve at Unit A. Cleaned up promptly.,Unsafe Act,NO,Energy Isolation,MEDIUM,,,,,Unit A,Valve,synthetic,,supervisor intervened,replaced equipment,,True
c4205a13-0f79-452f-9b20-32bc4ceee605,[Oct 9] Report by W-9537: Worker used incorrect gloves for manual handling task. Supervisor corrected the action.,Unsafe Act,NO,Working at Height,LOW,,,,,Unit A,Electrical Panel,synthetic,,supervisor intervened,replaced equipment,,True
a8450d96-8d9d-4b17-b80e-c2ea3ace093e,[Oct 19] Report by W-9482: Worker observed not wearing safety glasses at Refinery Sector 4.,Unsafe Condition,NO,Working at Height,MEDIUM,,,,,Refinery Sector 4,Pump,synthetic,stopped work,,cleaned up,,True
dcfe9228-70b0-459e-b219-264aaf28f602,[Oct 12] Report by W-1592: Worker used incorrect gloves for manual handling task. Supervisor corrected the action.,Unsafe Act,NO,Working at Height,LOW,,,,,Refinery Sector 4,Valve,synthetic,reported to supervisor,,replaced equipment,retrained staff,
ed568532-7a65-4b09-9cf5-806743003efc,[Oct 2] Report by W-2420: Trip hazard due to loose cables near Valve. Cables were immediately organized.,Unsafe Act,NO,Pressure,MEDIUM,,,,,Unit B,Valve,synthetic,stopped work,,cleaned up,retrained staff,True
b95da00d-578b-4ac0-8c7f-d40bd4178173,<div><p>[Oct 23] Report by W-9763: Worker used incorrect gloves for manual handling task. Supervisor corrected the action.</p></div>,Unsafe Condition,NO,Energy Isolation,LOW,,,,,Refinery Sector 4,Compressor,synthetic,,,replaced equipment,retrained staff,True
83ca866b-1571-43aa-863d-92d7b6006547,[Oct 13] Report by W-7475: Worker observed not wearing safety glasses at Unit B.,Unsafe Act,NO,Slips/Trips,MEDIUM,,,,,Unit B,Heat Exchanger,synthetic,reported to supervisor,colleague intervened,replaced equipment,retrained staff,True
f7f55f6d-e764-4fc7-ae7e-5cc53a8e3eee,[Oct 22] Report by W-4747: Worker used incorrect gloves for manual handling task. Supervisor corrected the action.,Unsafe Condition,NO,Slips/Trips,LOW,,,,,Unit B,Pump,synthetic,stopped work,,cleaned up,,
ef5240e0-1894-49bc-af6a-3a57b76e3882,[Oct 10] Report by W-6553: Trip hazard due to loose cables near Compressor. Cables were immediately organized.,Unsafe Condition,NO,Confined Space,LOW,,,,,Unit B,Compressor,synthetic,stopped work,supervisor intervened,,,False
bdc59833-a55a-4057-9ff2-fd7041b58f7c,[Oct 6] Report by W-9325: Small oil spill near Electrical Panel at Unit A. Cleaned up promptly.,Unsafe Condition,NO,Manual Handling,LOW,,,,,Unit A,Electrical Panel,synthetic,stopped work,,cleaned up,retrained staff,False
8f41a111-7b3b-4f72-bba0-e22f5a28f75c,[Oct 17] Report by W-4934: Worker observed not wearing safety glasses at Refinery Sector 4.,Unsafe Condition,NO,Manual Handling,LOW,,,,,Refinery Sector 4,Compressor,synthetic,stopped work,,replaced equipment,,
fb96bd25-b957-4618-b04a-6f11c630eac8,[Oct 3] Report by W-3272: Trip hazard due to loose cables near Compressor. Cables were immediately organized.,Unsafe Condition,NO,Electrical,MEDIUM,,,,,Offshore Platform 1,Compressor,synthetic,reported to supervisor,colleague intervened,,updated procedures,False
6256ecb6-b6c9-46ad-a0f7-c2dd1bac584c,[Oct 15] Report by W-2238: Trip hazard due to loose cables near Electrical Panel. Cables were immediately organized.,Unsafe Act,NO,Electrical,LOW,,,,,Offshore Platform 1,Electrical Panel,synthetic,reported to supervisor,,,,True
e5f9e601-4525-44e8-a1d0-93a60dc0fae8,[Oct 16] Report by W-1411: Worker observed not wearing safety glasses at Unit A.,Unsafe Act,NO,Working at Height,LOW,,,,,Unit A,Electrical Panel,synthetic,reported to supervisor,supervisor intervened,,updated procedures,True
36afb949-9854-4aac-b5bc-d5c74e64a35a,<div><p>[Oct 28] Report by W-7737: Worker observed not wearing safety glasses at Refinery Sector 4.</p></div>,Unsafe Act,NO,Slips/Trips,MEDIUM,,,,,Refinery Sector 4,Valve,synthetic,reported to supervisor,supervisor intervened,,updated procedures,
c5e804eb-b40f-480b-bb14-26d0e0d3e697,[Oct 25] Report by W-9650: Trip hazard due to loose cables near Electrical Panel. Cables were immediately organized.,Unsafe Act,NO,Pressure,LOW,,,,,Unit A,Electrical Panel,synthetic,reported to supervisor,colleague intervened,replaced equipment,,
a1cd9d24-439c-4521-8e94-40aa3b34c899,[Oct 20] Report by W-8519: Worker observed not wearing safety glasses at Refinery Sector 4.,Unsafe Act,NO,Working at Height,MEDIUM,,,,,Refinery Sector 4,Compressor,synthetic,,supervisor intervened,replaced equipment,retrained staff,
3336096e-06aa-4e7c-b5bf-03f0f0d43ff8,[Oct 21] Report by W-7459: Worker observed not wearing safety glasses at Unit B.,Unsafe Act,NO,Electrical,LOW,,,,,Unit B,Heat Exchanger,synthetic,stopped work,colleague intervened,,retrained staff,False
d0ab41f9-5827-441e-a9e5-dd215096b5d8,[Oct 18] Report by W-5000: Worker used incorrect gloves for manual handling task. Supervisor corrected the action.,Unsafe Act,NO,Working at Height,LOW,,,,,Unit A,Pump,synthetic,reported to supervisor,supervisor intervened,replaced equipment,updated procedures,
73de8de4-25aa-454e-a927-9cd7639424d9,[Oct 18] Report by W-7689: Worker used incorrect gloves for manual handling task. Supervisor corrected the action.,Unsafe Act,NO,Electrical,MEDIUM,,,,,Refinery Sector 4,Heat Exchanger,synthetic,stopped work,colleague intervened,,,True
ecc405f9-fdc8-4e74-9a62-d595aa139c37,[Oct 26] Report by W-9588: Worker used incorrect gloves for manual handling task. Supervisor corrected the action.,Unsafe Condition,NO,Electrical,LOW,,,,,Unit B,Pump,synthetic,,supervisor intervened,replaced equipment,retrained staff,False
27bedd01-83b4-45c2-b3c5-6b5c4158f29b,[Oct 7] Report by W-8665: Worker observed not wearing safety glasses at Unit A.,Unsafe Condition,NO,Pressure,MEDIUM,,,,,Unit A,Heat Exchanger,synthetic,,supervisor intervened,replaced equipment,retrained staff,False
a80c3607-a4ed-419b-8802-63088120b791,[Oct 8] Report by W-1937: Worker used incorrect gloves for manual handling task. Supervisor corrected the action.,Unsafe Condition,NO,Energy Isolation,MEDIUM,,,,,Unit A,Valve,synthetic,stopped work,,,updated procedures,False
1d68cf31-7ae7-4d85-9550-be03c5241704,[Oct 15] Report by W-3586: Small oil spill near Compressor at Refinery Sector 4. Cleaned up promptly.,Unsafe Act,NO,Working at Height,MEDIUM,,,,,Refinery Sector 4,Compressor,synthetic,reported to supervisor,supervisor intervened,cleaned up,,True
b0b12000-b333-4419-b389-e22e3f0e825b,[Oct 6] Report by W-3349: Trip hazard due to loose cables near Compressor. Cables were immediately organized.,Unsafe Act,NO,Pressure,LOW,,,,,Offshore Platform 1,Compressor,synthetic,stopped work,colleague intervened,,updated procedures,True
f653e0ae-0e47-4bf8-86cc-3bc3d709cd81,[Oct 21] Report by W-3837: Small oil spill near Heat Exchanger at Unit B. Cleaned up promptly.,Unsafe Act,NO,Energy Isolation,MEDIUM,,,,,Unit B,Heat Exchanger,synthetic,reported to supervisor,,,updated procedures,False
0aa4d454-5c1b-4931-bb38-cf137fd30f07,[Oct 7] Report by W-6541: Worker used incorrect gloves for manual handling task. Supervisor corrected the action.,Unsafe Act,NO,Electrical,LOW,,,,,Refinery Sector 4,Pump,synthetic,,,cleaned up,retrained staff,False
eab6d4ea-afe2-453e-b5e9-9f8dc01a9797,[Oct 2] Report by W-6008: Trip hazard due to loose cables near Heat Exchanger. Cables were immediately organized.,Unsafe Act,NO,Electrical,LOW,,,,,Refinery Sector 4,Heat Exchanger,synthetic,stopped work,supervisor intervened,,updated procedures,
a0062fc6-a7fc-49f3-93de-bf65d4a191b8,[Oct 7] Report by W-4796: Trip hazard due to loose cables near Valve. Cables were immediately organized.,Unsafe Act,NO,Manual Handling,LOW,,,,,Unit A,Valve,synthetic,,colleague intervened,cleaned up,updated procedures,True
1f983d57-d060-4a88-8a6b-505d0d2f1bd0,[Oct 7] Report by W-9211: Trip hazard due to loose cables near Electrical Panel. Cables were immediately organized.,Unsafe Condition,NO,Electrical,LOW,,,,,Unit B,Electrical Panel,synthetic,,supervisor intervened,replaced equipment,retrained staff,True
22ea7dca-ca26-49da-b96f-0eef193721ee,[Oct 28] Report by W-6158: Trip hazard due to loose cables near Compressor. Cables were immediately organized.,Unsafe Condition,NO,Pressure,MEDIUM,,,,,Offshore Platform 1,Compressor,synthetic,,colleague intervened,cleaned up,,
831bbdbc-a932-4081-b07e-54caf207a390,[Oct 3] Report by W-7342: Worker used incorrect gloves for manual handling task. Supervisor corrected the action.,Unsafe Act,NO,Manual Handling,LOW,,,,,Unit B,Heat Exchanger,synthetic,reported to supervisor,colleague intervened,replaced equipment,,True
67773c33-578f-473a-951e-e1268bcff331,[Oct 4] Report by W-4858: Worker entered the confined space at Unit A without conducting a gas test. No standby person was present.,Unsafe Act,YES,Energy Isolation,CRITICAL,,,,,Unit A,Valve,synthetic,stopped work,,replaced equipment,updated procedures,True
8b0a1acf-0ef5-48f6-85b5-53203d98611b,[Oct 23] Report by W-7157: Worker observed not wearing safety glasses at Offshore Platform 1.,Unsafe Act,NO,Working at Height,MEDIUM,,,,,Offshore Platform 1,Valve,synthetic,reported to supervisor,,,retrained staff,True
eda97142-0d26-40e1-b412-b761905b4adf,[Oct 18] Report by W-3384: Worker used incorrect gloves for manual handling task. Supervisor corrected the action.,Unsafe Act,NO,Electrical,MEDIUM,,,,,Unit B,Valve,synthetic,reported to supervisor,colleague intervened,replaced equipment,retrained staff,
26ea87c7-d885-41ed-9c94-9663f3669ded,[Oct 26] Report by W-8899: Worker observed not wearing safety glasses at Refinery Sector 4.,Unsafe Condition,NO,Working at Height,MEDIUM,,,,,Refinery Sector 4,Heat Exchanger,synthetic,,supervisor intervened,cleaned up,,True
76a7d50f-1035-4f8d-96f4-b7171d576a43,[Oct 19] Report by W-9330: Worker used incorrect gloves for manual handling task. Supervisor corrected the action.,Unsafe Condition,NO,Energy Isolation,MEDIUM,,,,,Refinery Sector 4,Compressor,synthetic,reported to supervisor,,replaced equipment,retrained staff,
4606b369-660a-4273-b06f-a7c1314a6282,[Oct 24] Report by W-1497: Small oil spill near Pump at Refinery Sector 4. Cleaned up promptly.,Unsafe Act,NO,Working at Height,MEDIUM,,,,,Refinery Sector 4,Pump,synthetic,reported to supervisor,colleague intervened,replaced equipment,retrained staff,
7ce3f598-7f6f-4836-ae43-3cc8f3ebc4da,[Oct 24] Report by W-1497: Small oil spill near Pump at Refinery Sector 4. Cleaned up promptly.,Unsafe Act,NO,Working at Height,MEDIUM,,,,,Refinery Sector 4,Pump,synthetic,reported to supervisor,colleague intervened,replaced equipment,retrained staff,
59be958b-2d43-4163-a0f6-242011563ed9,[Oct 1] Report by W-8327: Worker used incorrect gloves for manual handling task. Supervisor corrected the action.,Unsafe Condition,NO,Energy Isolation,MEDIUM,,,,,Unit A,Electrical Panel,synthetic,,supervisor intervened,replaced equipment,retrained staff,
1e3db6e7-7c03-4115-aa33-d331ce69e05f,[Oct 5] Report by W-5615: Worker used incorrect gloves for manual handling task. Supervisor corrected the action.,Unsafe Act,NO,Pressure,LOW,,,,,Refinery Sector 4,Valve,synthetic,stopped work,supervisor intervened,,updated procedures,
8426eafc-b76e-4a36-af78-6f40977e0448,[Oct 22] Report by W-5712: Worker entered the confined space at Offshore Platform 1 without conducting a gas test. No standby person was present.,Unsafe Act,YES,Confined Space,HIGH,,,,,Offshore Platform 1,Electrical Panel,synthetic,reported to supervisor,colleague intervened,replaced equipment,,
480d7f8f-3910-4a49-8835-f774ee692775,[Oct 11] Report by W-6676: Worker observed not wearing safety glasses at Unit B.,Unsafe Act,NO,Manual Handling,MEDIUM,,,,,Unit B,Compressor,synthetic,,,cleaned up,retrained staff,True
1dc61b3b-6664-4100-973a-51d0e51702ee,[Oct 15] Report by W-8064: Small oil spill near Electrical Panel at Unit B. Cleaned up promptly.,Unsafe Act,NO,Energy Isolation,MEDIUM,,,,,Unit B,Electrical Panel,synthetic,reported to supervisor,supervisor intervened,,updated procedures,
8a261c58-0129-4f7b-9d71-b7766df7312e,[Oct 28] Report by W-8225: Small oil spill near Heat Exchanger at Unit A. Cleaned up promptly.,Unsafe Condition,NO,Working at Height,LOW,,,,,Unit A,Heat Exchanger,synthetic,,colleague intervened,,retrained staff,True
4595cec4-5410-4db2-b6ab-d5ffb0833c71,[Oct 11] Report by W-1822: Worker used incorrect gloves for manual handling task. Supervisor corrected the action.,Unsafe Act,NO,Electrical,MEDIUM,,,,,Offshore Platform 1,Heat Exchanger,synthetic,,supervisor intervened,cleaned up,retrained staff,False
70fd43a4-ef8d-4cc1-a852-3ae6037d7e1d,[Oct 21] Report by W-1944: Trip hazard due to loose cables near Compressor. Cables were immediately organized.,Unsafe Act,NO,Confined Space,MEDIUM,,,,,Unit A,Compressor,synthetic,stopped work,supervisor intervened,,retrained staff,
23a378b1-f1e6-4d20-a82c-6e449eafdaab,[Oct 15] Report by W-6152: Small oil spill near Pump at Unit B. Cleaned up promptly.,Unsafe Act,NO,Manual Handling,MEDIUM,,,,,Unit B,Pump,synthetic,reported to supervisor,supervisor intervened,,,
8901d168-8d0b-4772-9949-834fb7351e51,[Oct 5] Report by W-8350: Worker used incorrect gloves for manual handling task. Supervisor corrected the action.,Unsafe Condition,NO,Pressure,MEDIUM,,,,,Refinery Sector 4,Electrical Panel,synthetic,stopped work,supervisor intervened,,retrained staff,False
f1a1129d-0407-4272-85ed-3d4882fc9c4a,[Oct 26] Report by W-5931: Small oil spill near Valve at Offshore Platform 1. Cleaned up promptly.,Unsafe Condition,NO,Working at Height,LOW,,,,,Offshore Platform 1,Valve,synthetic,reported to supervisor,,,retrained staff,True
fc294f30-c0ac-4c0b-9c8a-06b037e96097,[Oct 10] Report by W-3865: Worker used incorrect gloves for manual handling task. Supervisor corrected the action.,Unsafe Condition,NO,Electrical,MEDIUM,,,,,Unit B,Electrical Panel,synthetic,stopped work,supervisor intervened,cleaned up,,
08971766-3b71-465f-828c-f249e97c315b,[Oct 8] Report by W-1446: Worker observed not wearing safety glasses at Refinery Sector 4.,Unsafe Condition,NO,Pressure,MEDIUM,,,,,Refinery Sector 4,Valve,synthetic,,supervisor intervened,cleaned up,retrained staff,True
ca61494c-5f57-41b9-9166-4fa223b37c56,[Oct 5] Report by W-2889: Small oil spill near Electrical Panel at Offshore Platform 1. Cleaned up promptly.,Unsafe Act,NO,Energy Isolation,LOW,,,,,Offshore Platform 1,Electrical Panel,synthetic,reported to supervisor,supervisor intervened,replaced equipment,,
c7aead61-8ada-41e8-a021-7268d0f387f8,[Oct 17] Report by W-8380: Worker observed not wearing safety glasses at Refinery Sector 4.,Unsafe Act,NO,Manual Handling,LOW,,,,,Refinery Sector 4,Heat Exchanger,synthetic,stopped work,supervisor intervened,replaced equipment,updated procedures,False
ffd9ccd9-359f-45a2-a6ac-74e9d6c04251,[Oct 18] Report by W-4747: Worker used incorrect gloves for manual handling task. Supervisor corrected the action.,Unsafe Condition,NO,Working at Height,LOW,,,,,Offshore Platform 1,Pump,synthetic,reported to supervisor,,cleaned up,updated procedures,
3854dab5-3ba8-44c8-8b80-c1da76d009d8,[Oct 22] Report by W-9681: Worker used incorrect gloves for manual handling task. Supervisor corrected the action.,Unsafe Act,NO,Manual Handling,MEDIUM,,,,,Unit B,Electrical Panel,synthetic,,colleague intervened,cleaned up,,False
90db36de-542a-40b7-89a9-a62ee7b9b82a,[Oct 10] Report by W-5967: Trip hazard due to loose cables near Compressor. Cables were immediately organized.,Unsafe Condition,NO,Slips/Trips,LOW,,,,,Offshore Platform 1,Compressor,synthetic,stopped work,,cleaned up,retrained staff,False
c26f89ce-8249-4db1-8336-eaf9086d77be,[Oct 8] Report by W-1740: Worker observed not wearing safety glasses at Unit B.,Unsafe Act,NO,Electrical,MEDIUM,,,,,Unit B,Heat Exchanger,synthetic,stopped work,supervisor intervened,replaced equipment,updated procedures,
07f41649-6c15-4d4d-8e8c-6fc46d7d38a7,[Oct 25] Report by W-2501: Worker observed not wearing safety glasses at Refinery Sector 4.,Unsafe Condition,NO,Pressure,LOW,,,,,Refinery Sector 4,Heat Exchanger,synthetic,reported to supervisor,supervisor intervened,,retrained staff,False
7757b994-7996-4951-b4a5-7ca17a98be27,[Oct 24] Report by W-9820: Worker observed not wearing safety glasses at Offshore Platform 1.,Unsafe Condition,NO,Manual Handling,LOW,,,,,Offshore Platform 1,Pump,synthetic,stopped work,supervisor intervened,replaced equipment,retrained staff,
e4453ac0-c10c-41ae-a8bd-d106e41aba21,[Oct 24] Report by W-9820: Worker observed not wearing safety glasses at Offshore Platform 1.,Unsafe Condition,NO,Manual Handling,LOW,,,,,Offshore Platform 1,Pump,synthetic,stopped work,supervisor intervened,replaced equipment,retrained staff,
7f65bc5c-e371-4cda-9c79-94000127a303,<div><p>[Oct 23] Report by W-2453: Worker observed not wearing safety glasses at Unit A.</p></div>,Unsafe Condition,NO,Manual Handling,MEDIUM,,,,,Unit A,Compressor,synthetic,stopped work,colleague intervened,,,True
fbac9296-343a-4c36-8251-5b3054feab5b,[Oct 3] Report by W-4372: Worker used incorrect gloves for manual handling task. Supervisor corrected the action.,Unsafe Condition,NO,Electrical,MEDIUM,,,,,Unit B,Pump,synthetic,,colleague intervened,cleaned up,,False
11ba0b5d-08a2-40fc-9613-a5b30c118049,[Oct 5] Report by W-9369: Worker observed not wearing safety glasses at Unit A.,Unsafe Act,NO,Energy Isolation,LOW,,,,,Unit A,Heat Exchanger,synthetic,reported to supervisor,supervisor intervened,replaced equipment,updated procedures,True
0aa3310e-2e5d-4bb5-917f-5a5fe925c181,[Oct 4] Report by W-9876: Trip hazard due to loose cables near Valve. Cables were immediately organized.,Unsafe Condition,NO,Manual Handling,LOW,,,,,Refinery Sector 4,Valve,synthetic,,,cleaned up,updated procedures,False
e9d41b0d-c109-4e05-b045-6dae1e1ecf67,,Unsafe Condition,NO,Slips/Trips,LOW,,,,,Offshore Platform 1,Pump,synthetic,stopped work,colleague intervened,,retrained staff,
60130e29-2b74-4a4a-bdf9-6cdaa2460c6f,[Oct 3] Report by W-1603: Worker observed not wearing safety glasses at Offshore Platform 1.,Unsafe Condition,NO,Slips/Trips,LOW,,,,,Offshore Platform 1,Electrical Panel,synthetic,stopped work,colleague intervened,,,
0247a5c7-c90d-4f45-8366-48c872239129,[Oct 17] Report by W-6228: Trip hazard due to loose cables near Electrical Panel. Cables were immediately organized.,Unsafe Condition,NO,Energy Isolation,LOW,,,,,Refinery Sector 4,Electrical Panel,synthetic,stopped work,,,updated procedures,
53e83d3a-d936-4fe4-9925-c8e374ed2ecc,[Oct 4] Report by W-9161: Worker observed not wearing safety glasses at Refinery Sector 4.,Unsafe Condition,NO,Electrical,MEDIUM,,,,,Refinery Sector 4,Compressor,synthetic,,colleague intervened,cleaned up,retrained staff,False
e958dad6-d207-42ee-985e-75d80a579793,"[Oct 7] Report by W-4643: During maintenance of the Electrical Panel at Unit A, the technician started work without isolating the equipment. The Electrical Panel was still energized.",Near Miss,YES,Confined Space,CRITICAL,,,,,Unit A,Electrical Panel,synthetic,reported to supervisor,colleague intervened,replaced equipment,updated procedures,True
0145c755-fc08-4354-9bf8-d1c3c3b38385,[Oct 10] Report by W-9484: Worker observed not wearing safety glasses at Refinery Sector 4.,Unsafe Condition,NO,Pressure,MEDIUM,,,,,Refinery Sector 4,Pump,synthetic,reported to supervisor,,,,
4ca1af10-4175-4467-ab47-97097f881656,[Oct 10] Report by W-3327: Small oil spill near Heat Exchanger at Offshore Platform 1. Cleaned up promptly.,Unsafe Act,NO,Electrical,MEDIUM,,,,,Offshore Platform 1,Heat Exchanger,synthetic,,colleague intervened,,updated procedures,True
ccad7b96-9e81-48bc-a98f-fde5d0de1592,[Oct 21] Report by W-1382: Worker observed not wearing safety glasses at Offshore Platform 1.,Unsafe Act,NO,Slips/Trips,LOW,,,,,Offshore Platform 1,Valve,synthetic,reported to supervisor,supervisor intervened,replaced equipment,updated procedures,
eb1cfcde-fd61-40f1-8cc6-12727c2790be,[Oct 8] Report by W-7856: Worker observed not wearing safety glasses at Unit B.,Unsafe Act,NO,Confined Space,MEDIUM,,,,,Unit B,Electrical Panel,synthetic,,supervisor intervened,cleaned up,retrained staff,True
91cd356a-c5f4-421a-a780-9b62179feaf0,[Oct 23] Report by W-3988: Trip hazard due to loose cables near Compressor. Cables were immediately organized.,Unsafe Condition,NO,Working at Height,MEDIUM,,,,,Unit A,Compressor,synthetic,stopped work,supervisor intervened,replaced equipment,retrained staff,True
4c9a2062-84bb-4523-863a-9783c7163fa0,[Oct 22] Report by W-4105: Small oil spill near Compressor at Unit A. Cleaned up promptly.,Unsafe Act,NO,Pressure,LOW,,,,,Unit A,Compressor,synthetic,,,,retrained staff,
b87d728c-8f55-409b-9fb3-aa88f60769b3,[Oct 18] Report by W-7197: Worker used incorrect gloves for manual handling task. Supervisor corrected the action.,Unsafe Act,NO,Confined Space,LOW,,,,,Unit A,Compressor,synthetic,stopped work,colleague intervened,replaced equipment,updated procedures,False
d46955bf-fea6-40cf-a092-377b8d1bdb53,[Oct 11] Report by W-6883: Worker used incorrect gloves for manual handling task. Supervisor corrected the action.,Unsafe Condition,NO,Energy Isolation,MEDIUM,,,,,Refinery Sector 4,Valve,synthetic,stopped work,colleague intervened,cleaned up,,True
4a8507bd-7faa-44ed-99ac-45c320421454,[Oct 15] Report by W-2391: Worker used incorrect gloves for manual handling task. Supervisor corrected the action.,Unsafe Condition,NO,Energy Isolation,MEDIUM,,,,,Offshore Platform 1,Valve,synthetic,reported to supervisor,supervisor intervened,replaced equipment,,True
8129518d-29a7-4faa-8086-b9dbd1b85beb,[Oct 15] Report by W-2391: Worker used incorrect gloves for manual handling task. Supervisor corrected the action.,Unsafe Condition,NO,Energy Isolation,MEDIUM,,,,,Offshore Platform 1,Valve,synthetic,reported to supervisor,supervisor intervened,replaced equipment,,True
b36a64d2-401c-4f97-8cc4-23db26e459cb,[Oct 19] Report by W-7194: Worker used incorrect gloves for manual handling task. Supervisor corrected the action.,Unsafe Act,NO,Electrical,MEDIUM,,,,,Offshore Platform 1,Electrical Panel,synthetic,,colleague intervened,cleaned up,,
e041beb8-b960-42b4-b29e-d23d7ddb9911,[Oct 15] Report by W-5933: Small oil spill near Compressor at Refinery Sector 4. Cleaned up promptly.,Unsafe Act,NO,Confined Space,MEDIUM,,,,,Refinery Sector 4,Compressor,synthetic,,,,retrained staff,False
fd22209a-9cb5-4fd9-9a4b-6c42d3d3954c,[Oct 6] Report by W-5466: Small oil spill near Compressor at Unit A. Cleaned up promptly.,Unsafe Act,NO,Energy Isolation,LOW,,,,,Unit A,Compressor,synthetic,stopped work,,replaced equipment,,False
3564df54-af0c-4977-91c0-06cc9a3c1d9f,[Oct 2] Report by W-5337: Trip hazard due to loose cables near Electrical Panel. Cables were immediately organized.,Unsafe Condition,NO,Pressure,LOW,,,,,Unit A,Electrical Panel,synthetic,,supervisor intervened,cleaned up,retrained staff,
f0563438-f060-420f-956c-6934f92919e6,[Oct 16] Report by W-1973: Worker used incorrect gloves for manual handling task. Supervisor corrected the action.,Unsafe Condition,NO,Working at Height,LOW,,,,,Unit B,Electrical Panel,synthetic,,colleague intervened,replaced equipment,updated procedures,
2e1498ee-5a19-497c-9fbb-6c5ea245e1a7,[Oct 4] Report by W-9089: Trip hazard due to loose cables near Electrical Panel. Cables were immediately organized.,Unsafe Condition,NO,Electrical,MEDIUM,,,,,Unit A,Electrical Panel,synthetic,,colleague intervened,replaced equipment,,
6a7da0a4-1e1f-499b-b08c-12e0d559134e,[Oct 10] Report by W-6694: Worker observed not wearing safety glasses at Offshore Platform 1.,Unsafe Condition,NO,Pressure,MEDIUM,,,,,Offshore Platform 1,Valve,synthetic,reported to supervisor,,cleaned up,,True
e2d7393d-8c37-4d77-a590-e1390cc2af65,[Oct 3] Report by W-8298: Line opened with residual pressure on the Pump. High-energy release narrowly missed the operator.,Near Miss,YES,Pressure,HIGH,,,,,Refinery Sector 4,Pump,synthetic,stopped work,,replaced equipment,updated procedures,True
7e8f5ce0-2e20-4f1f-88e0-66269c2255f0,[Oct 12] Report by W-5349: Worker observed not wearing safety glasses at Unit A.,Unsafe Act,NO,Slips/Trips,LOW,,,,,Unit A,Electrical Panel,synthetic,stopped work,,cleaned up,,True
be602808-36d0-4192-9d1e-c7c239254028,[Oct 8] Report by W-3324: Worker used incorrect gloves for manual handling task. Supervisor corrected the action.,Unsafe Condition,NO,Manual Handling,LOW,,,,,Unit B,Electrical Panel,synthetic,,supervisor intervened,,updated procedures,True
b28f858b-2403-4313-bd84-567e7ebf9862,[Oct 9] Report by W-9499: Worker observed not wearing safety glasses at Offshore Platform 1.,Unsafe Condition,NO,Manual Handling,LOW,,,,,Offshore Platform 1,Valve,synthetic,stopped work,,cleaned up,retrained staff,True
ada54f5e-04eb-4d0b-a4c3-1b0f8c0d9e85,[Oct 21] Report by W-2016: Small oil spill near Valve at Offshore Platform 1. Cleaned up promptly.,Unsafe Act,NO,Manual Handling,LOW,,,,,Offshore Platform 1,Valve,synthetic,,,,,
a23d9130-94b3-4f8f-9a0b-b058b12a6bbc,[Oct 21] Report by W-6197: Worker used incorrect gloves for manual handling task. Supervisor corrected the action.,Unsafe Act,NO,Electrical,LOW,,,,,Offshore Platform 1,Compressor,synthetic,,supervisor intervened,cleaned up,retrained staff,False
9e8083a2-1cdc-41e7-8f22-d0c10362a13e,[Oct 10] Report by W-1728: Trip hazard due to loose cables near Pump. Cables were immediately organized.,Unsafe Act,NO,Manual Handling,LOW,,,,,Unit B,Pump,synthetic,stopped work,colleague intervened,,retrained staff,True
5983c63f-49f4-417c-a9d4-7406c0767821,[Oct 4] Report by W-6252: Small oil spill near Heat Exchanger at Unit A. Cleaned up promptly.,Unsafe Condition,NO,Electrical,MEDIUM,,,,,Unit A,Heat Exchanger,synthetic,reported to supervisor,colleague intervened,cleaned up,updated procedures,True
65255b27-7296-4319-b7cb-c2193759004f,[Oct 5] Report by W-7887: Trip hazard due to loose cables near Pump. Cables were immediately organized.,Unsafe Condition,NO,Pressure,MEDIUM,,,,,Offshore Platform 1,Pump,synthetic,,colleague intervened,,retrained staff,True
6baf3afe-1ee7-492a-b4e2-b7c296d5a3da,[Oct 14] Report by W-4481: Worker observed not wearing safety glasses at Refinery Sector 4.,Unsafe Act,NO,Slips/Trips,MEDIUM,,,,,Refinery Sector 4,Compressor,synthetic,,,,,False
2917521c-03b2-416b-8861-8b840bc1631a,[Oct 22] Report by W-6525: Worker used incorrect gloves for manual handling task. Supervisor corrected the action.,Unsafe Condition,NO,Working at Height,MEDIUM,,,,,Offshore Platform 1,Electrical Panel,synthetic,stopped work,supervisor intervened,replaced equipment,retrained staff,True
e4dbeb5b-c994-4998-acaa-24b411c2ac50,[Oct 20] Report by W-6999: Small oil spill near Heat Exchanger at Refinery Sector 4. Cleaned up promptly.,Unsafe Condition,NO,Slips/Trips,MEDIUM,,,,,Refinery Sector 4,Heat Exchanger,synthetic,stopped work,,replaced equipment,,
0cb5d17c-eb47-4eb0-b0f1-931bdb636143,[Oct 14] Report by W-2780: Small oil spill near Valve at Unit B. Cleaned up promptly.,Unsafe Condition,NO,Energy Isolation,LOW,,,,,Unit B,Valve,synthetic,reported to supervisor,colleague intervened,,retrained staff,False
8d687a6f-8d9b-418c-a758-2fec3dc596e8,[Oct 27] Report by W-1956: Worker observed not wearing safety glasses at Refinery Sector 4.,Unsafe Condition,NO,Working at Height,LOW,,,,,Refinery Sector 4,Heat Exchanger,synthetic,reported to supervisor,colleague intervened,,retrained staff,
7fcb4314-b03b-484b-aed8-4fb676a5e8a4,[Oct 27] Report by W-3709: Worker used incorrect gloves for manual handling task. Supervisor corrected the action.,Unsafe Act,NO,Working at Height,MEDIUM,,,,,Unit B,Electrical Panel,synthetic,,supervisor intervened,cleaned up,retrained staff,True
6b6e32e5-36a9-4de9-be8a-bc187af3cdf0,[Oct 26] Report by W-5633: Trip hazard due to loose cables near Compressor. Cables were immediately organized.,Unsafe Condition,NO,Pressure,MEDIUM,,,,,Refinery Sector 4,Compressor,synthetic,reported to supervisor,supervisor intervened,replaced equipment,,False
c8d7df3c-e2f9-44e5-950f-5a1c947508eb,[Oct 6] Report by W-2061: Worker observed not wearing safety glasses at Offshore Platform 1.,Unsafe Condition,NO,Working at Height,LOW,,,,,Offshore Platform 1,Compressor,synthetic,,colleague intervened,replaced equipment,updated procedures,False
317a47ba-24ed-4def-a6a3-85d6638525c0,[Oct 25] Report by W-5852: Small oil spill near Valve at Offshore Platform 1. Cleaned up promptly.,Unsafe Act,NO,Pressure,MEDIUM,,,,,Offshore Platform 1,Valve,synthetic,reported to supervisor,,cleaned up,updated procedures,False
3e609dc9-d41e-45ae-9a5e-520178e25a60,[Oct 21] Report by W-7916: Trip hazard due to loose cables near Compressor. Cables were immediately organized.,Unsafe Act,NO,Energy Isolation,LOW,,,,,Refinery Sector 4,Compressor,synthetic,stopped work,supervisor intervened,replaced equipment,retrained staff,False
92fe40fd-1e16-499f-a647-9b04f7c4695e,[Oct 2] Report by W-3567: Trip hazard due to loose cables near Heat Exchanger. Cables were immediately organized.,Unsafe Condition,NO,Electrical,MEDIUM,,,,,Offshore Platform 1,Heat Exchanger,synthetic,stopped work,supervisor intervened,,retrained staff,False
11eb12dd-fb37-444a-832d-ede626a97633,[Oct 8] Report by W-3771: Worker observed not wearing safety glasses at Unit B.,Unsafe Act,NO,Working at Height,LOW,,,,,Unit B,Pump,synthetic,,,replaced equipment,,False
1c42f8dd-d2ef-4e23-878d-1712cfc76adf,[Oct 15] Report by W-9245: Trip hazard due to loose cables near Electrical Panel. Cables were immediately organized.,Unsafe Act,NO,Manual Handling,LOW,,,,,Offshore Platform 1,Electrical Panel,synthetic,reported to supervisor,,cleaned up,updated procedures,False
c6d861eb-1438-4cad-a748-f77362a8c0a5,[Oct 16] Report by W-2593: Small oil spill near Pump at Offshore Platform 1. Cleaned up promptly.,Unsafe Act,NO,Slips/Trips,LOW,,,,,Offshore Platform 1,Pump,synthetic,stopped work,colleague intervened,cleaned up,updated procedures,
74ee6208-7cae-4bf3-b3d2-842c7718c817,[Oct 13] Report by W-5166: Worker used incorrect gloves for manual handling task. Supervisor corrected the action.,Unsafe Condition,NO,Confined Space,MEDIUM,,,,,Unit B,Compressor,synthetic,,,,retrained staff,False
b03749e0-af45-44e7-b84f-8a9bc7442b6b,[Oct 13] Report by W-4508: Worker observed not wearing safety glasses at Unit B.,Unsafe Act,NO,Electrical,MEDIUM,,,,,Unit B,Valve,synthetic,,supervisor intervened,,updated procedures,False
dc81c5be-4c80-4e48-bf49-2e68cdaa5517,[Oct 8] Report by W-9023: Worker observed not wearing safety glasses at Unit A.,Unsafe Condition,NO,Slips/Trips,MEDIUM,,,,,Unit A,Valve,synthetic,,colleague intervened,,updated procedures,True
e64f22d3-752c-47ce-83c6-79ed304c89c1,[Oct 18] Report by W-1136: Worker observed not wearing safety glasses at Unit A.,Unsafe Act,NO,Pressure,LOW,,,,,Unit A,Electrical Panel,synthetic,,supervisor intervened,cleaned up,,False
758c5746-b430-4de1-ae8a-1d1bc80bdabd,[Oct 13] Report by W-7607: Small oil spill near Compressor at Unit A. Cleaned up promptly.,Unsafe Condition,NO,Electrical,MEDIUM,,,,,Unit A,Compressor,synthetic,reported to supervisor,supervisor intervened,,retrained staff,
5d6f035a-2b75-4e43-a352-4374d7913f44,[Oct 13] Report by W-2601: Trip hazard due to loose cables near Electrical Panel. Cables were immediately organized.,Unsafe Condition,NO,Slips/Trips,MEDIUM,,,,,Refinery Sector 4,Electrical Panel,synthetic,,,,updated procedures,False
f2dbce45-908c-4980-9b73-ceec3ac19b6a,,Unsafe Act,NO,Manual Handling,LOW,,,,,Unit B,Electrical Panel,synthetic,,supervisor intervened,replaced equipment,updated procedures,True
14b1de27-70ab-4779-b628-8366d4671f67,[Oct 9] Report by W-6227: Worker observed not wearing safety glasses at Refinery Sector 4.,Unsafe Act,NO,Pressure,LOW,,,,,Refinery Sector 4,Compressor,synthetic,reported to supervisor,,replaced equipment,retrained staff,
b20f89d9-dcc1-433b-b71c-4fba436d0be0,[Oct 13] Report by W-8456: Small oil spill near Heat Exchanger at Refinery Sector 4. Cleaned up promptly.,Unsafe Condition,NO,Confined Space,MEDIUM,,,,,Refinery Sector 4,Heat Exchanger,synthetic,reported to supervisor,supervisor intervened,cleaned up,updated procedures,False
016a262b-1d8b-49ac-9fa3-16f55bf4e437,"[Oct 20] Report by W-1144: During maintenance of the Pump at Offshore Platform 1, the technician started work without isolating the equipment. The Pump was still energized.",Near Miss,YES,Working at Height,CRITICAL,,,,,Offshore Platform 1,Pump,synthetic,reported to supervisor,,cleaned up,updated procedures,False
46fb02b7-4725-4be2-868a-ca6e8c8a99a0,[Oct 23] Report by W-4772: Trip hazard due to loose cables near Valve. Cables were immediately organized.,Unsafe Condition,NO,Pressure,MEDIUM,,,,,Unit A,Valve,synthetic,reported to supervisor,,cleaned up,retrained staff,False
fe9b051d-2057-4d8c-b018-bbba50eb7103,[Oct 1] Report by W-3571: Trip hazard due to loose cables near Pump. Cables were immediately organized.,Unsafe Condition,NO,Confined Space,LOW,,,,,Offshore Platform 1,Pump,synthetic,stopped work,colleague intervened,cleaned up,retrained staff,
655cc47e-9c5f-42ea-8da8-7928ea58b9b4,[Oct 27] Report by W-1842: Worker observed not wearing safety glasses at Unit B.,Unsafe Condition,NO,Slips/Trips,MEDIUM,,,,,Unit B,Compressor,synthetic,,supervisor intervened,replaced equipment,updated procedures,
030d70df-ec42-4883-a438-ffff829e379b,[Oct 12] Report by W-5385: Worker observed not wearing safety glasses at Unit A.,Unsafe Act,NO,Slips/Trips,LOW,,,,,Unit A,Heat Exchanger,synthetic,,colleague intervened,replaced equipment,updated procedures,True
36f6c298-cf3f-4747-8874-39874022adf3,[Oct 25] Report by W-7526: Worker used incorrect gloves for manual handling task. Supervisor corrected the action.,Unsafe Condition,NO,Slips/Trips,MEDIUM,,,,,Unit A,Heat Exchanger,synthetic,stopped work,,cleaned up,,False
0d5c0074-72eb-40d7-8bed-32138660dc87,[Oct 22] Report by W-5880: Worker observed not wearing safety glasses at Unit A.,Unsafe Condition,NO,Confined Space,LOW,,,,,Unit A,Electrical Panel,synthetic,stopped work,colleague intervened,replaced equipment,retrained staff,False
20517f49-bb52-4f33-8722-ffa135769ee8,[Oct 7] Report by W-3948: Trip hazard due to loose cables near Valve. Cables were immediately organized.,Unsafe Condition,NO,Pressure,MEDIUM,,,,,Unit A,Valve,synthetic,reported to supervisor,,,retrained staff,
14961a2d-7c5d-4874-a71a-bbec3f9f225c,<div><p>[Oct 15] Report by W-9461: Small oil spill near Valve at Unit A. Cleaned up promptly.</p></div>,Unsafe Act,NO,Pressure,LOW,,,,,Unit A,Valve,synthetic,stopped work,,cleaned up,retrained staff,
9863aee8-76df-4a85-8eaa-4d8453f6d6dc,[Oct 3] Report by W-6976: Small oil spill near Electrical Panel at Unit B. Cleaned up promptly.,Unsafe Condition,NO,Confined Space,LOW,,,,,Unit B,Electrical Panel,synthetic,stopped work,,,,True
ea2f8f09-dd59-4ba6-9e74-e5f3352109d0,[Oct 20] Report by W-2521: Worker observed not wearing safety glasses at Unit A.,Unsafe Condition,NO,Pressure,MEDIUM,,,,,Unit A,Electrical Panel,synthetic,reported to supervisor,colleague intervened,,updated procedures,True
be46070f-5d3b-403f-8daa-8fa3dbb663eb,<div><p>[Oct 3] Report by W-6379: Worker observed not wearing safety glasses at Offshore Platform 1.</p></div>,Unsafe Condition,NO,Energy Isolation,LOW,,,,,Offshore Platform 1,Valve,synthetic,,supervisor intervened,,,True
1eabc06a-699c-4efe-9925-99f4fc4f32a1,[Oct 25] Report by W-7590: Worker used incorrect gloves for manual handling task. Supervisor corrected the action.,Unsafe Act,NO,Working at Height,LOW,,,,,Unit B,Electrical Panel,synthetic,,colleague intervened,,,True
d1ef485d-b8f2-40ef-b1fc-4a874ed38645,[Oct 27] Report by W-6582: Worker observed not wearing safety glasses at Unit B.,Unsafe Condition,NO,Slips/Trips,MEDIUM,,,,,Unit B,Heat Exchanger,synthetic,reported to supervisor,supervisor intervened,cleaned up,,
4d4b53da-cee9-462a-8909-acb9cb440df5,[Oct 12] Report by W-1488: Trip hazard due to loose cables near Electrical Panel. Cables were immediately organized.,Unsafe Act,NO,Confined Space,MEDIUM,,,,,Refinery Sector 4,Electrical Panel,synthetic,stopped work,supervisor intervened,cleaned up,updated procedures,True
6336db56-542b-4c87-9cc6-bcd7279f20f5,[Oct 22] Report by W-8814: Trip hazard due to loose cables near Electrical Panel. Cables were immediately organized.,Unsafe Condition,NO,Pressure,LOW,,,,,Unit A,Electrical Panel,synthetic,,supervisor intervened,,,False
832149f4-86a6-41f1-a86a-3ac3b605c5df,[Oct 21] Report by W-4053: Small oil spill near Heat Exchanger at Unit A. Cleaned up promptly.,Unsafe Act,NO,Pressure,LOW,,,,,Unit A,Heat Exchanger,synthetic,reported to supervisor,colleague intervened,,,False
559cfc2e-c3e6-4eb0-9546-0fd295cf005b,[Oct 17] Report by W-1761: Worker observed not wearing safety glasses at Refinery Sector 4.,Unsafe Condition,NO,Pressure,MEDIUM,,,,,Refinery Sector 4,Compressor,synthetic,stopped work,supervisor intervened,cleaned up,,False
c0dd863d-ac79-49bb-8e69-f323ddf040b8,[Oct 10] Report by W-2570: Trip hazard due to loose cables near Compressor. Cables were immediately organized.,Unsafe Act,NO,Slips/Trips,MEDIUM,,,,,Refinery Sector 4,Compressor,synthetic,reported to supervisor,colleague intervened,replaced equipment,updated procedures,False
d6d67dc7-fb34-4c50-bdde-7bbfade299fe,[Oct 28] Report by W-2435: Trip hazard due to loose cables near Compressor. Cables were immediately organized.,Unsafe Condition,NO,Electrical,LOW,,,,,Unit A,Compressor,synthetic,reported to supervisor,supervisor intervened,cleaned up,updated procedures,
77dd5c6d-2b2b-4013-9b5f-150c3901da5f,[Oct 4] Report by W-5826: Worker entered the confined space at Refinery Sector 4 without conducting a gas test. No standby person was present.,Unsafe Act,YES,Confined Space,HIGH,,,,,Refinery Sector 4,Heat Exchanger,synthetic,stopped work,colleague intervened,cleaned up,,
7a2c57a4-a546-4700-be3c-b3e4eb013c74,[Oct 7] Report by W-7115: Trip hazard due to loose cables near Electrical Panel. Cables were immediately organized.,Unsafe Condition,NO,Confined Space,MEDIUM,,,,,Unit A,Electrical Panel,synthetic,stopped work,,cleaned up,,True
21b1854f-d755-43c1-a7f5-15d1fd7e9a11,[Oct 27] Report by W-9301: Worker observed not wearing safety glasses at Refinery Sector 4.,Unsafe Condition,NO,Energy Isolation,LOW,,,,,Refinery Sector 4,Pump,synthetic,,supervisor intervened,replaced equipment,,True
f02a62c0-7f3f-4d6c-a23c-2bd479e283d2,[Oct 11] Report by W-1897: Small oil spill near Pump at Unit B. Cleaned up promptly.,Unsafe Condition,NO,Working at Height,LOW,,,,,Unit B,Pump,synthetic,,,replaced equipment,retrained staff,False
0d408c7e-fc71-4557-a785-08e722bcd4ab,[Oct 20] Report by W-4761: Worker observed not wearing safety glasses at Refinery Sector 4.,Unsafe Condition,NO,Confined Space,MEDIUM,,,,,Refinery Sector 4,Electrical Panel,synthetic,reported to supervisor,colleague intervened,,retrained staff,
30903763-7985-4dfc-96b4-eca1442ff458,[Oct 14] Report by W-6196: Worker observed not wearing safety glasses at Refinery Sector 4.,Unsafe Act,NO,Working at Height,MEDIUM,,,,,Refinery Sector 4,Compressor,synthetic,stopped work,supervisor intervened,cleaned up,retrained staff,True
d42d7935-c844-4a72-8439-2d1644a896a0,[Oct 18] Report by W-5799: Trip hazard due to loose cables near Pump. Cables were immediately organized.,Unsafe Condition,NO,Energy Isolation,MEDIUM,,,,,Unit B,Pump,synthetic,stopped work,,cleaned up,,True
88946c6f-d1c5-40ce-bc21-02f85a34c5db,[Oct 26] Report by W-5572: Worker used incorrect gloves for manual handling task. Supervisor corrected the action.,Unsafe Condition,NO,Energy Isolation,MEDIUM,,,,,Unit A,Compressor,synthetic,,colleague intervened,replaced equipment,retrained staff,
fdb5ffd7-d684-4f13-ac73-d65d31e0098c,[Oct 2] Report by W-5031: Line opened with residual pressure on the Valve. High-energy release narrowly missed the operator.,Unsafe Act,YES,Confined Space,HIGH,,,,,Offshore Platform 1,Valve,synthetic,,supervisor intervened,replaced equipment,updated procedures,
4ff9b9c8-8fd7-4b3e-ab6b-96ebc75962c7,[Oct 17] Report by W-2202: Small oil spill near Heat Exchanger at Unit B. Cleaned up promptly.,Unsafe Act,NO,Slips/Trips,LOW,,,,,Unit B,Heat Exchanger,synthetic,,,,retrained staff,False
a59263ef-cb2f-4c8b-a88e-d26a88a615d4,[Oct 9] Report by W-2841: Small oil spill near Pump at Unit B. Cleaned up promptly.,Unsafe Act,NO,Energy Isolation,MEDIUM,,,,,Unit B,Pump,synthetic,stopped work,colleague intervened,cleaned up,,True
0534db28-c3ac-496e-be65-13a6f9b38dc8,[Oct 14] Report by W-2893: Small oil spill near Compressor at Unit B. Cleaned up promptly.,Unsafe Condition,NO,Energy Isolation,MEDIUM,,,,,Unit B,Compressor,synthetic,reported to supervisor,,,,
12292335-1441-4cf9-b894-5d72a3d01693,[Oct 14] Report by W-2841: Worker observed not wearing safety glasses at Refinery Sector 4.,Unsafe Act,NO,Working at Height,LOW,,,,,Refinery Sector 4,Heat Exchanger,synthetic,,colleague intervened,replaced equipment,,
92244146-dd32-4da3-bdee-848cdb838acf,[Oct 24] Report by W-5602: Worker observed not wearing safety glasses at Refinery Sector 4.,Unsafe Condition,NO,Slips/Trips,MEDIUM,,,,,Refinery Sector 4,Electrical Panel,synthetic,reported to supervisor,colleague intervened,,,False
a44390b3-51d3-4517-9e50-ffa3c055d6e4,[Oct 20] Report by W-7091: Trip hazard due to loose cables near Compressor. Cables were immediately organized.,Unsafe Condition,NO,Working at Height,MEDIUM,,,,,Offshore Platform 1,Compressor,synthetic,,supervisor intervened,,updated procedures,
e703cd97-0ea3-4ce0-befb-a0b697282aec,[Oct 1] Report by W-8596: Worker observed not wearing safety glasses at Unit A.,Unsafe Condition,NO,Working at Height,MEDIUM,,,,,Unit A,Electrical Panel,synthetic,reported to supervisor,supervisor intervened,replaced equipment,,
43ed5f53-e677-4896-a390-6fa3badda9d8,[Oct 27] Report by W-1758: Trip hazard due to loose cables near Valve. Cables were immediately organized.,Unsafe Act,NO,Pressure,LOW,,,,,Unit A,Valve,synthetic,stopped work,,,updated procedures,True
5bcd97d0-553f-4794-8703-a9fe2c8d2828,[Oct 6] Report by W-2644: Trip hazard due to loose cables near Electrical Panel. Cables were immediately organized.,Unsafe Act,NO,Manual Handling,MEDIUM,,,,,Unit A,Electrical Panel,synthetic,reported to supervisor,supervisor intervened,replaced equipment,retrained staff,True
06899e75-5df1-439c-8da2-190ed97ccdc4,[Oct 22] Report by W-2453: Worker observed not wearing safety glasses at Offshore Platform 1.,Unsafe Act,NO,Confined Space,MEDIUM,,,,,Offshore Platform 1,Heat Exchanger,synthetic,,colleague intervened,,updated procedures,True
d29e1355-bc54-4977-8219-4aba688d0f34,[Oct 25] Report by W-7659: Trip hazard due to loose cables near Compressor. Cables were immediately organized.,Unsafe Condition,NO,Confined Space,MEDIUM,,,,,Offshore Platform 1,Compressor,synthetic,stopped work,,cleaned up,retrained staff,False
3cc48085-f58a-4c64-b533-c0dff19c3f3f,[Oct 17] Report by W-8328: Worker observed not wearing safety glasses at Unit B.,Unsafe Act,NO,Energy Isolation,MEDIUM,,,,,Unit B,Electrical Panel,synthetic,,colleague intervened,replaced equipment,retrained staff,True
1ff972b0-b78b-41f4-82c5-742c9657bb83,[Oct 14] Report by W-6311: Trip hazard due to loose cables near Heat Exchanger. Cables were immediately organized.,Unsafe Condition,NO,Slips/Trips,LOW,,,,,Unit A,Heat Exchanger,synthetic,,supervisor intervened,replaced equipment,updated procedures,False
72b6a673-7fc8-491f-86cf-04aac0378414,[Oct 5] Report by W-9485: Small oil spill near Compressor at Refinery Sector 4. Cleaned up promptly.,Unsafe Condition,NO,Confined Space,MEDIUM,,,,,Refinery Sector 4,Compressor,synthetic,,colleague intervened,cleaned up,updated procedures,True
db9109cc-9c6d-4096-bd35-16cb2f144b15,[Oct 9] Report by W-1520: Worker observed not wearing safety glasses at Unit A.,Unsafe Act,NO,Pressure,MEDIUM,,,,,Unit A,Pump,synthetic,,supervisor intervened,cleaned up,retrained staff,False
2c7eaab8-ec72-47c1-8ef9-0cf874e45152,[Oct 25] Report by W-4728: Worker used incorrect gloves for manual handling task. Supervisor corrected the action.,Unsafe Act,NO,Confined Space,LOW,,,,,Refinery Sector 4,Heat Exchanger,synthetic,stopped work,,,,True
3270c807-f043-409b-ac45-ea89779453ad,[Oct 6] Report by W-4469: Worker used incorrect gloves for manual handling task. Supervisor corrected the action.,Unsafe Act,NO,Electrical,LOW,,,,,Offshore Platform 1,Electrical Panel,synthetic,reported to supervisor,colleague intervened,replaced equipment,,True
d0b9c3df-aba7-437f-8f01-3817880cf846,[Oct 17] Report by W-7411: Worker used incorrect gloves for manual handling task. Supervisor corrected the action.,Unsafe Condition,NO,Pressure,MEDIUM,,,,,Unit B,Heat Exchanger,synthetic,reported to supervisor,,replaced equipment,,False
e6cee176-0a50-436e-940a-bb4c765c7915,[Oct 6] Report by W-1247: Small oil spill near Pump at Unit B. Cleaned up promptly.,Unsafe Act,NO,Slips/Trips,LOW,,,,,Unit B,Pump,synthetic,reported to supervisor,,cleaned up,retrained staff,True
db5d5c6b-cc7f-4741-8e40-8fbbfd065268,[Oct 26] Report by W-7282: Worker observed not wearing safety glasses at Refinery Sector 4.,Unsafe Condition,NO,Electrical,LOW,,,,,Refinery Sector 4,Pump,synthetic,,colleague intervened,cleaned up,,False
b4702fd5-9f03-415e-a8ab-43d85ccbf295,[Oct 25] Report by W-9210: Small oil spill near Valve at Unit B. Cleaned up promptly.,Unsafe Condition,NO,Energy Isolation,MEDIUM,,,,,Unit B,Valve,synthetic,,colleague intervened,,updated procedures,
032bed4f-e063-4eae-91a2-cfe1cdfc004d,[Oct 4] Report by W-3844: Worker used incorrect gloves for manual handling task. Supervisor corrected the action.,Unsafe Act,NO,Pressure,LOW,,,,,Unit B,Heat Exchanger,synthetic,stopped work,supervisor intervened,cleaned up,updated procedures,
eeca391f-bb96-4d1b-90ca-35b745a28e08,[Oct 13] Report by W-5066: Small oil spill near Electrical Panel at Unit B. Cleaned up promptly.,Unsafe Condition,NO,Working at Height,MEDIUM,,,,,Unit B,Electrical Panel,synthetic,,,cleaned up,retrained staff,
bb2642c9-8a50-4923-81df-28eedc3fe63e,[Oct 24] Report by W-1463: Trip hazard due to loose cables near Valve. Cables were immediately organized.,Unsafe Act,NO,Working at Height,LOW,,,,,Offshore Platform 1,Valve,synthetic,stopped work,,,retrained staff,False
5d6fb6a5-7818-4837-bb82-648f1a23b842,[Oct 23] Report by W-6782: Trip hazard due to loose cables near Electrical Panel. Cables were immediately organized.,Unsafe Condition,NO,Electrical,MEDIUM,,,,,Offshore Platform 1,Electrical Panel,synthetic,stopped work,supervisor intervened,cleaned up,retrained staff,
348fe5cf-7792-4fee-b85b-e8bd6077d99c,[Oct 19] Report by W-4721: Small oil spill near Compressor at Offshore Platform 1. Cleaned up promptly.,Unsafe Act,NO,Electrical,MEDIUM,,,,,Offshore Platform 1,Compressor,synthetic,stopped work,,,retrained staff,True
132648cb-af16-418a-8b25-76104838d688,[Oct 24] Report by W-9851: Worker used incorrect gloves for manual handling task. Supervisor corrected the action.,Unsafe Act,NO,Working at Height,LOW,,,,,Unit A,Pump,synthetic,reported to supervisor,colleague intervened,,updated procedures,
95a1bf8f-ea60-4f3d-9987-4029334cb2f6,[Oct 20] Report by W-7623: Worker used incorrect gloves for manual handling task. Supervisor corrected the action.,Unsafe Act,NO,Electrical,MEDIUM,,,,,Refinery Sector 4,Pump,synthetic,stopped work,,replaced equipment,updated procedures,True
743b3201-fb5f-475c-b7ab-84fcc3f67ca1,[Oct 24] Report by W-6399: Small oil spill near Compressor at Offshore Platform 1. Cleaned up promptly.,Unsafe Condition,NO,Working at Height,MEDIUM,,,,,Offshore Platform 1,Compressor,synthetic,stopped work,supervisor intervened,replaced equipment,,True
fa2d68e2-9685-4505-a80a-229d3b9eac02,[Oct 25] Report by W-5660: Worker observed not wearing safety glasses at Unit B.,Unsafe Act,NO,Manual Handling,LOW,,,,,Unit B,Pump,synthetic,,colleague intervened,replaced equipment,retrained staff,False
9a98298f-32f4-46b0-b118-c4f66940510f,[Oct 10] Report by W-8893: Trip hazard due to loose cables near Heat Exchanger. Cables were immediately organized.,Unsafe Act,NO,Energy Isolation,LOW,,,,,Offshore Platform 1,Heat Exchanger,synthetic,reported to supervisor,,replaced equipment,updated procedures,
0a8439d4-025a-4d1f-9d78-bef530db6fa2,[Oct 18] Report by W-1493: Worker observed not wearing safety glasses at Offshore Platform 1.,Unsafe Condition,NO,Working at Height,MEDIUM,,,,,Offshore Platform 1,Compressor,synthetic,,supervisor intervened,,retrained staff,False
320e0906-3334-4a98-9ee1-5d3d1f3764d0,[Oct 12] Report by W-6734: Worker observed not wearing safety glasses at Refinery Sector 4.,Unsafe Condition,NO,Energy Isolation,LOW,,,,,Refinery Sector 4,Compressor,synthetic,,colleague intervened,cleaned up,,False
9b687386-2574-4f94-8d0b-0f179c163a73,[Oct 22] Report by W-1336: Worker used incorrect gloves for manual handling task. Supervisor corrected the action.,Unsafe Condition,NO,Manual Handling,LOW,,,,,Refinery Sector 4,Pump,synthetic,reported to supervisor,,cleaned up,,True
602fab26-97c4-4543-bde7-23d2b2466063,<div><p>[Oct 6] Report by W-3262: Worker observed not wearing safety glasses at Unit B.</p></div>,Unsafe Act,NO,Working at Height,MEDIUM,,,,,Unit B,Heat Exchanger,synthetic,stopped work,colleague intervened,cleaned up,retrained staff,True
b0ad1fb1-c38f-444f-b5c9-e767b3ad91f0,[Oct 3] Report by W-4012: Worker used incorrect gloves for manual handling task. Supervisor corrected the action.,Unsafe Act,NO,Slips/Trips,MEDIUM,,,,,Unit B,Pump,synthetic,reported to supervisor,supervisor intervened,replaced equipment,retrained staff,False
f95894c4-1f68-4d19-ae63-9385605de440,[Oct 3] Report by W-4012: Worker used incorrect gloves for manual handling task. Supervisor corrected the action.,Unsafe Act,NO,Slips/Trips,MEDIUM,,,,,Unit B,Pump,synthetic,reported to supervisor,supervisor intervened,replaced equipment,retrained staff,False
b219f629-5859-4693-9d80-46a1407f2fa2,[Oct 26] Report by W-1908: Small oil spill near Valve at Refinery Sector 4. Cleaned up promptly.,Unsafe Act,NO,Slips/Trips,MEDIUM,,,,,Refinery Sector 4,Valve,synthetic,stopped work,,,updated procedures,False
6a6974b5-7b84-4ca1-8233-ad88d349612f,[Oct 27] Report by W-2585: Small oil spill near Heat Exchanger at Refinery Sector 4. Cleaned up promptly.,Unsafe Condition,NO,Confined Space,MEDIUM,,,,,Refinery Sector 4,Heat Exchanger,synthetic,,supervisor intervened,replaced equipment,updated procedures,
2ea0966a-882b-4b6a-9054-d1d54ccc8a35,<div><p>[Oct 18] Report by W-7536: Trip hazard due to loose cables near Valve. Cables were immediately organized.</p></div>,Unsafe Act,NO,Working at Height,LOW,,,,,Offshore Platform 1,Valve,synthetic,,colleague intervened,cleaned up,,False
abd201cf-fd0e-41b5-bdc1-d84fff25983e,<div><p>[Oct 18] Report by W-7536: Trip hazard due to loose cables near Valve. Cables were immediately organized.</p></div>,Unsafe Act,NO,Working at Height,LOW,,,,,Offshore Platform 1,Valve,synthetic,,colleague intervened,cleaned up,,False
8ad2c0ed-0379-41be-80e7-43d2ef847cde,[Oct 7] Report by W-2023: Worker used incorrect gloves for manual handling task. Supervisor corrected the action.,Unsafe Condition,NO,Energy Isolation,LOW,,,,,Unit B,Electrical Panel,synthetic,,supervisor intervened,,updated procedures,False
eed4c08c-7f47-41d5-9ebd-128042a30cb2,[Oct 2] Report by W-3579: Trip hazard due to loose cables near Valve. Cables were immediately organized.,Unsafe Condition,NO,Electrical,MEDIUM,,,,,Refinery Sector 4,Valve,synthetic,,supervisor intervened,replaced equipment,,False
2a6bed9f-f96c-4227-b756-a657b5d6033a,[Oct 13] Report by W-3882: Worker used incorrect gloves for manual handling task. Supervisor corrected the action.,Unsafe Condition,NO,Working at Height,MEDIUM,,,,,Offshore Platform 1,Pump,synthetic,stopped work,colleague intervened,replaced equipment,updated procedures,True
14b7e157-3e6d-4864-a92c-a50be20e6bee,[Oct 23] Report by W-9254: Worker observed not wearing safety glasses at Offshore Platform 1.,Unsafe Act,NO,Manual Handling,LOW,,,,,Offshore Platform 1,Heat Exchanger,synthetic,,colleague intervened,cleaned up,updated procedures,
bf83d2e1-60ad-43ab-9b8d-d34449e9d7ef,[Oct 14] Report by W-1425: Worker used incorrect gloves for manual handling task. Supervisor corrected the action.,Unsafe Condition,NO,Confined Space,MEDIUM,,,,,Refinery Sector 4,Electrical Panel,synthetic,stopped work,,,,False
5c781b64-fbae-4414-a492-5da19fcc6341,[Oct 15] Report by W-7720: Small oil spill near Compressor at Unit B. Cleaned up promptly.,Unsafe Condition,NO,Confined Space,LOW,,,,,Unit B,Compressor,synthetic,reported to supervisor,colleague intervened,,updated procedures,True
53108304-6479-4909-a776-5cb28c5da970,[Oct 9] Report by W-6269: Worker used incorrect gloves for manual handling task. Supervisor corrected the action.,Unsafe Condition,NO,Electrical,LOW,,,,,Offshore Platform 1,Heat Exchanger,synthetic,,supervisor intervened,,retrained staff,
88ede070-d60c-49f1-8171-484f6f9cf4c1,[Oct 1] Report by W-4104: Worker used incorrect gloves for manual handling task. Supervisor corrected the action.,Unsafe Condition,NO,Energy Isolation,LOW,,,,,Refinery Sector 4,Electrical Panel,synthetic,stopped work,colleague intervened,cleaned up,updated procedures,True
031e8909-b46d-4345-8af7-10f0e4115646,[Oct 22] Report by W-6820: Trip hazard due to loose cables near Valve. Cables were immediately organized.,Unsafe Act,NO,Working at Height,MEDIUM,,,,,Unit A,Valve,synthetic,,supervisor intervened,,,False
6d356443-191f-4f03-9d53-57e09dc676aa,[Oct 16] Report by W-6202: Worker used incorrect gloves for manual handling task. Supervisor corrected the action.,Unsafe Act,NO,Slips/Trips,LOW,,,,,Offshore Platform 1,Pump,synthetic,,,replaced equipment,retrained staff,False
17ee8ae8-2feb-4b3c-8d77-448fba84142b,[Oct 1] Report by W-8309: Trip hazard due to loose cables near Electrical Panel. Cables were immediately organized.,Unsafe Act,NO,Working at Height,LOW,,,,,Unit A,Electrical Panel,synthetic,reported to supervisor,supervisor intervened,,updated procedures,
2678aceb-4a97-4435-8183-7b2a526b7578,[Oct 15] Report by W-6151: Worker used incorrect gloves for manual handling task. Supervisor corrected the action.,Unsafe Act,NO,Slips/Trips,MEDIUM,,,,,Offshore Platform 1,Heat Exchanger,synthetic,reported to supervisor,,cleaned up,updated procedures,False
ee1c7585-98dc-4cbd-b9f1-ba08b16787de,[Oct 20] Report by W-6212: Trip hazard due to loose cables near Compressor. Cables were immediately organized.,Unsafe Condition,NO,Electrical,LOW,,,,,Refinery Sector 4,Compressor,synthetic,,,,retrained staff,
956e71ae-d75d-45d3-a809-40eed2f2140c,[Oct 8] Report by W-1071: Worker used incorrect gloves for manual handling task. Supervisor corrected the action.,Unsafe Condition,NO,Working at Height,MEDIUM,,,,,Unit B,Electrical Panel,synthetic,stopped work,,cleaned up,,
d54061cf-def3-4a58-9063-a80430a30989,[Oct 11] Report by W-8469: Worker observed not wearing safety glasses at Refinery Sector 4.,Unsafe Act,NO,Energy Isolation,MEDIUM,,,,,Refinery Sector 4,Compressor,synthetic,stopped work,,cleaned up,updated procedures,False
544fa2ce-7ef3-457f-a79e-905f9193a9a4,[Oct 16] Report by W-9911: Small oil spill near Pump at Unit A. Cleaned up promptly.,Unsafe Condition,NO,Electrical,MEDIUM,,,,,Unit A,Pump,synthetic,reported to supervisor,colleague intervened,replaced equipment,,False
832556c3-48cc-4405-971d-b5a134526521,[Oct 27] Report by W-9562: Worker used incorrect gloves for manual handling task. Supervisor corrected the action.,Unsafe Condition,NO,Electrical,LOW,,,,,Refinery Sector 4,Heat Exchanger,synthetic,stopped work,colleague intervened,cleaned up,updated procedures,
6d31957f-291b-429d-8e06-e3ecec8ad3b2,[Oct 8] Report by W-3711: Worker used incorrect gloves for manual handling task. Supervisor corrected the action.,Unsafe Condition,NO,Electrical,LOW,,,,,Unit A,Pump,synthetic,stopped work,,replaced equipment,updated procedures,True
858d5980-4ab5-4fd1-9391-552f8bd814d8,[Oct 15] Report by W-5070: Worker observed not wearing safety glasses at Refinery Sector 4.,Unsafe Act,NO,Slips/Trips,LOW,,,,,Refinery Sector 4,Heat Exchanger,synthetic,reported to supervisor,colleague intervened,cleaned up,retrained staff,True
e36f0b22-9795-4c2f-b2c9-3d08a17a428a,[Oct 15] Report by W-5070: Worker observed not wearing safety glasses at Refinery Sector 4.,Unsafe Act,NO,Slips/Trips,LOW,,,,,Refinery Sector 4,Heat Exchanger,synthetic,reported to supervisor,colleague intervened,cleaned up,retrained staff,True
cc2e040b-c07f-481a-b006-1300b6706d1e,[Oct 14] Report by W-2309: Small oil spill near Pump at Refinery Sector 4. Cleaned up promptly.,Unsafe Condition,NO,Electrical,MEDIUM,,,,,Refinery Sector 4,Pump,synthetic,,,replaced equipment,updated procedures,True
fd4139f1-5e26-4d85-85d3-38982f76a3bf,[Oct 13] Report by W-6337: Trip hazard due to loose cables near Heat Exchanger. Cables were immediately organized.,Unsafe Condition,NO,Energy Isolation,LOW,,,,,Unit B,Heat Exchanger,synthetic,reported to supervisor,,,retrained staff,True
eb3bf2ac-730e-4009-8f28-ce5a460c52fc,[Oct 25] Report by W-9265: Small oil spill near Pump at Unit B. Cleaned up promptly.,Unsafe Act,NO,Slips/Trips,LOW,,,,,Unit B,Pump,synthetic,,,cleaned up,,False
ae80e313-344b-4a52-ae39-79b64a0075b4,[Oct 10] Report by W-1348: Worker used incorrect gloves for manual handling task. Supervisor corrected the action.,Unsafe Condition,NO,Energy Isolation,MEDIUM,,,,,Refinery Sector 4,Compressor,synthetic,reported to supervisor,colleague intervened,cleaned up,,False
bd475e82-33ba-4f55-93b1-00615a1f5d93,"[Oct 3] Report by W-1533: During maintenance of the Pump at Unit A, the technician started work without isolating the equipment. The Pump was still energized.",Near Miss,YES,Energy Isolation,HIGH,,,,,Unit A,Pump,synthetic,reported to supervisor,,,updated procedures,
4a9bc1c8-67df-469f-9af6-e87b51370336,[Oct 21] Report by W-3722: Trip hazard due to loose cables near Pump. Cables were immediately organized.,Unsafe Act,NO,Confined Space,LOW,,,,,Refinery Sector 4,Pump,synthetic,,supervisor intervened,replaced equipment,updated procedures,True
f9d32e4c-a0f5-4d9e-b56a-d6da22c2728a,[Oct 16] Report by W-1574: Small oil spill near Electrical Panel at Offshore Platform 1. Cleaned up promptly.,Unsafe Condition,NO,Manual Handling,MEDIUM,,,,,Offshore Platform 1,Electrical Panel,synthetic,stopped work,,,retrained staff,False
769a3511-fc1e-40e5-bfe0-4fc6a58f8aaa,[Oct 10] Report by W-6524: Worker used incorrect gloves for manual handling task. Supervisor corrected the action.,Unsafe Act,NO,Manual Handling,LOW,,,,,Unit A,Electrical Panel,synthetic,reported to supervisor,supervisor intervened,cleaned up,retrained staff,
7bf61eab-3361-4ef0-8b1c-7abadfd83faf,[Oct 26] Report by W-8384: Worker observed not wearing safety glasses at Unit B.,Unsafe Act,NO,Energy Isolation,LOW,,,,,Unit B,Pump,synthetic,reported to supervisor,colleague intervened,,retrained staff,True
5d238f5a-9536-4535-aa5a-cee58ed4fadd,[Oct 8] Report by W-7566: Worker used incorrect gloves for manual handling task. Supervisor corrected the action.,Unsafe Act,NO,Confined Space,MEDIUM,,,,,Offshore Platform 1,Valve,synthetic,reported to supervisor,supervisor intervened,,retrained staff,
b52f6638-bd94-4666-b2df-2a8b3b7df21a,[Oct 16] Report by W-2339: Worker used incorrect gloves for manual handling task. Supervisor corrected the action.,Unsafe Condition,NO,Slips/Trips,MEDIUM,,,,,Refinery Sector 4,Compressor,synthetic,reported to supervisor,,,updated procedures,False
21f9aa58-9d77-4e38-9053-07d3b0f06409,[Oct 4] Report by W-8008: Worker observed not wearing safety glasses at Offshore Platform 1.,Unsafe Condition,NO,Slips/Trips,LOW,,,,,Offshore Platform 1,Electrical Panel,synthetic,,colleague intervened,,updated procedures,True
c7086eb2-7e73-413c-b69f-82581cb0610e,[Oct 2] Report by W-5505: Worker observed not wearing safety glasses at Unit A.,Unsafe Condition,NO,Energy Isolation,LOW,,,,,Unit A,Compressor,synthetic,stopped work,,,updated procedures,
d00e4a29-fa21-4bff-a772-35416bbea7d9,[Oct 28] Report by W-8417: Small oil spill near Compressor at Unit A. Cleaned up promptly.,Unsafe Act,NO,Energy Isolation,LOW,,,,,Unit A,Compressor,synthetic,reported to supervisor,colleague intervened,cleaned up,retrained staff,False
c911afb3-0496-4347-a4d4-444da9296ae1,[Oct 1] Report by W-3180: Trip hazard due to loose cables near Valve. Cables were immediately organized.,Unsafe Condition,NO,Manual Handling,MEDIUM,,,,,Unit B,Valve,synthetic,stopped work,supervisor intervened,replaced equipment,,
82e1cd1f-e040-456a-939b-064023f55de6,[Oct 1] Report by W-3180: Trip hazard due to loose cables near Valve. Cables were immediately organized.,Unsafe Condition,NO,Manual Handling,MEDIUM,,,,,Unit B,Valve,synthetic,stopped work,supervisor intervened,replaced equipment,,
31a2147b-aa7e-4367-a90b-143a242c3ca2,[Oct 16] Report by W-6233: Worker observed not wearing safety glasses at Offshore Platform 1.,Unsafe Act,NO,Electrical,MEDIUM,,,,,Offshore Platform 1,Pump,synthetic,stopped work,,replaced equipment,,
8af29b35-50ad-494f-9611-0be56a3f283c,[Oct 16] Report by W-6233: Worker observed not wearing safety glasses at Offshore Platform 1.,Unsafe Act,NO,Electrical,MEDIUM,,,,,Offshore Platform 1,Pump,synthetic,stopped work,,replaced equipment,,
54dc3694-173d-4c83-84c7-b5d2c365ceef,[Oct 1] Report by W-4390: Worker observed not wearing safety glasses at Unit A.,Unsafe Act,NO,Working at Height,MEDIUM,,,,,Unit A,Valve,synthetic,,colleague intervened,replaced equipment,updated procedures,True
721d3d82-b726-4c9d-93fd-fa2f36c829cb,[Oct 1] Report by W-5493: Trip hazard due to loose cables near Compressor. Cables were immediately organized.,Unsafe Act,NO,Confined Space,MEDIUM,,,,,Refinery Sector 4,Compressor,synthetic,,,cleaned up,updated procedures,True
25863636-c997-4e92-ac66-307f6f14a615,[Oct 9] Report by W-4950: Small oil spill near Compressor at Unit B. Cleaned up promptly.,Unsafe Act,NO,Manual Handling,MEDIUM,,,,,Unit B,Compressor,synthetic,,,replaced equipment,retrained staff,True
90f3d8da-9e3a-4807-94f2-2a73356778ef,[Oct 28] Report by W-2239: Small oil spill near Valve at Refinery Sector 4. Cleaned up promptly.,Unsafe Act,NO,Working at Height,MEDIUM,,,,,Refinery Sector 4,Valve,synthetic,,colleague intervened,replaced equipment,retrained staff,False
c6b8b41e-d117-42f7-99ff-9c8f5f5bc6d0,[Oct 28] Report by W-2239: Small oil spill near Valve at Refinery Sector 4. Cleaned up promptly.,Unsafe Act,NO,Working at Height,MEDIUM,,,,,Refinery Sector 4,Valve,synthetic,,colleague intervened,replaced equipment,retrained staff,False
cc65409b-1cb4-4790-a4b8-56c0ccf4c75d,[Oct 6] Report by W-5976: Worker observed not wearing safety glasses at Unit A.,Unsafe Condition,NO,Working at Height,MEDIUM,,,,,Unit A,Compressor,synthetic,stopped work,supervisor intervened,replaced equipment,updated procedures,True
5a85ee3c-e9cd-4f2f-a7dd-9684304aeebd,[Oct 10] Report by W-7865: Worker observed not wearing safety glasses at Unit A.,Unsafe Act,NO,Electrical,MEDIUM,,,,,Unit A,Electrical Panel,synthetic,,colleague intervened,,updated procedures,
aff07c42-8204-4b40-9d63-22a1c30541b2,[Oct 12] Report by W-1596: Worker observed not wearing safety glasses at Offshore Platform 1.,Unsafe Act,NO,Electrical,MEDIUM,,,,,Offshore Platform 1,Electrical Panel,synthetic,stopped work,colleague intervened,,,True
537c21b1-7ebd-4fb6-9baa-56fa52d02261,[Oct 23] Report by W-5925: Trip hazard due to loose cables near Valve. Cables were immediately organized.,Unsafe Act,NO,Working at Height,MEDIUM,,,,,Unit B,Valve,synthetic,reported to supervisor,,cleaned up,,
c47e266f-1251-4f8c-a997-79e793af6365,[Oct 19] Report by W-8267: Worker used incorrect gloves for manual handling task. Supervisor corrected the action.,Unsafe Condition,NO,Working at Height,LOW,,,,,Refinery Sector 4,Heat Exchanger,synthetic,,,,retrained staff,
aceb8e35-a07d-4724-8fc7-c5dea65b3f3d,[Oct 9] Report by W-9750: Small oil spill near Heat Exchanger at Refinery Sector 4. Cleaned up promptly.,Unsafe Condition,NO,Energy Isolation,LOW,,,,,Refinery Sector 4,Heat Exchanger,synthetic,stopped work,,,,
160aaeca-7a6b-4cb8-89d1-04f8734421e5,[Oct 1] Report by W-6894: Worker used incorrect gloves for manual handling task. Supervisor corrected the action.,Unsafe Condition,NO,Pressure,LOW,,,,,Unit A,Pump,synthetic,,,,updated procedures,False
8b6cea2e-4428-44eb-b830-d32b731aa8ab,<div><p>[Oct 1] Report by W-3024: Trip hazard due to loose cables near Valve. Cables were immediately organized.</p></div>,Unsafe Act,NO,Pressure,LOW,,,,,Unit A,Valve,synthetic,reported to supervisor,colleague intervened,replaced equipment,,False
c5301346-73e6-4d49-bb08-0be514df6951,[Oct 12] Report by W-8309: Trip hazard due to loose cables near Heat Exchanger. Cables were immediately organized.,Unsafe Condition,NO,Working at Height,LOW,,,,,Refinery Sector 4,Heat Exchanger,synthetic,reported to supervisor,colleague intervened,,,True
5474fcae-73f8-4991-af77-1296c2ea73d4,[Oct 25] Report by W-5730: Small oil spill near Electrical Panel at Unit B. Cleaned up promptly.,Unsafe Act,NO,Pressure,LOW,,,,,Unit B,Electrical Panel,synthetic,,,cleaned up,,
88158874-ddc9-45d4-a612-8beea077cffc,[Oct 19] Report by W-9853: Trip hazard due to loose cables near Compressor. Cables were immediately organized.,Unsafe Act,NO,Manual Handling,MEDIUM,,,,,Offshore Platform 1,Compressor,synthetic,reported to supervisor,,,retrained staff,True
bf85e5b1-88bc-4a7a-b402-d1c028255cec,[Oct 19] Report by W-5829: Small oil spill near Compressor at Offshore Platform 1. Cleaned up promptly.,Unsafe Act,NO,Electrical,LOW,,,,,Offshore Platform 1,Compressor,synthetic,reported to supervisor,colleague intervened,cleaned up,,True
164ec7c7-6933-452d-bc96-2167efab6d72,[Oct 13] Report by W-9790: Small oil spill near Valve at Refinery Sector 4. Cleaned up promptly.,Unsafe Act,NO,Slips/Trips,MEDIUM,,,,,Refinery Sector 4,Valve,synthetic,stopped work,colleague intervened,replaced equipment,updated procedures,False
e987650a-bd0b-4f4d-8deb-fd624e2d56cf,[Oct 18] Report by W-6926: Worker observed not wearing safety glasses at Offshore Platform 1.,Unsafe Condition,NO,Energy Isolation,LOW,,,,,Offshore Platform 1,Electrical Panel,synthetic,stopped work,supervisor intervened,,,False
d7819e5f-d967-4559-bf47-492b3886afe5,<div><p>[Oct 23] Report by W-7133: Worker observed not wearing safety glasses at Offshore Platform 1.</p></div>,Unsafe Act,NO,Confined Space,LOW,,,,,Offshore Platform 1,Compressor,synthetic,reported to supervisor,colleague intervened,cleaned up,retrained staff,True
4f0cd16c-c3d9-48fd-95ac-c83ba5dc01bd,[Oct 8] Report by W-7571: Trip hazard due to loose cables near Electrical Panel. Cables were immediately organized.,Unsafe Act,NO,Working at Height,MEDIUM,,,,,Refinery Sector 4,Electrical Panel,synthetic,stopped work,,cleaned up,updated procedures,True
bf1e3f4b-f2c5-4b40-824b-c4eb9c8f1899,[Oct 21] Report by W-4680: Worker observed not wearing safety glasses at Offshore Platform 1.,Unsafe Act,NO,Energy Isolation,MEDIUM,,,,,Offshore Platform 1,Electrical Panel,synthetic,stopped work,colleague intervened,cleaned up,,False
d9a3f62c-f549-4817-9c0a-8f75d8126aa2,[Oct 28] Report by W-8553: Trip hazard due to loose cables near Valve. Cables were immediately organized.,Unsafe Condition,NO,Working at Height,LOW,,,,,Refinery Sector 4,Valve,synthetic,,,replaced equipment,,False
5db5f6e8-7674-4a92-8ff0-d7a014bbd3b3,<div><p>[Oct 4] Report by W-6936: Worker observed not wearing safety glasses at Unit A.</p></div>,Unsafe Condition,NO,Electrical,LOW,,,,,Unit A,Electrical Panel,synthetic,,,cleaned up,updated procedures,True
7f0abd10-4477-44b7-a2aa-1f2038184815,[Oct 3] Report by W-2971: Trip hazard due to loose cables near Valve. Cables were immediately organized.,Unsafe Act,NO,Working at Height,LOW,,,,,Refinery Sector 4,Valve,synthetic,stopped work,,replaced equipment,updated procedures,True
77a87baf-5697-4c85-8ab6-49148c26ec85,[Oct 28] Report by W-2554: Small oil spill near Pump at Unit B. Cleaned up promptly.,Unsafe Act,NO,Pressure,LOW,,,,,Unit B,Pump,synthetic,stopped work,colleague intervened,cleaned up,,True
c9f158be-43ea-4eb6-b2a3-b2f93ca67a23,[Oct 4] Report by W-7324: Worker observed not wearing safety glasses at Unit B.,Unsafe Act,NO,Energy Isolation,LOW,,,,,Unit B,Compressor,synthetic,,colleague intervened,,retrained staff,False
4a5890a7-d622-4e53-9876-b306ee1c02e5,[Oct 13] Report by W-7885: Trip hazard due to loose cables near Heat Exchanger. Cables were immediately organized.,Unsafe Condition,NO,Working at Height,MEDIUM,,,,,Offshore Platform 1,Heat Exchanger,synthetic,,,,retrained staff,False
3018e531-9887-4e28-809e-475e4b942419,[Oct 24] Report by W-3402: Worker observed not wearing safety glasses at Unit B.,Unsafe Act,NO,Slips/Trips,LOW,,,,,Unit B,Pump,synthetic,,supervisor intervened,cleaned up,retrained staff,
8938def0-79e4-44cc-af70-0e8862e241cb,[Oct 19] Report by W-5179: Worker used incorrect gloves for manual handling task. Supervisor corrected the action.,Unsafe Act,NO,Pressure,LOW,,,,,Offshore Platform 1,Electrical Panel,synthetic,,supervisor intervened,replaced equipment,,True
d7afe8a3-c557-451e-95da-713d3400af5f,[Oct 4] Report by W-4763: Worker used incorrect gloves for manual handling task. Supervisor corrected the action.,Unsafe Condition,NO,Confined Space,LOW,,,,,Refinery Sector 4,Compressor,synthetic,stopped work,supervisor intervened,cleaned up,retrained staff,True
0c78e462-9307-42f6-a698-73ae208f7440,[Oct 8] Report by W-7970: Worker observed not wearing safety glasses at Refinery Sector 4.,Unsafe Act,NO,Electrical,MEDIUM,,,,,Refinery Sector 4,Compressor,synthetic,reported to supervisor,,,updated procedures,
3235747c-b273-40e6-bbe3-f948f1fb235f,[Oct 16] Report by W-5804: Worker entered the confined space at Unit B without conducting a gas test. No standby person was present.,Near Miss,YES,Pressure,CRITICAL,,,,,Unit B,Heat Exchanger,synthetic,,,,retrained staff,False
39f480be-e2c1-4176-a57c-5831665232b4,[Oct 9] Report by W-8693: Small oil spill near Pump at Unit A. Cleaned up promptly.,Unsafe Act,NO,Manual Handling,MEDIUM,,,,,Unit A,Pump,synthetic,reported to supervisor,,cleaned up,retrained staff,True
7ab553b0-19c9-4832-9a0d-e86fdfd55260,[Oct 16] Report by W-5822: Worker used incorrect gloves for manual handling task. Supervisor corrected the action.,Unsafe Act,NO,Working at Height,LOW,,,,,Offshore Platform 1,Pump,synthetic,,colleague intervened,cleaned up,,False
74a63707-c0b6-4bfe-8ff4-8c89137003c3,[Oct 16] Report by W-8690: Worker observed not wearing safety glasses at Unit A.,Unsafe Act,NO,Energy Isolation,LOW,,,,,Unit A,Compressor,synthetic,reported to supervisor,colleague intervened,replaced equipment,,False
22db723d-a372-4217-a0cf-5c773cfb0b8e,[Oct 27] Report by W-1675: Small oil spill near Electrical Panel at Refinery Sector 4. Cleaned up promptly.,Unsafe Act,NO,Slips/Trips,MEDIUM,,,,,Refinery Sector 4,Electrical Panel,synthetic,stopped work,colleague intervened,replaced equipment,updated procedures,
43d554b0-ccde-46d9-ab8d-ae71bdd23ff6,[Oct 2] Report by W-7682: Small oil spill near Pump at Unit B. Cleaned up promptly.,Unsafe Condition,NO,Slips/Trips,LOW,,,,,Unit B,Pump,synthetic,stopped work,,,updated procedures,
7ce8f04e-8bb6-47a8-8d09-82b2cda9d84e,[Oct 18] Report by W-7983: Trip hazard due to loose cables near Valve. Cables were immediately organized.,Unsafe Act,NO,Working at Height,LOW,,,,,Unit A,Valve,synthetic,,supervisor intervened,cleaned up,updated procedures,False
19412cab-3c18-4561-ace8-de2e0f2f7602,[Oct 8] Report by W-3214: Worker observed not wearing safety glasses at Unit A.,Unsafe Condition,NO,Working at Height,LOW,,,,,Unit A,Electrical Panel,synthetic,stopped work,,,retrained staff,
97dcf5a8-6b2e-4075-a1ae-a8a830642e0a,[Oct 25] Report by W-3256: Small oil spill near Heat Exchanger at Offshore Platform 1. Cleaned up promptly.,Unsafe Condition,NO,Electrical,MEDIUM,,,,,Offshore Platform 1,Heat Exchanger,synthetic,stopped work,,cleaned up,updated procedures,True
93117fbe-7fce-4a58-87a1-5e000868b399,"[Oct 5] Report by W-2206: During maintenance of the Compressor at Refinery Sector 4, the technician started work without isolating the equipment. The Compressor was still energized.",Near Miss,YES,Energy Isolation,HIGH,,,,,Refinery Sector 4,Compressor,synthetic,reported to supervisor,supervisor intervened,cleaned up,updated procedures,True
9b94ed47-cc6c-4c15-8287-32b5736a0c80,[Oct 15] Report by W-4018: Small oil spill near Pump at Unit B. Cleaned up promptly.,Unsafe Act,NO,Manual Handling,LOW,,,,,Unit B,Pump,synthetic,stopped work,,,retrained staff,True
8efc2cb5-fe6d-4cc4-980f-6525e47fe0b3,[Oct 5] Report by W-3720: Worker observed not wearing safety glasses at Refinery Sector 4.,Unsafe Act,NO,Energy Isolation,LOW,,,,,Refinery Sector 4,Compressor,synthetic,stopped work,,,updated procedures,False
ce59c2ac-615c-4285-8488-53539831693f,[Oct 17] Report by W-7203: Small oil spill near Compressor at Refinery Sector 4. Cleaned up promptly.,Unsafe Condition,NO,Slips/Trips,MEDIUM,,,,,Refinery Sector 4,Compressor,synthetic,,,replaced equipment,retrained staff,True
156060f7-806b-485b-93b8-acca1adba686,[Oct 24] Report by W-8037: Trip hazard due to loose cables near Compressor. Cables were immediately organized.,Unsafe Act,NO,Working at Height,LOW,,,,,Unit A,Compressor,synthetic,stopped work,supervisor intervened,cleaned up,updated procedures,False
b8e7437e-f6e9-4f2e-b241-796fe39073a2,[Oct 23] Report by W-9067: Small oil spill near Compressor at Offshore Platform 1. Cleaned up promptly.,Unsafe Act,NO,Electrical,LOW,,,,,Offshore Platform 1,Compressor,synthetic,,,replaced equipment,,
a9baed54-fe1b-4730-9c18-afede4844398,[Oct 28] Report by W-2005: Trip hazard due to loose cables near Compressor. Cables were immediately organized.,Unsafe Condition,NO,Pressure,MEDIUM,,,,,Refinery Sector 4,Compressor,synthetic,stopped work,colleague intervened,replaced equipment,retrained staff,
c8a1ced7-7987-4c53-9b04-9cd3713cdab4,[Oct 15] Report by W-1404: Worker observed not wearing safety glasses at Offshore Platform 1.,Unsafe Condition,NO,Working at Height,LOW,,,,,Offshore Platform 1,Valve,synthetic,stopped work,colleague intervened,,,True
d715893d-ce54-4298-80f3-588fc2eeb47a,[Oct 3] Report by W-2875: Worker observed not wearing safety glasses at Unit A.,Unsafe Act,NO,Confined Space,MEDIUM,,,,,Unit A,Heat Exchanger,synthetic,reported to supervisor,supervisor intervened,replaced equipment,,True
eaefbc37-9eb6-4d76-8f36-e8a2827f1956,[Oct 14] Report by W-4405: Worker observed not wearing safety glasses at Unit B.,Unsafe Act,NO,Slips/Trips,LOW,,,,,Unit B,Electrical Panel,synthetic,reported to supervisor,supervisor intervened,cleaned up,retrained staff,False
d2ea15d4-189a-4840-aebc-5c46d1731604,[Oct 24] Report by W-5702: Trip hazard due to loose cables near Valve. Cables were immediately organized.,Unsafe Condition,NO,Working at Height,MEDIUM,,,,,Unit A,Valve,synthetic,,colleague intervened,replaced equipment,,
bd62780b-99a4-4a48-a472-a0d6ddbd0bbc,[Oct 4] Report by W-9139: Small oil spill near Electrical Panel at Offshore Platform 1. Cleaned up promptly.,Unsafe Condition,NO,Pressure,LOW,,,,,Offshore Platform 1,Electrical Panel,synthetic,reported to supervisor,,replaced equipment,retrained staff,
bf876763-a40b-4971-bdb4-acfceade8450,[Oct 21] Report by W-2611: Worker used incorrect gloves for manual handling task. Supervisor corrected the action.,Unsafe Condition,NO,Confined Space,MEDIUM,,,,,Refinery Sector 4,Heat Exchanger,synthetic,,colleague intervened,replaced equipment,updated procedures,
e2f6342d-2a0e-41d3-a7b2-9c282f01327f,[Oct 25] Report by W-9883: Trip hazard due to loose cables near Heat Exchanger. Cables were immediately organized.,Unsafe Condition,NO,Confined Space,MEDIUM,,,,,Offshore Platform 1,Heat Exchanger,synthetic,reported to supervisor,colleague intervened,,,False
ae6a99f2-de6d-489f-8ef1-aea3e19ef7cd,[Oct 2] Report by W-3983: Small oil spill near Valve at Unit A. Cleaned up promptly.,Unsafe Act,NO,Electrical,MEDIUM,,,,,Unit A,Valve,synthetic,,,,updated procedures,False
9d4405b4-ddcf-4d9a-89fd-6353950fa2a7,[Oct 14] Report by W-2965: Small oil spill near Electrical Panel at Refinery Sector 4. Cleaned up promptly.,Unsafe Condition,NO,Manual Handling,LOW,,,,,Refinery Sector 4,Electrical Panel,synthetic,,colleague intervened,,,True
e0e7bcfd-4625-4342-89a4-495f28a14bbe,[Oct 8] Report by W-5406: Worker observed not wearing safety glasses at Unit A.,Unsafe Condition,NO,Electrical,LOW,,,,,Unit A,Pump,synthetic,,colleague intervened,replaced equipment,,False
9095b06f-6a93-47f7-bd11-244abd37cbc1,[Oct 1] Report by W-4611: Worker used incorrect gloves for manual handling task. Supervisor corrected the action.,Unsafe Condition,NO,Working at Height,LOW,,,,,Unit A,Compressor,synthetic,reported to supervisor,supervisor intervened,cleaned up,retrained staff,
6a81a527-57bb-4550-9e3c-cd6352835c61,[Oct 26] Report by W-8453: Worker used incorrect gloves for manual handling task. Supervisor corrected the action.,Unsafe Condition,NO,Pressure,MEDIUM,,,,,Refinery Sector 4,Pump,synthetic,stopped work,colleague intervened,replaced equipment,,False
909ded6b-2e74-4f17-9c8e-240edb1f9993,[Oct 6] Report by W-3564: Small oil spill near Heat Exchanger at Refinery Sector 4. Cleaned up promptly.,Unsafe Act,NO,Energy Isolation,MEDIUM,,,,,Refinery Sector 4,Heat Exchanger,synthetic,stopped work,colleague intervened,replaced equipment,,
359d9864-cbc2-4f9e-9463-5c5d01e44c5e,[Oct 13] Report by W-5291: Small oil spill near Electrical Panel at Unit A. Cleaned up promptly.,Unsafe Condition,NO,Energy Isolation,LOW,,,,,Unit A,Electrical Panel,synthetic,reported to supervisor,colleague intervened,,updated procedures,False
7e602346-ed80-4ffd-a137-0d355d73894b,[Oct 6] Report by W-8854: Worker used incorrect gloves for manual handling task. Supervisor corrected the action.,Unsafe Condition,NO,Slips/Trips,LOW,,,,,Unit B,Electrical Panel,synthetic,,,replaced equipment,retrained staff,False
1fa38a8a-8f89-459b-bf88-7a2b84162453,[Oct 21] Report by W-7056: Small oil spill near Pump at Refinery Sector 4. Cleaned up promptly.,Unsafe Act,NO,Slips/Trips,MEDIUM,,,,,Refinery Sector 4,Pump,synthetic,reported to supervisor,supervisor intervened,,,False
12680c75-9f23-44e5-93e6-e1d95a74a6fe,[Oct 2] Report by W-9363: Worker observed not wearing safety glasses at Unit A.,Unsafe Act,NO,Pressure,LOW,,,,,Unit A,Valve,synthetic,,supervisor intervened,replaced equipment,,False
d4dc3303-8505-4004-8040-d3d97092a003,[Oct 22] Report by W-6206: Worker observed not wearing safety glasses at Offshore Platform 1.,Unsafe Condition,NO,Confined Space,LOW,,,,,Offshore Platform 1,Electrical Panel,synthetic,reported to supervisor,,cleaned up,,True
b8676ec7-d30a-4296-90f4-f748b9fd0842,,Unsafe Act,NO,Electrical,MEDIUM,,,,,Refinery Sector 4,Valve,synthetic,,supervisor intervened,replaced equipment,,
a34fd173-fff0-40e7-acde-d6c4d1ba5dbe,[Oct 18] Report by W-8406: Worker observed not wearing safety glasses at Unit A.,Unsafe Condition,NO,Electrical,MEDIUM,,,,,Unit A,Valve,synthetic,reported to supervisor,supervisor intervened,cleaned up,,False
ab336418-9133-43df-8e67-a2a21497154b,[Oct 21] Report by W-8698: Trip hazard due to loose cables near Electrical Panel. Cables were immediately organized.,Unsafe Act,NO,Pressure,LOW,,,,,Offshore Platform 1,Electrical Panel,synthetic,stopped work,supervisor intervened,replaced equipment,updated procedures,True
bf8f5b47-0b5e-446c-bb75-b77a1e9f0e52,[Oct 21] Report by W-2016: Trip hazard due to loose cables near Heat Exchanger. Cables were immediately organized.,Unsafe Condition,NO,Pressure,MEDIUM,,,,,Unit A,Heat Exchanger,synthetic,stopped work,supervisor intervened,,updated procedures,False
2b10920f-9783-4d0f-8f70-390df78cd668,[Oct 10] Report by W-2895: Line opened with residual pressure on the Electrical Panel. High-energy release narrowly missed the operator.,Unsafe Act,YES,Confined Space,CRITICAL,,,,,Offshore Platform 1,Electrical Panel,synthetic,stopped work,supervisor intervened,replaced equipment,updated procedures,False
12ce3f16-a6da-4baf-9fec-ca5ebadd2b28,[Oct 11] Report by W-6164: Small oil spill near Pump at Unit A. Cleaned up promptly.,Unsafe Act,NO,Confined Space,LOW,,,,,Unit A,Pump,synthetic,stopped work,supervisor intervened,replaced equipment,updated procedures,False
0899effe-6796-43c8-921b-08162e5db807,[Oct 23] Report by W-8768: Worker observed not wearing safety glasses at Offshore Platform 1.,Unsafe Act,NO,Manual Handling,MEDIUM,,,,,Offshore Platform 1,Valve,synthetic,reported to supervisor,colleague intervened,replaced equipment,retrained staff,False
d607c51c-9a91-4872-883f-1b79c4ef9ea6,[Oct 2] Report by W-4572: Trip hazard due to loose cables near Valve. Cables were immediately organized.,Unsafe Act,NO,Working at Height,MEDIUM,,,,,Unit B,Valve,synthetic,stopped work,supervisor intervened,replaced equipment,updated procedures,True
6eec763b-393d-4799-a0ca-09ddfddb2de1,[Oct 23] Report by W-7822: Worker observed not wearing safety glasses at Refinery Sector 4.,Unsafe Act,NO,Energy Isolation,MEDIUM,,,,,Refinery Sector 4,Valve,synthetic,stopped work,supervisor intervened,replaced equipment,,
bc339af6-5f66-415a-ae7e-4a9f71c2aaf1,[Oct 5] Report by W-2652: Worker used incorrect gloves for manual handling task. Supervisor corrected the action.,Unsafe Act,NO,Confined Space,LOW,,,,,Unit A,Heat Exchanger,synthetic,,,replaced equipment,updated procedures,
9f602ba5-369a-4ab0-83e5-8a202c6566e1,[Oct 24] Report by W-5219: Worker observed not wearing safety glasses at Refinery Sector 4.,Unsafe Act,NO,Energy Isolation,LOW,,,,,Refinery Sector 4,Compressor,synthetic,reported to supervisor,,,,
0cce9409-f9ab-44e1-bb9f-53ec4cdc6a9c,[Oct 27] Report by W-5592: Worker observed not wearing safety glasses at Refinery Sector 4.,Unsafe Condition,NO,Manual Handling,LOW,,,,,Refinery Sector 4,Compressor,synthetic,reported to supervisor,supervisor intervened,replaced equipment,,False
4e19c1a2-82e1-467a-bc79-497f6447d031,[Oct 19] Report by W-6788: Trip hazard due to loose cables near Pump. Cables were immediately organized.,Unsafe Condition,NO,Energy Isolation,MEDIUM,,,,,Refinery Sector 4,Pump,synthetic,,supervisor intervened,,,True
c37094f8-e4cf-400e-8abd-bfaa9cb259ce,[Oct 4] Report by W-1259: Worker observed not wearing safety glasses at Offshore Platform 1.,Unsafe Act,NO,Confined Space,LOW,,,,,Offshore Platform 1,Electrical Panel,synthetic,stopped work,colleague intervened,,updated procedures,True
dca7dcda-063a-4c88-bc7c-f2e96a97b8b1,[Oct 2] Report by W-7868: Worker used incorrect gloves for manual handling task. Supervisor corrected the action.,Unsafe Condition,NO,Working at Height,LOW,,,,,Refinery Sector 4,Compressor,synthetic,,supervisor intervened,replaced equipment,retrained staff,True
fa849d90-d8f1-4468-9274-af7d001e0932,[Oct 17] Report by W-8670: Small oil spill near Pump at Refinery Sector 4. Cleaned up promptly.,Unsafe Condition,NO,Pressure,LOW,,,,,Refinery Sector 4,Pump,synthetic,,supervisor intervened,,retrained staff,
8df445ca-efef-4741-9454-df4de2fc8570,[Oct 23] Report by W-1768: Trip hazard due to loose cables near Valve. Cables were immediately organized.,Unsafe Condition,NO,Working at Height,MEDIUM,,,,,Refinery Sector 4,Valve,synthetic,stopped work,supervisor intervened,replaced equipment,updated procedures,False
9349124a-e05e-4e0b-a16b-2c150a4810b2,[Oct 14] Report by W-9112: Trip hazard due to loose cables near Compressor. Cables were immediately organized.,Unsafe Act,NO,Working at Height,MEDIUM,,,,,Refinery Sector 4,Compressor,synthetic,stopped work,,,updated procedures,False
8af19292-f0b8-4e9e-91ef-cb1ff04bcace,"[Oct 18] Report by W-1386: While working at Offshore Platform 1, worker was at height without fall protection. Serious risk of fatal fall.",Near Miss,YES,Energy Isolation,CRITICAL,,,,,Offshore Platform 1,Heat Exchanger,synthetic,reported to supervisor,,,updated procedures,False
53f1b332-dea2-4325-ab5d-2b7aa5aba177,[Oct 24] Report by W-8573: Worker used incorrect gloves for manual handling task. Supervisor corrected the action.,Unsafe Condition,NO,Pressure,LOW,,,,,Offshore Platform 1,Electrical Panel,synthetic,,colleague intervened,cleaned up,,False
e86f1d6f-8c37-40f3-b2e6-4b0ed838bcfb,[Oct 18] Report by W-2246: Small oil spill near Valve at Unit B. Cleaned up promptly.,Unsafe Act,NO,Slips/Trips,LOW,,,,,Unit B,Valve,synthetic,,colleague intervened,replaced equipment,,
de0bdaaa-2ec3-47dc-874b-bf2c0a833853,[Oct 27] Report by W-3552: Small oil spill near Pump at Refinery Sector 4. Cleaned up promptly.,Unsafe Act,NO,Energy Isolation,LOW,,,,,Refinery Sector 4,Pump,synthetic,reported to supervisor,,cleaned up,updated procedures,False
072a009f-46ca-450e-951d-433de4c90834,[Oct 5] Report by W-1104: Worker observed not wearing safety glasses at Unit A.,Unsafe Condition,NO,Confined Space,LOW,,,,,Unit A,Valve,synthetic,,,cleaned up,retrained staff,False
3e4e4039-6e71-410c-b868-8aa9194f9809,[Oct 1] Report by W-5047: Small oil spill near Pump at Offshore Platform 1. Cleaned up promptly.,Unsafe Act,NO,Working at Height,MEDIUM,,,,,Offshore Platform 1,Pump,synthetic,reported to supervisor,,cleaned up,updated procedures,
1e788474-4848-474d-98fe-b0be554271af,[Oct 3] Report by W-7732: Small oil spill near Heat Exchanger at Offshore Platform 1. Cleaned up promptly.,Unsafe Act,NO,Manual Handling,MEDIUM,,,,,Offshore Platform 1,Heat Exchanger,synthetic,stopped work,supervisor intervened,replaced equipment,retrained staff,False
9b6ee6f3-921f-4592-b2bb-c9e0e3530d6c,[Oct 23] Report by W-4457: Small oil spill near Electrical Panel at Offshore Platform 1. Cleaned up promptly.,Unsafe Act,NO,Manual Handling,MEDIUM,,,,,Offshore Platform 1,Electrical Panel,synthetic,reported to supervisor,supervisor intervened,replaced equipment,updated procedures,
82c94404-db37-495a-9949-cd4a3e08ba3e,[Oct 17] Report by W-2326: Worker observed not wearing safety glasses at Unit A.,Unsafe Condition,NO,Energy Isolation,LOW,,,,,Unit A,Electrical Panel,synthetic,reported to supervisor,colleague intervened,replaced equipment,retrained staff,True
a6ed6dea-3dc8-4b6d-85e9-d53101968d5b,[Oct 7] Report by W-5638: Trip hazard due to loose cables near Pump. Cables were immediately organized.,Unsafe Condition,NO,Pressure,MEDIUM,,,,,Offshore Platform 1,Pump,synthetic,stopped work,colleague intervened,,updated procedures,True
54b0bfc5-dc3d-4a08-8764-1f330317b70c,[Oct 21] Report by W-2925: Worker observed not wearing safety glasses at Unit B.,Unsafe Condition,NO,Slips/Trips,MEDIUM,,,,,Unit B,Heat Exchanger,synthetic,stopped work,colleague intervened,,,
4ff3e79a-abcf-402f-9ef1-e0645bc5472a,[Oct 18] Report by W-9294: Small oil spill near Heat Exchanger at Unit B. Cleaned up promptly.,Unsafe Act,NO,Slips/Trips,MEDIUM,,,,,Unit B,Heat Exchanger,synthetic,reported to supervisor,supervisor intervened,replaced equipment,retrained staff,False
027e38de-ee39-4ead-85c3-f952ac2ef449,[Oct 1] Report by W-8049: Small oil spill near Pump at Refinery Sector 4. Cleaned up promptly.,Unsafe Act,NO,Confined Space,LOW,,,,,Refinery Sector 4,Pump,synthetic,,colleague intervened,,updated procedures,False
bc4860cd-9d33-4e9a-b746-b4d5f56c1d71,[Oct 5] Report by W-9947: Worker observed not wearing safety glasses at Unit B.,Unsafe Condition,NO,Manual Handling,LOW,,,,,Unit B,Heat Exchanger,synthetic,reported to supervisor,,,updated procedures,
207ff0e8-e9c7-4e22-83ba-d280fb23e911,[Oct 27] Report by W-2162: Worker observed not wearing safety glasses at Unit B.,Unsafe Condition,NO,Slips/Trips,MEDIUM,,,,,Unit B,Pump,synthetic,,supervisor intervened,replaced equipment,retrained staff,True
376cb59d-ab90-46ae-a159-4ac54005862b,[Oct 21] Report by W-5108: Small oil spill near Electrical Panel at Refinery Sector 4. Cleaned up promptly.,Unsafe Act,NO,Pressure,LOW,,,,,Refinery Sector 4,Electrical Panel,synthetic,,supervisor intervened,,updated procedures,
9f315f38-2b8d-4d98-b59e-8310ce51acbb,,Unsafe Condition,NO,Electrical,MEDIUM,,,,,Refinery Sector 4,Electrical Panel,synthetic,stopped work,,replaced equipment,,False
db57bffa-e1b2-44d8-9c0f-6e477a004263,"[Oct 28] Report by W-9286: During maintenance of the Valve at Offshore Platform 1, the technician started work without isolating the equipment. The Valve was still energized.",Near Miss,YES,Working at Height,HIGH,,,,,Offshore Platform 1,Valve,synthetic,reported to supervisor,,replaced equipment,updated procedures,
1f60ea49-e713-4ef2-8510-27113ea005c7,[Oct 20] Report by W-3805: Small oil spill near Electrical Panel at Offshore Platform 1. Cleaned up promptly.,Unsafe Act,NO,Pressure,LOW,,,,,Offshore Platform 1,Electrical Panel,synthetic,,,replaced equipment,retrained staff,True
9f9ecd81-a1a7-4f63-b3f7-fc679e889d6d,[Oct 7] Report by W-1237: Small oil spill near Heat Exchanger at Offshore Platform 1. Cleaned up promptly.,Unsafe Condition,NO,Slips/Trips,LOW,,,,,Offshore Platform 1,Heat Exchanger,synthetic,stopped work,,,retrained staff,True
8fdd4545-305e-43d3-8d81-37a446099998,[Oct 11] Report by W-7372: Worker observed not wearing safety glasses at Unit A.,Unsafe Act,NO,Electrical,LOW,,,,,Unit A,Electrical Panel,synthetic,stopped work,supervisor intervened,cleaned up,,
88b8be21-dd14-4d3c-b9b6-51ed151212c6,[Oct 26] Report by W-9383: Trip hazard due to loose cables near Compressor. Cables were immediately organized.,Unsafe Act,NO,Energy Isolation,LOW,,,,,Unit A,Compressor,synthetic,,supervisor intervened,replaced equipment,retrained staff,False
656e82ba-b83a-4c27-a41d-914331fd88be,[Oct 19] Report by W-2816: Worker used incorrect gloves for manual handling task. Supervisor corrected the action.,Unsafe Act,NO,Slips/Trips,MEDIUM,,,,,Offshore Platform 1,Electrical Panel,synthetic,stopped work,supervisor intervened,,retrained staff,False
682de950-e160-4866-9cf0-180572901d89,[Oct 3] Report by W-7121: Trip hazard due to loose cables near Pump. Cables were immediately organized.,Unsafe Condition,NO,Working at Height,MEDIUM,,,,,Unit A,Pump,synthetic,reported to supervisor,,,updated procedures,
e9c6c666-6d3c-4fa9-a349-a7e623042694,"[Oct 2] Report by W-7553: During maintenance of the Heat Exchanger at Offshore Platform 1, the technician started work without isolating the equipment. The Heat Exchanger was still energized.",Unsafe Act,YES,Energy Isolation,CRITICAL,,,,,Offshore Platform 1,Heat Exchanger,synthetic,stopped work,colleague intervened,,updated procedures,False
bcd86baf-b1b5-417d-8b0a-d6d2af80771c,[Oct 23] Report by W-7653: Trip hazard due to loose cables near Valve. Cables were immediately organized.,Unsafe Condition,NO,Pressure,MEDIUM,,,,,Offshore Platform 1,Valve,synthetic,,,cleaned up,retrained staff,False
5ee90d31-8108-4ae1-b91f-0474e0ba7f5b,[Oct 25] Report by W-7745: Worker observed not wearing safety glasses at Unit B.,Unsafe Act,NO,Working at Height,MEDIUM,,,,,Unit B,Valve,synthetic,stopped work,,cleaned up,updated procedures,
48bc1ccd-b61e-49d8-9e9a-da8b75c63d7d,[Oct 21] Report by W-3345: Trip hazard due to loose cables near Pump. Cables were immediately organized.,Unsafe Act,NO,Slips/Trips,LOW,,,,,Offshore Platform 1,Pump,synthetic,reported to supervisor,colleague intervened,,retrained staff,True
a67a0095-383c-44ca-89f6-78e515236660,[Oct 28] Report by W-6651: Worker used incorrect gloves for manual handling task. Supervisor corrected the action.,Unsafe Act,NO,Electrical,LOW,,,,,Refinery Sector 4,Pump,synthetic,reported to supervisor,supervisor intervened,,retrained staff,False
8d482f32-5d74-49be-8d5c-8d5389852f7a,[Oct 12] Report by W-7458: Small oil spill near Valve at Refinery Sector 4. Cleaned up promptly.,Unsafe Condition,NO,Confined Space,MEDIUM,,,,,Refinery Sector 4,Valve,synthetic,reported to supervisor,colleague intervened,cleaned up,,True
ef8a953f-72ea-46d0-a727-6a768ce4f21e,[Oct 12] Report by W-7458: Small oil spill near Valve at Refinery Sector 4. Cleaned up promptly.,Unsafe Condition,NO,Confined Space,MEDIUM,,,,,Refinery Sector 4,Valve,synthetic,reported to supervisor,colleague intervened,cleaned up,,True
f98dc280-7324-4d39-b55a-3993b9996c73,[Oct 15] Report by W-6861: Worker observed not wearing safety glasses at Refinery Sector 4.,Unsafe Condition,NO,Manual Handling,LOW,,,,,Refinery Sector 4,Pump,synthetic,,colleague intervened,replaced equipment,retrained staff,True
fceb9487-7e65-43a9-9eed-fc488f1fd916,[Oct 18] Report by W-6758: Worker used incorrect gloves for manual handling task. Supervisor corrected the action.,Unsafe Act,NO,Working at Height,LOW,,,,,Unit A,Valve,synthetic,reported to supervisor,colleague intervened,cleaned up,updated procedures,True
5c1ef6ac-0da7-4701-b2a0-659269fff030,[Oct 18] Report by W-7911: Worker observed not wearing safety glasses at Refinery Sector 4.,Unsafe Condition,NO,Electrical,MEDIUM,,,,,Refinery Sector 4,Heat Exchanger,synthetic,stopped work,supervisor intervened,replaced equipment,,False
364bc77f-dac9-41a7-931d-7c9f7d84e7b1,[Oct 16] Report by W-8737: Small oil spill near Heat Exchanger at Unit A. Cleaned up promptly.,Unsafe Condition,NO,Working at Height,MEDIUM,,,,,Unit A,Heat Exchanger,synthetic,reported to supervisor,supervisor intervened,replaced equipment,,True
11c7ee21-7d39-4d6c-a992-fef137c5f7f2,[Oct 16] Report by W-8737: Small oil spill near Heat Exchanger at Unit A. Cleaned up promptly.,Unsafe Condition,NO,Working at Height,MEDIUM,,,,,Unit A,Heat Exchanger,synthetic,reported to supervisor,supervisor intervened,replaced equipment,,True
8a191415-60f5-451f-ad4d-dfd5a37030c4,[Oct 2] Report by W-2461: Worker used incorrect gloves for manual handling task. Supervisor corrected the action.,Unsafe Condition,NO,Energy Isolation,LOW,,,,,Offshore Platform 1,Valve,synthetic,stopped work,,cleaned up,updated procedures,
623bf0e1-4313-4da1-8a7c-f1f2fc257910,[Oct 12] Report by W-4821: Worker used incorrect gloves for manual handling task. Supervisor corrected the action.,Unsafe Condition,NO,Working at Height,MEDIUM,,,,,Refinery Sector 4,Pump,synthetic,,supervisor intervened,,updated procedures,True
61ce23f9-739b-4e78-94c5-68388c05e270,[Oct 28] Report by W-5693: Worker used incorrect gloves for manual handling task. Supervisor corrected the action.,Unsafe Condition,NO,Electrical,LOW,,,,,Offshore Platform 1,Pump,synthetic,stopped work,colleague intervened,,,
db6fcb47-4d9d-4e2b-8aaf-bed1c3536137,[Oct 8] Report by W-9407: Trip hazard due to loose cables near Pump. Cables were immediately organized.,Unsafe Act,NO,Working at Height,LOW,,,,,Unit A,Pump,synthetic,,supervisor intervened,cleaned up,retrained staff,False
793f8eeb-1f80-4e37-880c-f219ca097190,[Oct 8] Report by W-2380: Small oil spill near Valve at Refinery Sector 4. Cleaned up promptly.,Unsafe Condition,NO,Manual Handling,LOW,,,,,Refinery Sector 4,Valve,synthetic,reported to supervisor,,,,True
e2332547-231b-41e5-9795-95e30c947918,[Oct 28] Report by W-3080: Small oil spill near Electrical Panel at Offshore Platform 1. Cleaned up promptly.,Unsafe Condition,NO,Electrical,LOW,,,,,Offshore Platform 1,Electrical Panel,synthetic,reported to supervisor,supervisor intervened,replaced equipment,,
aac74eb9-6f47-4edf-9df8-fc5cef2d94e3,[Oct 8] Report by W-6487: Worker used incorrect gloves for manual handling task. Supervisor corrected the action.,Unsafe Act,NO,Pressure,MEDIUM,,,,,Refinery Sector 4,Pump,synthetic,reported to supervisor,,,retrained staff,False
052e304e-4713-4ea5-b8c2-b12e31db4517,[Oct 1] Report by W-8609: Worker observed not wearing safety glasses at Offshore Platform 1.,Unsafe Condition,NO,Energy Isolation,MEDIUM,,,,,Offshore Platform 1,Electrical Panel,synthetic,reported to supervisor,supervisor intervened,replaced equipment,,True
cf2283c8-bfe0-4bdd-a477-9cd9852c0d91,[Oct 19] Report by W-1632: Worker observed not wearing safety glasses at Offshore Platform 1.,Unsafe Condition,NO,Pressure,LOW,,,,,Offshore Platform 1,Compressor,synthetic,reported to supervisor,colleague intervened,,retrained staff,True
68af9598-4a52-4a6b-88a4-e9452f4df922,[Oct 13] Report by W-9824: Trip hazard due to loose cables near Heat Exchanger. Cables were immediately organized.,Unsafe Condition,NO,Electrical,MEDIUM,,,,,Unit B,Heat Exchanger,synthetic,,colleague intervened,cleaned up,retrained staff,True
32faa8d1-8d61-42d3-a90b-e0ea0b044698,[Oct 28] Report by W-5884: Small oil spill near Pump at Unit B. Cleaned up promptly.,Unsafe Act,NO,Working at Height,LOW,,,,,Unit B,Pump,synthetic,,colleague intervened,,,False
f61e53b3-9279-46a6-947a-0c93f4b519be,[Oct 18] Report by W-1381: Trip hazard due to loose cables near Heat Exchanger. Cables were immediately organized.,Unsafe Act,NO,Manual Handling,MEDIUM,,,,,Unit A,Heat Exchanger,synthetic,reported to supervisor,supervisor intervened,replaced equipment,,True
3cb1b9b9-30f7-4ac8-8e63-c452dc2005a9,[Oct 16] Report by W-3426: Small oil spill near Compressor at Refinery Sector 4. Cleaned up promptly.,Unsafe Condition,NO,Energy Isolation,LOW,,,,,Refinery Sector 4,Compressor,synthetic,stopped work,supervisor intervened,replaced equipment,,
5954d650-f900-4d00-9db0-28e8167130a3,[Oct 10] Report by W-4895: Worker observed not wearing safety glasses at Refinery Sector 4.,Unsafe Condition,NO,Slips/Trips,MEDIUM,,,,,Refinery Sector 4,Pump,synthetic,reported to supervisor,colleague intervened,cleaned up,retrained staff,True
94ed82e1-ec29-4b82-8d68-af7074e4b0b5,[Oct 4] Report by W-3126: Worker used incorrect gloves for manual handling task. Supervisor corrected the action.,Unsafe Condition,NO,Electrical,LOW,,,,,Unit B,Compressor,synthetic,reported to supervisor,,replaced equipment,updated procedures,True
77b0076c-b302-40ec-a0e4-a4d8504b9f2f,[Oct 10] Report by W-8392: Worker observed not wearing safety glasses at Unit A.,Unsafe Condition,NO,Pressure,MEDIUM,,,,,Unit A,Valve,synthetic,reported to supervisor,,,,False
811df02e-3e3d-40fb-8155-23697d96af74,[Oct 2] Report by W-8513: Trip hazard due to loose cables near Electrical Panel. Cables were immediately organized.,Unsafe Condition,NO,Energy Isolation,LOW,,,,,Unit A,Electrical Panel,synthetic,stopped work,,cleaned up,updated procedures,False
185acf05-fdf0-4d7f-b0a1-80a81329a145,[Oct 20] Report by W-9437: Trip hazard due to loose cables near Heat Exchanger. Cables were immediately organized.,Unsafe Act,NO,Confined Space,MEDIUM,,,,,Unit A,Heat Exchanger,synthetic,stopped work,,replaced equipment,updated procedures,False
4854d025-6bcd-49bd-ad2b-a5e3252983be,[Oct 28] Report by W-1994: Worker observed not wearing safety glasses at Unit A.,Unsafe Condition,NO,Energy Isolation,MEDIUM,,,,,Unit A,Heat Exchanger,synthetic,reported to supervisor,,,retrained staff,False
f33f1489-7ffd-4648-b407-9e838ceefb39,[Oct 23] Report by W-2654: Worker used incorrect gloves for manual handling task. Supervisor corrected the action.,Unsafe Condition,NO,Electrical,LOW,,,,,Refinery Sector 4,Pump,synthetic,reported to supervisor,supervisor intervened,replaced equipment,,True
053ee53f-1c8f-444a-835f-bf5a591960b4,[Oct 10] Report by W-1916: Trip hazard due to loose cables near Compressor. Cables were immediately organized.,Unsafe Act,NO,Slips/Trips,LOW,,,,,Unit B,Compressor,synthetic,reported to supervisor,colleague intervened,,retrained staff,False
fb543ef3-a2e7-4f97-bc28-316c80e88ee5,[Oct 1] Report by W-3822: Worker observed not wearing safety glasses at Refinery Sector 4.,Unsafe Act,NO,Electrical,MEDIUM,,,,,Refinery Sector 4,Compressor,synthetic,stopped work,,,updated procedures,False
5a2c77b7-a009-4738-ae34-ff85d1b49256,[Oct 8] Report by W-6038: Worker used incorrect gloves for manual handling task. Supervisor corrected the action.,Unsafe Condition,NO,Electrical,LOW,,,,,Unit B,Valve,synthetic,stopped work,supervisor intervened,cleaned up,retrained staff,False
20dd7d05-341d-4049-8f06-959cea437f73,[Oct 18] Report by W-3765: Worker observed not wearing safety glasses at Offshore Platform 1.,Unsafe Condition,NO,Slips/Trips,MEDIUM,,,,,Offshore Platform 1,Electrical Panel,synthetic,stopped work,,cleaned up,retrained staff,False
72cffc23-d52d-4ff4-aa90-20338ab7493e,[Oct 2] Report by W-4801: Worker observed not wearing safety glasses at Unit A.,Unsafe Act,NO,Manual Handling,LOW,,,,,Unit A,Pump,synthetic,reported to supervisor,colleague intervened,cleaned up,updated procedures,
2442181f-491a-4049-a9d5-7f76be4802cd,<div><p>[Oct 5] Report by W-3871: Trip hazard due to loose cables near Electrical Panel. Cables were immediately organized.</p></div>,Unsafe Act,NO,Confined Space,LOW,,,,,Unit A,Electrical Panel,synthetic,stopped work,supervisor intervened,cleaned up,updated procedures,True
bf0ec051-2278-46c4-aa01-9356f61cb522,[Oct 22] Report by W-5273: Trip hazard due to loose cables near Valve. Cables were immediately organized.,Unsafe Act,NO,Manual Handling,LOW,,,,,Refinery Sector 4,Valve,synthetic,,,replaced equipment,updated procedures,
fdc32217-4d2f-49f5-9f06-41b8f3b2c78e,[Oct 16] Report by W-6547: Worker observed not wearing safety glasses at Unit B.,Unsafe Act,NO,Electrical,LOW,,,,,Unit B,Compressor,synthetic,stopped work,,replaced equipment,retrained staff,
7acf7c54-4e86-4c43-ad68-94cdf8534fe6,[Oct 16] Report by W-6547: Worker observed not wearing safety glasses at Unit B.,Unsafe Act,NO,Electrical,LOW,,,,,Unit B,Compressor,synthetic,stopped work,,replaced equipment,retrained staff,
6292c89a-84aa-49d5-8bf7-5eba27e17fdd,[Oct 21] Report by W-1636: Worker used incorrect gloves for manual handling task. Supervisor corrected the action.,Unsafe Act,NO,Manual Handling,MEDIUM,,,,,Offshore Platform 1,Compressor,synthetic,reported to supervisor,colleague intervened,replaced equipment,updated procedures,
11ed98f6-6f75-4b49-91fe-28f5325056a0,[Oct 6] Report by W-1190: Worker used incorrect gloves for manual handling task. Supervisor corrected the action.,Unsafe Condition,NO,Confined Space,MEDIUM,,,,,Refinery Sector 4,Pump,synthetic,reported to supervisor,colleague intervened,cleaned up,,True
a33d83bd-5eb7-4017-a132-d72e025c9962,[Oct 18] Report by W-9541: Trip hazard due to loose cables near Heat Exchanger. Cables were immediately organized.,Unsafe Condition,NO,Confined Space,MEDIUM,,,,,Unit B,Heat Exchanger,synthetic,,colleague intervened,replaced equipment,updated procedures,False
6e15592a-273a-4663-94e7-57475f5ef444,[Oct 4] Report by W-3801: Small oil spill near Heat Exchanger at Unit B. Cleaned up promptly.,Unsafe Condition,NO,Manual Handling,MEDIUM,,,,,Unit B,Heat Exchanger,synthetic,stopped work,,,retrained staff,False
790ed013-9197-4f61-9d2f-ad8666bf41c6,[Oct 13] Report by W-4667: Small oil spill near Valve at Offshore Platform 1. Cleaned up promptly.,Unsafe Condition,NO,Working at Height,MEDIUM,,,,,Offshore Platform 1,Valve,synthetic,stopped work,,,,False
5a7b6d5d-cc09-46b7-a84a-61b595582992,[Oct 6] Report by W-2085: Trip hazard due to loose cables near Compressor. Cables were immediately organized.,Unsafe Act,NO,Electrical,MEDIUM,,,,,Refinery Sector 4,Compressor,synthetic,,,replaced equipment,retrained staff,True
49ef00bb-1511-454c-8f10-c17478dceccc,[Oct 1] Report by W-6809: Trip hazard due to loose cables near Compressor. Cables were immediately organized.,Unsafe Act,NO,Electrical,LOW,,,,,Offshore Platform 1,Compressor,synthetic,reported to supervisor,supervisor intervened,,updated procedures,
2caafff2-f057-46f8-b25b-bda104a2e9c1,[Oct 7] Report by W-5855: Worker observed not wearing safety glasses at Offshore Platform 1.,Unsafe Condition,NO,Energy Isolation,MEDIUM,,,,,Offshore Platform 1,Valve,synthetic,,,,,False
b76aee88-c207-41ad-a9db-65662552aa3f,[Oct 28] Report by W-5774: Worker used incorrect gloves for manual handling task. Supervisor corrected the action.,Unsafe Act,NO,Energy Isolation,MEDIUM,,,,,Refinery Sector 4,Electrical Panel,synthetic,stopped work,,replaced equipment,updated procedures,
ac091b4f-8732-4d4f-9717-8237376c4dc5,[Oct 13] Report by W-6301: Small oil spill near Compressor at Unit A. Cleaned up promptly.,Unsafe Condition,NO,Slips/Trips,MEDIUM,,,,,Unit A,Compressor,synthetic,stopped work,,cleaned up,,False
5c51c70d-f869-47d0-9c96-253630ec33cf,[Oct 20] Report by W-7324: Worker used incorrect gloves for manual handling task. Supervisor corrected the action.,Unsafe Condition,NO,Electrical,MEDIUM,,,,,Offshore Platform 1,Electrical Panel,synthetic,stopped work,colleague intervened,replaced equipment,updated procedures,
6259736a-c26b-4f8a-9be1-ecc44e4c6107,[Oct 5] Report by W-8345: Worker observed not wearing safety glasses at Unit B.,Unsafe Act,NO,Confined Space,LOW,,,,,Unit B,Heat Exchanger,synthetic,,,,updated procedures,True
88d61384-5e36-4d70-bf1b-79f897873e43,[Oct 9] Report by W-9735: Worker observed not wearing safety glasses at Unit A.,Unsafe Condition,NO,Electrical,MEDIUM,,,,,Unit A,Compressor,synthetic,,colleague intervened,,,True
e7353ca6-ab22-48c8-a8d9-10a9c5934c35,[Oct 19] Report by W-8070: Worker observed not wearing safety glasses at Unit B.,Unsafe Condition,NO,Manual Handling,LOW,,,,,Unit B,Pump,synthetic,,,replaced equipment,,False
1ab90a2a-2c19-4c7b-a8e3-627242cb19b4,[Oct 1] Report by W-5309: Worker used incorrect gloves for manual handling task. Supervisor corrected the action.,Unsafe Condition,NO,Pressure,MEDIUM,,,,,Unit B,Electrical Panel,synthetic,reported to supervisor,colleague intervened,,updated procedures,
e70ae703-a3ef-41a0-a787-a082eae6d782,[Oct 21] Report by W-1608: Line opened with residual pressure on the Valve. High-energy release narrowly missed the operator.,Unsafe Act,YES,Confined Space,HIGH,,,,,Refinery Sector 4,Valve,synthetic,,supervisor intervened,replaced equipment,updated procedures,True
6c43fb08-ce89-44e6-8137-d3b8744c9cda,[Oct 5] Report by W-1386: Small oil spill near Compressor at Unit B. Cleaned up promptly.,Unsafe Act,NO,Energy Isolation,LOW,,,,,Unit B,Compressor,synthetic,reported to supervisor,colleague intervened,replaced equipment,updated procedures,
dddb9759-b70b-46bd-8aa2-a7be671ec49a,"[Oct 24] Report by W-1529: During maintenance of the Heat Exchanger at Unit B, the technician started work without isolating the equipment. The Heat Exchanger was still energized.",Unsafe Act,YES,Confined Space,HIGH,,,,,Unit B,Heat Exchanger,synthetic,reported to supervisor,supervisor intervened,replaced equipment,updated procedures,
28d62581-3552-4c27-9517-4b2bfdf85daa,"[Oct 24] Report by W-1529: During maintenance of the Heat Exchanger at Unit B, the technician started work without isolating the equipment. The Heat Exchanger was still energized.",Unsafe Act,YES,Confined Space,HIGH,,,,,Unit B,Heat Exchanger,synthetic,reported to supervisor,supervisor intervened,replaced equipment,updated procedures,
2f0dc2b1-08ac-4a9c-a2f1-0cdb48e9497e,[Oct 7] Report by W-5357: Worker used incorrect gloves for manual handling task. Supervisor corrected the action.,Unsafe Act,NO,Manual Handling,MEDIUM,,,,,Refinery Sector 4,Valve,synthetic,stopped work,,,updated procedures,False
c1bcea63-0a8a-42ae-b357-e588e44b7f7a,[Oct 9] Report by W-8415: Worker observed not wearing safety glasses at Refinery Sector 4.,Unsafe Act,NO,Electrical,LOW,,,,,Refinery Sector 4,Electrical Panel,synthetic,,,cleaned up,retrained staff,False
bcc818ec-e692-4f44-9d0c-7c375dfa89a5,<div><p>[Oct 9] Report by W-5854: Worker observed not wearing safety glasses at Offshore Platform 1.</p></div>,Unsafe Act,NO,Electrical,MEDIUM,,,,,Offshore Platform 1,Valve,synthetic,stopped work,supervisor intervened,cleaned up,retrained staff,True
3622435f-3d4c-44a9-ae5e-7f95afee83c9,[Oct 19] Report by W-6124: Trip hazard due to loose cables near Heat Exchanger. Cables were immediately organized.,Unsafe Act,NO,Pressure,LOW,,,,,Refinery Sector 4,Heat Exchanger,synthetic,,supervisor intervened,replaced equipment,,True
15453277-9abd-41b9-a3ba-aa3daeb36daa,[Oct 17] Report by W-5800: Worker observed not wearing safety glasses at Offshore Platform 1.,Unsafe Condition,NO,Energy Isolation,MEDIUM,,,,,Offshore Platform 1,Electrical Panel,synthetic,reported to supervisor,colleague intervened,cleaned up,updated procedures,
e3b083ef-bc8b-437c-8c84-92b811a692c3,[Oct 26] Report by W-4888: Small oil spill near Heat Exchanger at Unit A. Cleaned up promptly.,Unsafe Condition,NO,Working at Height,LOW,,,,,Unit A,Heat Exchanger,synthetic,,supervisor intervened,replaced equipment,,
0c8be949-a674-45d8-8ba9-d4f61f625b65,[Oct 8] Report by W-4847: Trip hazard due to loose cables near Heat Exchanger. Cables were immediately organized.,Unsafe Condition,NO,Pressure,LOW,,,,,Offshore Platform 1,Heat Exchanger,synthetic,,colleague intervened,cleaned up,,True
e89f56c7-5122-4bf7-86b0-029c4a3ab41f,[Oct 16] Report by W-3699: Worker observed not wearing safety glasses at Refinery Sector 4.,Unsafe Act,NO,Working at Height,LOW,,,,,Refinery Sector 4,Compressor,synthetic,,colleague intervened,,updated procedures,
a91dcb4d-1c9f-4213-b5cb-cc4c525f6db1,[Oct 21] Report by W-6852: Small oil spill near Valve at Refinery Sector 4. Cleaned up promptly.,Unsafe Condition,NO,Pressure,LOW,,,,,Refinery Sector 4,Valve,synthetic,stopped work,supervisor intervened,,retrained staff,False
485dd6d2-7de3-4feb-be62-3eab697f3866,[Oct 19] Report by W-1277: Worker used incorrect gloves for manual handling task. Supervisor corrected the action.,Unsafe Condition,NO,Working at Height,LOW,,,,,Unit B,Electrical Panel,synthetic,stopped work,supervisor intervened,,,
5be7041d-b35d-48f0-a29a-3588e258a6bb,[Oct 11] Report by W-5792: Trip hazard due to loose cables near Compressor. Cables were immediately organized.,Unsafe Condition,NO,Manual Handling,MEDIUM,,,,,Refinery Sector 4,Compressor,synthetic,reported to supervisor,colleague intervened,replaced equipment,retrained staff,False
201cf015-a035-44b2-b0de-ee735778b5f4,[Oct 21] Report by W-6328: Trip hazard due to loose cables near Compressor. Cables were immediately organized.,Unsafe Act,NO,Working at Height,LOW,,,,,Refinery Sector 4,Compressor,synthetic,,colleague intervened,,,True
bf1adafa-e39a-48ce-99d7-105b5bbd6ffd,"[Oct 21] Report by W-6998: While working at Unit A, worker was at height without fall protection. Serious risk of fatal fall.",Unsafe Act,YES,Confined Space,CRITICAL,,,,,Unit A,Pump,synthetic,stopped work,,replaced equipment,retrained staff,True
7f75ee35-ee33-4cb2-bd93-90945e0a725d,[Oct 6] Report by W-1633: Worker observed not wearing safety glasses at Unit A.,Unsafe Condition,NO,Electrical,LOW,,,,,Unit A,Pump,synthetic,reported to supervisor,,cleaned up,,False
1f6cb5e8-40b9-487c-b042-5a2a064ba399,[Oct 24] Report by W-8944: Worker observed not wearing safety glasses at Unit B.,Unsafe Condition,NO,Energy Isolation,MEDIUM,,,,,Unit B,Pump,synthetic,reported to supervisor,colleague intervened,,retrained staff,True
f4169358-f53f-403e-91ad-4b6c4b1f7234,<div><p>[Oct 1] Report by W-2401: Worker observed not wearing safety glasses at Offshore Platform 1.</p></div>,Unsafe Act,NO,Manual Handling,MEDIUM,,,,,Offshore Platform 1,Compressor,synthetic,reported to supervisor,,replaced equipment,retrained staff,False
c6802079-3413-45d9-b7b3-c1153505b3da,[Oct 5] Report by W-7030: Small oil spill near Heat Exchanger at Offshore Platform 1. Cleaned up promptly.,Unsafe Act,NO,Energy Isolation,LOW,,,,,Offshore Platform 1,Heat Exchanger,synthetic,,,replaced equipment,updated procedures,True
d913d2ad-1214-4cf3-8393-4aa3e88270dd,[Oct 7] Report by W-6629: Trip hazard due to loose cables near Heat Exchanger. Cables were immediately organized.,Unsafe Act,NO,Working at Height,LOW,,,,,Unit A,Heat Exchanger,synthetic,stopped work,supervisor intervened,replaced equipment,retrained staff,False
3eb3c50f-aa6b-4ae0-a370-215dbd5d375d,[Oct 15] Report by W-7976: Worker observed not wearing safety glasses at Refinery Sector 4.,Unsafe Act,NO,Pressure,MEDIUM,,,,,Refinery Sector 4,Valve,synthetic,reported to supervisor,,cleaned up,updated procedures,False
24eacba0-cf1a-4144-b83a-8e4be09bc9b2,[Oct 20] Report by W-6433: Worker used incorrect gloves for manual handling task. Supervisor corrected the action.,Unsafe Act,NO,Manual Handling,MEDIUM,,,,,Unit A,Compressor,synthetic,,,replaced equipment,updated procedures,
220e8987-c079-4b00-ac42-f2cc34293e58,[Oct 27] Report by W-1898: Worker used incorrect gloves for manual handling task. Supervisor corrected the action.,Unsafe Condition,NO,Working at Height,LOW,,,,,Offshore Platform 1,Compressor,synthetic,stopped work,,,retrained staff,True
a173cf09-9c42-49ed-8286-eb09377f0330,[Oct 25] Report by W-2171: Trip hazard due to loose cables near Electrical Panel. Cables were immediately organized.,Unsafe Act,NO,Working at Height,MEDIUM,,,,,Unit A,Electrical Panel,synthetic,,,cleaned up,retrained staff,True
7c5e969b-4114-4a5a-9cf7-6eb7f91423d1,[Oct 1] Report by W-4114: Worker observed not wearing safety glasses at Refinery Sector 4.,Unsafe Act,NO,Electrical,MEDIUM,,,,,Refinery Sector 4,Compressor,synthetic,,,replaced equipment,retrained staff,False
27055e82-f287-4b8c-9d24-c233623292f2,[Oct 4] Report by W-3730: Small oil spill near Heat Exchanger at Refinery Sector 4. Cleaned up promptly.,Unsafe Act,NO,Electrical,MEDIUM,,,,,Refinery Sector 4,Heat Exchanger,synthetic,stopped work,colleague intervened,cleaned up,retrained staff,
3daee4e4-73a5-4544-9f41-cd1e76d8b4e9,[Oct 2] Report by W-2532: Small oil spill near Heat Exchanger at Offshore Platform 1. Cleaned up promptly.,Unsafe Act,NO,Energy Isolation,MEDIUM,,,,,Offshore Platform 1,Heat Exchanger,synthetic,stopped work,supervisor intervened,replaced equipment,updated procedures,True
a53fb670-c0ad-4c5a-b50c-e9c824e3c112,[Oct 13] Report by W-2395: Trip hazard due to loose cables near Compressor. Cables were immediately organized.,Unsafe Condition,NO,Pressure,MEDIUM,,,,,Unit A,Compressor,synthetic,reported to supervisor,supervisor intervened,cleaned up,retrained staff,True
6f297c1d-a937-4ffc-b0ff-5f1052536cab,[Oct 19] Report by W-7756: Small oil spill near Compressor at Refinery Sector 4. Cleaned up promptly.,Unsafe Condition,NO,Manual Handling,MEDIUM,,,,,Refinery Sector 4,Compressor,synthetic,reported to supervisor,colleague intervened,replaced equipment,retrained staff,
fa2197f1-58ee-4058-af5f-18a804b2b534,[Oct 13] Report by W-4008: Worker used incorrect gloves for manual handling task. Supervisor corrected the action.,Unsafe Condition,NO,Energy Isolation,MEDIUM,,,,,Offshore Platform 1,Valve,synthetic,stopped work,supervisor intervened,replaced equipment,retrained staff,
ef3d55fb-ef56-4ed5-b3e2-a16383d0bb4a,[Oct 20] Report by W-3525: Worker observed not wearing safety glasses at Refinery Sector 4.,Unsafe Condition,NO,Electrical,LOW,,,,,Refinery Sector 4,Compressor,synthetic,,colleague intervened,cleaned up,updated procedures,
81a51616-fc93-40c8-8f8b-06ba45c86652,[Oct 11] Report by W-5303: Worker used incorrect gloves for manual handling task. Supervisor corrected the action.,Unsafe Condition,NO,Pressure,LOW,,,,,Offshore Platform 1,Heat Exchanger,synthetic,reported to supervisor,supervisor intervened,replaced equipment,retrained staff,False
6f7c9bb0-ec28-41b4-b050-f1cfdc985c3f,[Oct 11] Report by W-5303: Worker used incorrect gloves for manual handling task. Supervisor corrected the action.,Unsafe Condition,NO,Pressure,LOW,,,,,Offshore Platform 1,Heat Exchanger,synthetic,reported to supervisor,supervisor intervened,replaced equipment,retrained staff,False
