report_id,report_text,report_type,sif_label,hazard_category,severity,unsafe_act,unsafe_condition,potential_consequence,failed_control,location,equipment,source,immediate_action,intervention,corrective_action,preventive_action,work_stopped,report_text_clean
e6cee176-0a50-436e-940a-bb4c765c7915,[Oct 6] Report by W-1247: Small oil spill near Pump at Unit B. Cleaned up promptly.,Unsafe Act,NO,Slips/Trips,LOW,,,,,Unit B,Pump,synthetic,reported to supervisor,,cleaned up,retrained staff,True,[Oct 6] Report by W-1247: Small oil spill near Pump at Unit B. Cleaned up promptly.
bf1e3f4b-f2c5-4b40-824b-c4eb9c8f1899,[Oct 21] Report by W-4680: Worker observed not wearing safety glasses at Offshore Platform 1.,Unsafe Act,NO,Energy Isolation,MEDIUM,,,,,Offshore Platform 1,Electrical Panel,synthetic,stopped work,colleague intervened,cleaned up,,False,[Oct 21] Report by W-4680: Worker observed not wearing safety glasses at Offshore Platform 1.
07f41649-6c15-4d4d-8e8c-6fc46d7d38a7,[Oct 25] Report by W-2501: Worker observed not wearing safety glasses at Refinery Sector 4.,Unsafe Condition,NO,Pressure,LOW,,,,,Refinery Sector 4,Heat Exchanger,synthetic,reported to supervisor,supervisor intervened,,retrained staff,False,[Oct 25] Report by W-2501: Worker observed not wearing safety glasses at Refinery Sector 4.
a0062fc6-a7fc-49f3-93de-bf65d4a191b8,[Oct 7] Report by W-4796: Trip hazard due to loose cables near Valve. Cables were immediately organized.,Unsafe Act,NO,Manual Handling,LOW,,,,,Unit A,Valve,synthetic,,colleague intervened,cleaned up,updated procedures,True,[Oct 7] Report by W-4796: Trip hazard due to loose cables near Valve. Cables were immediately organized.
766478b2-b09e-4223-90f1-973390354fbd,[Oct 7] Report by W-5706: Small oil spill near Compressor at Refinery Sector 4. Cleaned up promptly.,Unsafe Condition,NO,Manual Handling,MEDIUM,,,,,Refinery Sector 4,Compressor,synthetic,stopped work,colleague intervened,replaced equipment,,False,[Oct 7] Report by W-5706: Small oil spill near Compressor at Refinery Sector 4. Cleaned up promptly.
6e15592a-273a-4663-94e7-57475f5ef444,[Oct 4] Report by W-3801: Small oil spill near Heat Exchanger at Unit B. Cleaned up promptly.,Unsafe Condition,NO,Manual Handling,MEDIUM,,,,,Unit B,Heat Exchanger,synthetic,stopped work,,,retrained staff,False,[Oct 4] Report by W-3801: Small oil spill near Heat Exchanger at Unit B. Cleaned up promptly.
f4eb43af-e983-4efb-b268-51acbc4f67b3,[Oct 13] Report by W-1106: Worker used incorrect gloves for manual handling task. Supervisor corrected the action.,Unsafe Act,NO,Pressure,LOW,,,,,Unit B,Heat Exchanger,synthetic,stopped work,supervisor intervened,cleaned up,,,[Oct 13] Report by W-1106: Worker used incorrect gloves for manual handling task. Supervisor corrected the action.
053ee53f-1c8f-444a-835f-bf5a591960b4,[Oct 10] Report by W-1916: Trip hazard due to loose cables near Compressor. Cables were immediately organized.,Unsafe Act,NO,Slips/Trips,LOW,,,,,Unit B,Compressor,synthetic,reported to supervisor,colleague intervened,,retrained staff,False,[Oct 10] Report by W-1916: Trip hazard due to loose cables near Compressor. Cables were immediately organized.
b1b291ff-d7bf-4068-81dd-ab35abe9065e,[Oct 23] Report by W-4692: Trip hazard due to loose cables near Heat Exchanger. Cables were immediately organized.,Unsafe Condition,NO,Working at Height,LOW,,,,,Refinery Sector 4,Heat Exchanger,synthetic,stopped work,,replaced equipment,updated procedures,True,[Oct 23] Report by W-4692: Trip hazard due to loose cables near Heat Exchanger. Cables were immediately organized.
407fa3dc-8984-4e1f-a2b0-8778141364e4,[Oct 6] Report by W-5425: Small oil spill near Valve at Unit B. Cleaned up promptly.,Unsafe Condition,NO,Confined Space,LOW,,,,,Unit B,Valve,synthetic,,colleague intervened,replaced equipment,retrained staff,True,[Oct 6] Report by W-5425: Small oil spill near Valve at Unit B. Cleaned up promptly.
3be7ad0b-59e4-40e1-a2b8-c5f6b27e5308,[Oct 11] Report by W-2982: Small oil spill near Electrical Panel at Unit A. Cleaned up promptly.,Unsafe Condition,NO,Slips/Trips,MEDIUM,,,,,Unit A,Electrical Panel,synthetic,stopped work,supervisor intervened,,,True,[Oct 11] Report by W-2982: Small oil spill near Electrical Panel at Unit A. Cleaned up promptly.
9da79dbf-a85d-4feb-9765-37fe20a23238,[Oct 20] Report by W-8929: Small oil spill near Pump at Unit A. Cleaned up promptly.,Unsafe Condition,NO,Electrical,MEDIUM,,,,,Unit A,Pump,synthetic,reported to supervisor,colleague intervened,cleaned up,retrained staff,False,[Oct 20] Report by W-8929: Small oil spill near Pump at Unit A. Cleaned up promptly.
ade8e85e-8aaf-4c10-a54f-657731d1b4f6,[Oct 14] Report by W-9935: Trip hazard due to loose cables near Heat Exchanger. Cables were immediately organized.,Unsafe Act,NO,Pressure,LOW,,,,,Offshore Platform 1,Heat Exchanger,synthetic,stopped work,supervisor intervened,,retrained staff,,[Oct 14] Report by W-9935: Trip hazard due to loose cables near Heat Exchanger. Cables were immediately organized.
113e2a07-fe3c-40a9-9bb6-0f3a90e6e6f4,[Oct 9] Report by W-5218: Worker used incorrect gloves for manual handling task. Supervisor corrected the action.,Unsafe Condition,NO,Electrical,MEDIUM,,,,,Unit A,Electrical Panel,synthetic,reported to supervisor,colleague intervened,cleaned up,,,[Oct 9] Report by W-5218: Worker used incorrect gloves for manual handling task. Supervisor corrected the action.
e43e64a5-ff44-496f-b436-49cff4ac829f,[Oct 7] Report by W-8680: Worker observed not wearing safety glasses at Offshore Platform 1.,Unsafe Act,NO,Confined Space,MEDIUM,,,,,Offshore Platform 1,Electrical Panel,synthetic,stopped work,colleague intervened,replaced equipment,retrained staff,,[Oct 7] Report by W-8680: Worker observed not wearing safety glasses at Offshore Platform 1.
042264c6-9b9c-4fe5-9ded-3d87365db305,[Oct 3] Report by W-7321: Small oil spill near Electrical Panel at Unit B. Cleaned up promptly.,Unsafe Act,NO,Manual Handling,LOW,,,,,Unit B,Electrical Panel,synthetic,stopped work,colleague intervened,cleaned up,updated procedures,False,[Oct 3] Report by W-7321: Small oil spill near Electrical Panel at Unit B. Cleaned up promptly.
c22b0273-8c46-4339-ba2f-42d0ab8aec1c,[Oct 17] Report by W-9840: Trip hazard due to loose cables near Heat Exchanger. Cables were immediately organized.,Unsafe Condition,NO,Manual Handling,LOW,,,,,Offshore Platform 1,Heat Exchanger,synthetic,reported to supervisor,supervisor intervened,replaced equipment,updated procedures,True,[Oct 17] Report by W-9840: Trip hazard due to loose cables near Heat Exchanger. Cables were immediately organized.
5a950d88-03da-4a65-8a30-d6eda89ec91f,[Oct 4] Report by W-2578: Trip hazard due to loose cables near Heat Exchanger. Cables were immediately organized.,Unsafe Act,NO,Energy Isolation,MEDIUM,,,,,Unit B,Heat Exchanger,synthetic,,,cleaned up,,True,[Oct 4] Report by W-2578: Trip hazard due to loose cables near Heat Exchanger. Cables were immediately organized.
af9694ba-64d5-41e2-83e8-2b6c2cbde094,[Oct 20] Report by W-3668: Trip hazard due to loose cables near Heat Exchanger. Cables were immediately organized.,Unsafe Condition,NO,Working at Height,LOW,,,,,Unit A,Heat Exchanger,synthetic,,colleague intervened,,retrained staff,,[Oct 20] Report by W-3668: Trip hazard due to loose cables near Heat Exchanger. Cables were immediately organized.
c0dd863d-ac79-49bb-8e69-f323ddf040b8,[Oct 10] Report by W-2570: Trip hazard due to loose cables near Compressor. Cables were immediately organized.,Unsafe Act,NO,Slips/Trips,MEDIUM,,,,,Refinery Sector 4,Compressor,synthetic,reported to supervisor,colleague intervened,replaced equipment,updated procedures,False,[Oct 10] Report by W-2570: Trip hazard due to loose cables near Compressor. Cables were immediately organized.
09181cc6-d55d-4aaf-ab2f-a22570923589,[Oct 11] Report by W-5451: Trip hazard due to loose cables near Electrical Panel. Cables were immediately organized.,Unsafe Condition,NO,Working at Height,LOW,,,,,Unit B,Electrical Panel,synthetic,reported to supervisor,colleague intervened,replaced equipment,,False,[Oct 11] Report by W-5451: Trip hazard due to loose cables near Electrical Panel. Cables were immediately organized.
d2ea15d4-189a-4840-aebc-5c46d1731604,[Oct 24] Report by W-5702: Trip hazard due to loose cables near Valve. Cables were immediately organized.,Unsafe Condition,NO,Working at Height,MEDIUM,,,,,Unit A,Valve,synthetic,,colleague intervened,replaced equipment,,,[Oct 24] Report by W-5702: Trip hazard due to loose cables near Valve. Cables were immediately organized.
979e6428-f44a-43ee-a464-26c29b52ef8d,[Oct 24] Report by W-6538: Trip hazard due to loose cables near Pump. Cables were immediately organized.,Unsafe Condition,NO,Energy Isolation,LOW,,,,,Unit B,Pump,synthetic,stopped work,,,retrained staff,True,[Oct 24] Report by W-6538: Trip hazard due to loose cables near Pump. Cables were immediately organized.
5983c63f-49f4-417c-a9d4-7406c0767821,[Oct 4] Report by W-6252: Small oil spill near Heat Exchanger at Unit A. Cleaned up promptly.,Unsafe Condition,NO,Electrical,MEDIUM,,,,,Unit A,Heat Exchanger,synthetic,reported to supervisor,colleague intervened,cleaned up,updated procedures,True,[Oct 4] Report by W-6252: Small oil spill near Heat Exchanger at Unit A. Cleaned up promptly.
54b0bfc5-dc3d-4a08-8764-1f330317b70c,[Oct 21] Report by W-2925: Worker observed not wearing safety glasses at Unit B.,Unsafe Condition,NO,Slips/Trips,MEDIUM,,,,,Unit B,Heat Exchanger,synthetic,stopped work,colleague intervened,,,,[Oct 21] Report by W-2925: Worker observed not wearing safety glasses at Unit B.
367e35a0-9d4a-419b-859f-14ea5f15a0e3,[Oct 14] Report by W-4699: Small oil spill near Valve at Unit A. Cleaned up promptly.,Unsafe Act,NO,Pressure,MEDIUM,,,,,Unit A,Valve,synthetic,reported to supervisor,supervisor intervened,replaced equipment,updated procedures,True,[Oct 14] Report by W-4699: Small oil spill near Valve at Unit A. Cleaned up promptly.
27055e82-f287-4b8c-9d24-c233623292f2,[Oct 4] Report by W-3730: Small oil spill near Heat Exchanger at Refinery Sector 4. Cleaned up promptly.,Unsafe Act,NO,Electrical,MEDIUM,,,,,Refinery Sector 4,Heat Exchanger,synthetic,stopped work,colleague intervened,cleaned up,retrained staff,,[Oct 4] Report by W-3730: Small oil spill near Heat Exchanger at Refinery Sector 4. Cleaned up promptly.
b1025d31-4057-4907-ace6-3cbe52bf5d04,[Oct 15] Report by W-4084: Trip hazard due to loose cables near Electrical Panel. Cables were immediately organized.,Unsafe Condition,NO,Slips/Trips,MEDIUM,,,,,Refinery Sector 4,Electrical Panel,synthetic,,,cleaned up,retrained staff,,[Oct 15] Report by W-4084: Trip hazard due to loose cables near Electrical Panel. Cables were immediately organized.
d715893d-ce54-4298-80f3-588fc2eeb47a,[Oct 3] Report by W-2875: Worker observed not wearing safety glasses at Unit A.,Unsafe Act,NO,Confined Space,MEDIUM,,,,,Unit A,Heat Exchanger,synthetic,reported to supervisor,supervisor intervened,replaced equipment,,True,[Oct 3] Report by W-2875: Worker observed not wearing safety glasses at Unit A.
0266e23d-914f-44fd-961d-79f05243cabc,[Oct 7] Report by W-8208: Worker observed not wearing safety glasses at Refinery Sector 4.,Unsafe Condition,NO,Working at Height,LOW,,,,,Refinery Sector 4,Electrical Panel,synthetic,reported to supervisor,supervisor intervened,cleaned up,updated procedures,False,[Oct 7] Report by W-8208: Worker observed not wearing safety glasses at Refinery Sector 4.
3d6ed8f7-474d-4370-ab8f-496c06537f91,[Oct 21] Report by W-2704: Worker observed not wearing safety glasses at Offshore Platform 1.,Unsafe Condition,NO,Pressure,MEDIUM,,,,,Offshore Platform 1,Electrical Panel,synthetic,reported to supervisor,colleague intervened,cleaned up,,True,[Oct 21] Report by W-2704: Worker observed not wearing safety glasses at Offshore Platform 1.
e703cd97-0ea3-4ce0-befb-a0b697282aec,[Oct 1] Report by W-8596: Worker observed not wearing safety glasses at Unit A.,Unsafe Condition,NO,Working at Height,MEDIUM,,,,,Unit A,Electrical Panel,synthetic,reported to supervisor,supervisor intervened,replaced equipment,,,[Oct 1] Report by W-8596: Worker observed not wearing safety glasses at Unit A.
aa55da9a-4a8a-481e-bf91-845b753df3f5,[Oct 18] Report by W-5083: Small oil spill near Valve at Unit A. Cleaned up promptly.,Unsafe Act,NO,Energy Isolation,LOW,,,,,Unit A,Valve,synthetic,reported to supervisor,colleague intervened,cleaned up,,True,[Oct 18] Report by W-5083: Small oil spill near Valve at Unit A. Cleaned up promptly.
8b0a1acf-0ef5-48f6-85b5-53203d98611b,[Oct 23] Report by W-7157: Worker observed not wearing safety glasses at Offshore Platform 1.,Unsafe Act,NO,Working at Height,MEDIUM,,,,,Offshore Platform 1,Valve,synthetic,reported to supervisor,,,retrained staff,True,[Oct 23] Report by W-7157: Worker observed not wearing safety glasses at Offshore Platform 1.
88d61384-5e36-4d70-bf1b-79f897873e43,[Oct 9] Report by W-9735: Worker observed not wearing safety glasses at Unit A.,Unsafe Condition,NO,Electrical,MEDIUM,,,,,Unit A,Compressor,synthetic,,colleague intervened,,,True,[Oct 9] Report by W-9735: Worker observed not wearing safety glasses at Unit A.
6292c89a-84aa-49d5-8bf7-5eba27e17fdd,[Oct 21] Report by W-1636: Worker used incorrect gloves for manual handling task. Supervisor corrected the action.,Unsafe Act,NO,Manual Handling,MEDIUM,,,,,Offshore Platform 1,Compressor,synthetic,reported to supervisor,colleague intervened,replaced equipment,updated procedures,,[Oct 21] Report by W-1636: Worker used incorrect gloves for manual handling task. Supervisor corrected the action.
556dccc7-b587-44d2-bcf4-d2a522af222d,[Oct 27] Report by W-3885: Trip hazard due to loose cables near Heat Exchanger. Cables were immediately organized.,Unsafe Act,NO,Confined Space,LOW,,,,,Unit B,Heat Exchanger,synthetic,,supervisor intervened,cleaned up,retrained staff,False,[Oct 27] Report by W-3885: Trip hazard due to loose cables near Heat Exchanger. Cables were immediately organized.
9a222169-f74b-4788-bd43-089dec07a215,[Oct 18] Report by W-4961: Small oil spill near Heat Exchanger at Offshore Platform 1. Cleaned up promptly.,Unsafe Condition,NO,Energy Isolation,MEDIUM,,,,,Offshore Platform 1,Heat Exchanger,synthetic,stopped work,,,,,[Oct 18] Report by W-4961: Small oil spill near Heat Exchanger at Offshore Platform 1. Cleaned up promptly.
2cff002f-a8ad-4a37-ae56-b1a0a1de2542,[Oct 14] Report by W-4429: Worker used incorrect gloves for manual handling task. Supervisor corrected the action.,Unsafe Act,NO,Confined Space,LOW,,,,,Refinery Sector 4,Electrical Panel,synthetic,,colleague intervened,replaced equipment,retrained staff,True,[Oct 14] Report by W-4429: Worker used incorrect gloves for manual handling task. Supervisor corrected the action.
8998f4ec-6b2d-43ea-9c9c-2f55adfede12,[Oct 22] Report by W-6394: Line opened with residual pressure on the Compressor. High-energy release narrowly missed the operator.,Near Miss,YES,Energy Isolation,HIGH,,,,,Unit B,Compressor,synthetic,,supervisor intervened,,updated procedures,,[Oct 22] Report by W-6394: Line opened with residual pressure on the Compressor. High-energy release narrowly missed the operator.
31dfdd31-ab8e-4be3-9810-05472cd6d73e,[Oct 19] Report by W-3942: Trip hazard due to loose cables near Valve. Cables were immediately organized.,Unsafe Condition,NO,Working at Height,LOW,,,,,Unit A,Valve,synthetic,,supervisor intervened,replaced equipment,,False,[Oct 19] Report by W-3942: Trip hazard due to loose cables near Valve. Cables were immediately organized.
89bce0e7-9d08-428d-84ff-3143038104c4,[Oct 28] Report by W-8720: Worker used incorrect gloves for manual handling task. Supervisor corrected the action.,Unsafe Act,NO,Pressure,LOW,,,,,Offshore Platform 1,Compressor,synthetic,stopped work,supervisor intervened,cleaned up,,,[Oct 28] Report by W-8720: Worker used incorrect gloves for manual handling task. Supervisor corrected the action.
7e602346-ed80-4ffd-a137-0d355d73894b,[Oct 6] Report by W-8854: Worker used incorrect gloves for manual handling task. Supervisor corrected the action.,Unsafe Condition,NO,Slips/Trips,LOW,,,,,Unit B,Electrical Panel,synthetic,,,replaced equipment,retrained staff,False,[Oct 6] Report by W-8854: Worker used incorrect gloves for manual handling task. Supervisor corrected the action.
602fab26-97c4-4543-bde7-23d2b2466063,<div><p>[Oct 6] Report by W-3262: Worker observed not wearing safety glasses at Unit B.</p></div>,Unsafe Act,NO,Working at Height,MEDIUM,,,,,Unit B,Heat Exchanger,synthetic,stopped work,colleague intervened,cleaned up,retrained staff,True,[Oct 6] Report by W-3262: Worker observed not wearing safety glasses at Unit B.
b01dc774-c898-497e-9545-9ec5301098cd,[Oct 13] Report by W-7041: Worker used incorrect gloves for manual handling task. Supervisor corrected the action.,Unsafe Act,NO,Working at Height,LOW,,,,,Unit A,Heat Exchanger,synthetic,reported to supervisor,supervisor intervened,cleaned up,,True,[Oct 13] Report by W-7041: Worker used incorrect gloves for manual handling task. Supervisor corrected the action.
66c2cad4-be5d-4447-a165-34c49c05a110,[Oct 27] Report by W-3618: Trip hazard due to loose cables near Heat Exchanger. Cables were immediately organized.,Unsafe Act,NO,Slips/Trips,LOW,,,,,Unit B,Heat Exchanger,synthetic,,,,,False,[Oct 27] Report by W-3618: Trip hazard due to loose cables near Heat Exchanger. Cables were immediately organized.
640816d4-daa1-485b-9bc2-1e2466c6a657,[Oct 27] Report by W-5820: Worker observed not wearing safety glasses at Unit B.,Unsafe Condition,NO,Energy Isolation,LOW,,,,,Unit B,Pump,synthetic,stopped work,supervisor intervened,cleaned up,retrained staff,True,[Oct 27] Report by W-5820: Worker observed not wearing safety glasses at Unit B.
fe349a78-929c-4da3-a136-148ebb53b819,[Oct 27] Report by W-8748: Worker used incorrect gloves for manual handling task. Supervisor corrected the action.,Unsafe Act,NO,Slips/Trips,MEDIUM,,,,,Refinery Sector 4,Valve,synthetic,reported to supervisor,colleague intervened,cleaned up,,,[Oct 27] Report by W-8748: Worker used incorrect gloves for manual handling task. Supervisor corrected the action.
a55c2191-d5ec-49b0-98e3-8810e634e4a7,[Oct 6] Report by W-9856: Line opened with residual pressure on the Pump. High-energy release narrowly missed the operator.,Near Miss,YES,Confined Space,CRITICAL,,,,,Refinery Sector 4,Pump,synthetic,stopped work,colleague intervened,cleaned up,retrained staff,True,[Oct 6] Report by W-9856: Line opened with residual pressure on the Pump. High-energy release narrowly missed the operator.
e8bf49e0-3bc2-416b-970b-4458abb97852,[Oct 20] Report by W-2388: Worker used incorrect gloves for manual handling task. Supervisor corrected the action.,Unsafe Act,NO,Slips/Trips,LOW,,,,,Offshore Platform 1,Pump,synthetic,,supervisor intervened,replaced equipment,updated procedures,False,[Oct 20] Report by W-2388: Worker used incorrect gloves for manual handling task. Supervisor corrected the action.
92244146-dd32-4da3-bdee-848cdb838acf,[Oct 24] Report by W-5602: Worker observed not wearing safety glasses at Refinery Sector 4.,Unsafe Condition,NO,Slips/Trips,MEDIUM,,,,,Refinery Sector 4,Electrical Panel,synthetic,reported to supervisor,colleague intervened,,,False,[Oct 24] Report by W-5602: Worker observed not wearing safety glasses at Refinery Sector 4.
a53fb670-c0ad-4c5a-b50c-e9c824e3c112,[Oct 13] Report by W-2395: Trip hazard due to loose cables near Compressor. Cables were immediately organized.,Unsafe Condition,NO,Pressure,MEDIUM,,,,,Unit A,Compressor,synthetic,reported to supervisor,supervisor intervened,cleaned up,retrained staff,True,[Oct 13] Report by W-2395: Trip hazard due to loose cables near Compressor. Cables were immediately organized.
d2157108-a5c4-46be-aa74-5bc4557b53e2,[Oct 25] Report by W-7834: Worker observed not wearing safety glasses at Offshore Platform 1.,Unsafe Condition,NO,Working at Height,LOW,,,,,Offshore Platform 1,Heat Exchanger,synthetic,,,,retrained staff,,[Oct 25] Report by W-7834: Worker observed not wearing safety glasses at Offshore Platform 1.
fc294f30-c0ac-4c0b-9c8a-06b037e96097,[Oct 10] Report by W-3865: Worker used incorrect gloves for manual handling task. Supervisor corrected the action.,Unsafe Condition,NO,Electrical,MEDIUM,,,,,Unit B,Electrical Panel,synthetic,stopped work,supervisor intervened,cleaned up,,,[Oct 10] Report by W-3865: Worker used incorrect gloves for manual handling task. Supervisor corrected the action.
db879417-0cf7-4fb6-9cee-370da36ad196,[Oct 11] Report by W-6830: Trip hazard due to loose cables near Valve. Cables were immediately organized.,Unsafe Act,NO,Energy Isolation,LOW,,,,,Refinery Sector 4,Valve,synthetic,reported to supervisor,supervisor intervened,,updated procedures,False,[Oct 11] Report by W-6830: Trip hazard due to loose cables near Valve. Cables were immediately organized.
863a5d59-a36d-484e-975e-4c95561af6be,[Oct 18] Report by W-1493: Trip hazard due to loose cables near Electrical Panel. Cables were immediately organized.,Unsafe Condition,NO,Electrical,MEDIUM,,,,,Unit B,Electrical Panel,synthetic,,,cleaned up,updated procedures,False,[Oct 18] Report by W-1493: Trip hazard due to loose cables near Electrical Panel. Cables were immediately organized.
8fc627be-8ba7-412b-9c45-cb4a467845e5,[Oct 27] Report by W-8449: Small oil spill near Compressor at Unit A. Cleaned up promptly.,Unsafe Act,NO,Electrical,MEDIUM,,,,,Unit A,Compressor,synthetic,,colleague intervened,replaced equipment,retrained staff,,[Oct 27] Report by W-8449: Small oil spill near Compressor at Unit A. Cleaned up promptly.
e2332547-231b-41e5-9795-95e30c947918,[Oct 28] Report by W-3080: Small oil spill near Electrical Panel at Offshore Platform 1. Cleaned up promptly.,Unsafe Condition,NO,Electrical,LOW,,,,,Offshore Platform 1,Electrical Panel,synthetic,reported to supervisor,supervisor intervened,replaced equipment,,,[Oct 28] Report by W-3080: Small oil spill near Electrical Panel at Offshore Platform 1. Cleaned up promptly.
4606b369-660a-4273-b06f-a7c1314a6282,[Oct 24] Report by W-1497: Small oil spill near Pump at Refinery Sector 4. Cleaned up promptly.,Unsafe Act,NO,Working at Height,MEDIUM,,,,,Refinery Sector 4,Pump,synthetic,reported to supervisor,colleague intervened,replaced equipment,retrained staff,,[Oct 24] Report by W-1497: Small oil spill near Pump at Refinery Sector 4. Cleaned up promptly.
10d0023b-b0d9-4d30-8a6f-b90e9e19e40c,[Oct 10] Report by W-8189: Trip hazard due to loose cables near Valve. Cables were immediately organized.,Unsafe Act,NO,Electrical,LOW,,,,,Offshore Platform 1,Valve,synthetic,reported to supervisor,,replaced equipment,updated procedures,,[Oct 10] Report by W-8189: Trip hazard due to loose cables near Valve. Cables were immediately organized.
4ac52d4f-d362-4508-b2d3-ddb47564422d,[Oct 17] Report by W-9655: Worker used incorrect gloves for manual handling task. Supervisor corrected the action.,Unsafe Condition,NO,Confined Space,LOW,,,,,Offshore Platform 1,Compressor,synthetic,,colleague intervened,,updated procedures,True,[Oct 17] Report by W-9655: Worker used incorrect gloves for manual handling task. Supervisor corrected the action.
4d4b53da-cee9-462a-8909-acb9cb440df5,[Oct 12] Report by W-1488: Trip hazard due to loose cables near Electrical Panel. Cables were immediately organized.,Unsafe Act,NO,Confined Space,MEDIUM,,,,,Refinery Sector 4,Electrical Panel,synthetic,stopped work,supervisor intervened,cleaned up,updated procedures,True,[Oct 12] Report by W-1488: Trip hazard due to loose cables near Electrical Panel. Cables were immediately organized.
ad4d414b-f285-4705-ba4c-0d3fda7c6e94,"[Oct 6] Report by W-1905: While working at Refinery Sector 4, worker was at height without fall protection. Serious risk of fatal fall.",Unsafe Act,YES,Energy Isolation,HIGH,,,,,Refinery Sector 4,Heat Exchanger,synthetic,stopped work,supervisor intervened,,updated procedures,True,"[Oct 6] Report by W-1905: While working at Refinery Sector 4, worker was at height without fall protection. Serious risk of fatal fall."
626f2be2-bf7b-4a7d-ada1-a1aa566b400e,[Oct 22] Report by W-7659: Worker observed not wearing safety glasses at Unit A.,Unsafe Act,NO,Energy Isolation,MEDIUM,,,,,Unit A,Compressor,synthetic,stopped work,colleague intervened,replaced equipment,retrained staff,,[Oct 22] Report by W-7659: Worker observed not wearing safety glasses at Unit A.
1f60ea49-e713-4ef2-8510-27113ea005c7,[Oct 20] Report by W-3805: Small oil spill near Electrical Panel at Offshore Platform 1. Cleaned up promptly.,Unsafe Act,NO,Pressure,LOW,,,,,Offshore Platform 1,Electrical Panel,synthetic,,,replaced equipment,retrained staff,True,[Oct 20] Report by W-3805: Small oil spill near Electrical Panel at Offshore Platform 1. Cleaned up promptly.
c1b3994a-83dd-431d-a3cf-68b402c0e647,[Oct 5] Report by W-1101: Worker observed not wearing safety glasses at Unit A.,Unsafe Act,NO,Manual Handling,MEDIUM,,,,,Unit A,Heat Exchanger,synthetic,stopped work,colleague intervened,replaced equipment,updated procedures,,[Oct 5] Report by W-1101: Worker observed not wearing safety glasses at Unit A.
9a3b23f3-940a-4593-b37e-80d7cd9e5f11,[Oct 2] Report by W-2147: Trip hazard due to loose cables near Pump. Cables were immediately organized.,Unsafe Condition,NO,Slips/Trips,LOW,,,,,Offshore Platform 1,Pump,synthetic,,colleague intervened,,updated procedures,False,[Oct 2] Report by W-2147: Trip hazard due to loose cables near Pump. Cables were immediately organized.
2347c0d5-7ce6-4dab-b6bc-56313302ff2f,[Oct 22] Report by W-5111: Small oil spill near Heat Exchanger at Refinery Sector 4. Cleaned up promptly.,Unsafe Condition,NO,Working at Height,MEDIUM,,,,,Refinery Sector 4,Heat Exchanger,synthetic,stopped work,supervisor intervened,replaced equipment,retrained staff,,[Oct 22] Report by W-5111: Small oil spill near Heat Exchanger at Refinery Sector 4. Cleaned up promptly.
b019e835-f9ed-452a-b157-f0fed62d9f5f,[Oct 8] Report by W-6635: Trip hazard due to loose cables near Compressor. Cables were immediately organized.,Unsafe Act,NO,Working at Height,MEDIUM,,,,,Refinery Sector 4,Compressor,synthetic,,supervisor intervened,,updated procedures,False,[Oct 8] Report by W-6635: Trip hazard due to loose cables near Compressor. Cables were immediately organized.
ff223997-eb52-4232-9bcc-e905e38a46dd,[Oct 26] Report by W-9371: Worker observed not wearing safety glasses at Offshore Platform 1.,Unsafe Condition,NO,Energy Isolation,MEDIUM,,,,,Offshore Platform 1,Heat Exchanger,synthetic,reported to supervisor,,,updated procedures,,[Oct 26] Report by W-9371: Worker observed not wearing safety glasses at Offshore Platform 1.
d1d65c8b-01cf-4ad7-ba5c-6bba4a2f8564,[Oct 9] Report by W-2101: Small oil spill near Heat Exchanger at Unit B. Cleaned up promptly.,Unsafe Act,NO,Working at Height,LOW,,,,,Unit B,Heat Exchanger,synthetic,reported to supervisor,colleague intervened,,retrained staff,False,[Oct 9] Report by W-2101: Small oil spill near Heat Exchanger at Unit B. Cleaned up promptly.
eb3bf2ac-730e-4009-8f28-ce5a460c52fc,[Oct 25] Report by W-9265: Small oil spill near Pump at Unit B. Cleaned up promptly.,Unsafe Act,NO,Slips/Trips,LOW,,,,,Unit B,Pump,synthetic,,,cleaned up,,False,[Oct 25] Report by W-9265: Small oil spill near Pump at Unit B. Cleaned up promptly.
0aa3310e-2e5d-4bb5-917f-5a5fe925c181,[Oct 4] Report by W-9876: Trip hazard due to loose cables near Valve. Cables were immediately organized.,Unsafe Condition,NO,Manual Handling,LOW,,,,,Refinery Sector 4,Valve,synthetic,,,cleaned up,updated procedures,False,[Oct 4] Report by W-9876: Trip hazard due to loose cables near Valve. Cables were immediately organized.
ac091b4f-8732-4d4f-9717-8237376c4dc5,[Oct 13] Report by W-6301: Small oil spill near Compressor at Unit A. Cleaned up promptly.,Unsafe Condition,NO,Slips/Trips,MEDIUM,,,,,Unit A,Compressor,synthetic,stopped work,,cleaned up,,False,[Oct 13] Report by W-6301: Small oil spill near Compressor at Unit A. Cleaned up promptly.
7757b994-7996-4951-b4a5-7ca17a98be27,[Oct 24] Report by W-9820: Worker observed not wearing safety glasses at Offshore Platform 1.,Unsafe Condition,NO,Manual Handling,LOW,,,,,Offshore Platform 1,Pump,synthetic,stopped work,supervisor intervened,replaced equipment,retrained staff,,[Oct 24] Report by W-9820: Worker observed not wearing safety glasses at Offshore Platform 1.
b15899cd-e3d0-4e3b-8cc5-db96bd2a4680,<div><p>[Oct 11] Report by W-6890: Worker used incorrect gloves for manual handling task. Supervisor corrected the action.</p></div>,Unsafe Condition,NO,Pressure,LOW,,,,,Refinery Sector 4,Electrical Panel,synthetic,stopped work,,replaced equipment,,True,[Oct 11] Report by W-6890: Worker used incorrect gloves for manual handling task. Supervisor corrected the action.
6fa7aa81-992b-4069-8922-efa15dd6983f,[Oct 10] Report by W-2113: Trip hazard due to loose cables near Pump. Cables were immediately organized.,Unsafe Act,NO,Energy Isolation,MEDIUM,,,,,Refinery Sector 4,Pump,synthetic,,supervisor intervened,replaced equipment,,True,[Oct 10] Report by W-2113: Trip hazard due to loose cables near Pump. Cables were immediately organized.
c71b8eca-c4ac-4380-8404-f6acdb2f2089,[Oct 23] Report by W-8455: Worker used incorrect gloves for manual handling task. Supervisor corrected the action.,Unsafe Condition,NO,Energy Isolation,MEDIUM,,,,,Refinery Sector 4,Heat Exchanger,synthetic,stopped work,supervisor intervened,,,,[Oct 23] Report by W-8455: Worker used incorrect gloves for manual handling task. Supervisor corrected the action.
f4cfb197-cc8a-4a6c-9356-59e31a6d70ed,[Oct 3] Report by W-1771: Line opened with residual pressure on the Electrical Panel. High-energy release narrowly missed the operator.,Unsafe Act,YES,Pressure,HIGH,,,,,Unit A,Electrical Panel,synthetic,stopped work,colleague intervened,,retrained staff,False,[Oct 3] Report by W-1771: Line opened with residual pressure on the Electrical Panel. High-energy release narrowly missed the operator.
e1828bea-6ab9-47b3-959f-5c30b37be692,[Oct 19] Report by W-2888: Worker observed not wearing safety glasses at Offshore Platform 1.,Unsafe Condition,NO,Electrical,MEDIUM,,,,,Offshore Platform 1,Valve,synthetic,reported to supervisor,supervisor intervened,,retrained staff,True,[Oct 19] Report by W-2888: Worker observed not wearing safety glasses at Offshore Platform 1.
07a1b05b-0fa8-4921-b576-dc8c033c9123,[Oct 14] Report by W-1532: Worker used incorrect gloves for manual handling task. Supervisor corrected the action.,Unsafe Act,NO,Energy Isolation,MEDIUM,,,,,Unit A,Valve,synthetic,stopped work,supervisor intervened,cleaned up,retrained staff,False,[Oct 14] Report by W-1532: Worker used incorrect gloves for manual handling task. Supervisor corrected the action.
295b6a85-67e3-4442-afa6-dd35d176c943,[Oct 4] Report by W-2208: Small oil spill near Electrical Panel at Unit B. Cleaned up promptly.,Unsafe Condition,NO,Electrical,LOW,,,,,Unit B,Electrical Panel,synthetic,stopped work,supervisor intervened,cleaned up,retrained staff,False,[Oct 4] Report by W-2208: Small oil spill near Electrical Panel at Unit B. Cleaned up promptly.
a26bd98d-e7ed-4ac1-81f6-37ffb42ee65d,[Oct 13] Report by W-8386: Small oil spill near Compressor at Unit B. Cleaned up promptly.,Unsafe Condition,NO,Electrical,MEDIUM,,,,,Unit B,Compressor,synthetic,reported to supervisor,colleague intervened,,,True,[Oct 13] Report by W-8386: Small oil spill near Compressor at Unit B. Cleaned up promptly.
b0ad1fb1-c38f-444f-b5c9-e767b3ad91f0,[Oct 3] Report by W-4012: Worker used incorrect gloves for manual handling task. Supervisor corrected the action.,Unsafe Act,NO,Slips/Trips,MEDIUM,,,,,Unit B,Pump,synthetic,reported to supervisor,supervisor intervened,replaced equipment,retrained staff,False,[Oct 3] Report by W-4012: Worker used incorrect gloves for manual handling task. Supervisor corrected the action.
fec97561-6fab-4f87-a6f0-935429238966,[Oct 10] Report by W-1678: Small oil spill near Heat Exchanger at Offshore Platform 1. Cleaned up promptly.,Unsafe Condition,NO,Pressure,MEDIUM,,,,,Offshore Platform 1,Heat Exchanger,synthetic,stopped work,supervisor intervened,cleaned up,,True,[Oct 10] Report by W-1678: Small oil spill near Heat Exchanger at Offshore Platform 1. Cleaned up promptly.
1b982764-7e70-4418-9f36-e5c136b270fb,<div><p>[Oct 22] Report by W-8952: Worker used incorrect gloves for manual handling task. Supervisor corrected the action.</p></div>,Unsafe Act,NO,Electrical,LOW,,,,,Unit A,Pump,synthetic,stopped work,supervisor intervened,replaced equipment,,,[Oct 22] Report by W-8952: Worker used incorrect gloves for manual handling task. Supervisor corrected the action.
697ea40d-ff68-4721-bf5d-8fcd11cf68dc,[Oct 11] Report by W-7223: Worker used incorrect gloves for manual handling task. Supervisor corrected the action.,Unsafe Act,NO,Energy Isolation,MEDIUM,,,,,Unit B,Electrical Panel,synthetic,,supervisor intervened,,,False,[Oct 11] Report by W-7223: Worker used incorrect gloves for manual handling task. Supervisor corrected the action.
55c649f0-0315-4fdc-a21f-182667c59c94,[Oct 14] Report by W-8557: Trip hazard due to loose cables near Compressor. Cables were immediately organized.,Unsafe Act,NO,Manual Handling,MEDIUM,,,,,Offshore Platform 1,Compressor,synthetic,reported to supervisor,,cleaned up,retrained staff,,[Oct 14] Report by W-8557: Trip hazard due to loose cables near Compressor. Cables were immediately organized.
7e98af02-453d-4e38-a642-4a8be19eb580,[Oct 7] Report by W-8687: Small oil spill near Heat Exchanger at Offshore Platform 1. Cleaned up promptly.,Unsafe Condition,NO,Working at Height,MEDIUM,,,,,Offshore Platform 1,Heat Exchanger,synthetic,,supervisor intervened,replaced equipment,,,[Oct 7] Report by W-8687: Small oil spill near Heat Exchanger at Offshore Platform 1. Cleaned up promptly.
cacc2e49-61ec-4eda-bdaf-89b85aa98439,[Oct 4] Report by W-8592: Small oil spill near Valve at Unit A. Cleaned up promptly.,Unsafe Act,NO,Electrical,MEDIUM,,,,,Unit A,Valve,synthetic,reported to supervisor,supervisor intervened,replaced equipment,retrained staff,,[Oct 4] Report by W-8592: Small oil spill near Valve at Unit A. Cleaned up promptly.
c348addc-e51d-4624-9cf5-f34c7b06a923,[Oct 8] Report by W-3737: Worker observed not wearing safety glasses at Offshore Platform 1.,Unsafe Condition,NO,Electrical,MEDIUM,,,,,Offshore Platform 1,Electrical Panel,synthetic,,,,,,[Oct 8] Report by W-3737: Worker observed not wearing safety glasses at Offshore Platform 1.
ebfef141-ab75-4d61-9296-2cc68056c5ca,[Oct 26] Report by W-7874: Worker used incorrect gloves for manual handling task. Supervisor corrected the action.,Unsafe Act,NO,Energy Isolation,MEDIUM,,,,,Refinery Sector 4,Valve,synthetic,stopped work,colleague intervened,replaced equipment,,,[Oct 26] Report by W-7874: Worker used incorrect gloves for manual handling task. Supervisor corrected the action.
0f3252b2-98cb-44ad-8fef-274d7890a9a6,[Oct 20] Report by W-1558: Small oil spill near Valve at Unit A. Cleaned up promptly.,Unsafe Condition,NO,Electrical,MEDIUM,,,,,Unit A,Valve,synthetic,,,cleaned up,retrained staff,False,[Oct 20] Report by W-1558: Small oil spill near Valve at Unit A. Cleaned up promptly.
12193495-e10a-47a7-8510-d0827afb6b37,[Oct 25] Report by W-4478: Worker used incorrect gloves for manual handling task. Supervisor corrected the action.,Unsafe Condition,NO,Energy Isolation,MEDIUM,,,,,Unit A,Valve,synthetic,,colleague intervened,cleaned up,,False,[Oct 25] Report by W-4478: Worker used incorrect gloves for manual handling task. Supervisor corrected the action.
53ece1a1-3c68-4aab-9d7f-8862c3363b51,[Oct 1] Report by W-9345: Worker observed not wearing safety glasses at Unit A.,Unsafe Condition,NO,Pressure,MEDIUM,,,,,Unit A,Heat Exchanger,synthetic,,colleague intervened,,updated procedures,,[Oct 1] Report by W-9345: Worker observed not wearing safety glasses at Unit A.
15b8c833-889c-46b2-ba1b-53fd6a437ca3,[Oct 15] Report by W-2852: Worker used incorrect gloves for manual handling task. Supervisor corrected the action.,Unsafe Condition,NO,Working at Height,MEDIUM,,,,,Unit A,Valve,synthetic,reported to supervisor,supervisor intervened,,retrained staff,,[Oct 15] Report by W-2852: Worker used incorrect gloves for manual handling task. Supervisor corrected the action.
4c241470-c5d7-47f9-87a8-baef945ee066,[Oct 1] Report by W-6588: Worker observed not wearing safety glasses at Refinery Sector 4.,Unsafe Act,NO,Manual Handling,MEDIUM,,,,,Refinery Sector 4,Heat Exchanger,synthetic,stopped work,supervisor intervened,,,False,[Oct 1] Report by W-6588: Worker observed not wearing safety glasses at Refinery Sector 4.
1e4b7054-862f-4a5d-966c-6e9bb44b84ff,[Oct 12] Report by W-4810: Small oil spill near Heat Exchanger at Unit A. Cleaned up promptly.,Unsafe Act,NO,Manual Handling,MEDIUM,,,,,Unit A,Heat Exchanger,synthetic,reported to supervisor,,cleaned up,,True,[Oct 12] Report by W-4810: Small oil spill near Heat Exchanger at Unit A. Cleaned up promptly.
c80867ba-bf99-41b4-963a-caec56cdba95,[Oct 17] Report by W-4456: Worker used incorrect gloves for manual handling task. Supervisor corrected the action.,Unsafe Condition,NO,Manual Handling,MEDIUM,,,,,Unit A,Valve,synthetic,stopped work,,cleaned up,,,[Oct 17] Report by W-4456: Worker used incorrect gloves for manual handling task. Supervisor corrected the action.
05f357d1-9cd5-4b57-8ffa-8dfc69cad18c,[Oct 23] Report by W-6190: Trip hazard due to loose cables near Heat Exchanger. Cables were immediately organized.,Unsafe Condition,NO,Manual Handling,LOW,,,,,Offshore Platform 1,Heat Exchanger,synthetic,reported to supervisor,,,updated procedures,False,[Oct 23] Report by W-6190: Trip hazard due to loose cables near Heat Exchanger. Cables were immediately organized.
537c21b1-7ebd-4fb6-9baa-56fa52d02261,[Oct 23] Report by W-5925: Trip hazard due to loose cables near Valve. Cables were immediately organized.,Unsafe Act,NO,Working at Height,MEDIUM,,,,,Unit B,Valve,synthetic,reported to supervisor,,cleaned up,,,[Oct 23] Report by W-5925: Trip hazard due to loose cables near Valve. Cables were immediately organized.
eaefbc37-9eb6-4d76-8f36-e8a2827f1956,[Oct 14] Report by W-4405: Worker observed not wearing safety glasses at Unit B.,Unsafe Act,NO,Slips/Trips,LOW,,,,,Unit B,Electrical Panel,synthetic,reported to supervisor,supervisor intervened,cleaned up,retrained staff,False,[Oct 14] Report by W-4405: Worker observed not wearing safety glasses at Unit B.
75bcbaf6-616f-461e-8fd0-d6aacbcd96e0,[Oct 14] Report by W-1339: Trip hazard due to loose cables near Electrical Panel. Cables were immediately organized.,Unsafe Act,NO,Slips/Trips,MEDIUM,,,,,Offshore Platform 1,Electrical Panel,synthetic,stopped work,colleague intervened,cleaned up,retrained staff,True,[Oct 14] Report by W-1339: Trip hazard due to loose cables near Electrical Panel. Cables were immediately organized.
8f9f2ced-072f-4746-9bd5-73a778e125b7,[Oct 5] Report by W-7813: Trip hazard due to loose cables near Compressor. Cables were immediately organized.,Unsafe Act,NO,Manual Handling,MEDIUM,,,,,Offshore Platform 1,Compressor,synthetic,stopped work,supervisor intervened,,,False,[Oct 5] Report by W-7813: Trip hazard due to loose cables near Compressor. Cables were immediately organized.
655cc47e-9c5f-42ea-8da8-7928ea58b9b4,[Oct 27] Report by W-1842: Worker observed not wearing safety glasses at Unit B.,Unsafe Condition,NO,Slips/Trips,MEDIUM,,,,,Unit B,Compressor,synthetic,,supervisor intervened,replaced equipment,updated procedures,,[Oct 27] Report by W-1842: Worker observed not wearing safety glasses at Unit B.
77a87baf-5697-4c85-8ab6-49148c26ec85,[Oct 28] Report by W-2554: Small oil spill near Pump at Unit B. Cleaned up promptly.,Unsafe Act,NO,Pressure,LOW,,,,,Unit B,Pump,synthetic,stopped work,colleague intervened,cleaned up,,True,[Oct 28] Report by W-2554: Small oil spill near Pump at Unit B. Cleaned up promptly.
a0e0877f-83ad-46ca-bb25-8ed2ca7ea1dd,[Oct 23] Report by W-1168: Small oil spill near Pump at Offshore Platform 1. Cleaned up promptly.,Unsafe Condition,NO,Electrical,MEDIUM,,,,,Offshore Platform 1,Pump,synthetic,,colleague intervened,replaced equipment,retrained staff,,[Oct 23] Report by W-1168: Small oil spill near Pump at Offshore Platform 1. Cleaned up promptly.
17201eb2-651c-4340-af93-4212960a532a,[Oct 27] Report by W-3141: Small oil spill near Pump at Unit A. Cleaned up promptly.,Unsafe Condition,NO,Confined Space,MEDIUM,,,,,Unit A,Pump,synthetic,,supervisor intervened,replaced equipment,retrained staff,True,[Oct 27] Report by W-3141: Small oil spill near Pump at Unit A. Cleaned up promptly.
c6cf5052-ccdb-4158-b097-6b11e5fe575c,[Oct 18] Report by W-2315: Worker observed not wearing safety glasses at Offshore Platform 1.,Unsafe Act,NO,Electrical,LOW,,,,,Offshore Platform 1,Pump,synthetic,,,,updated procedures,True,[Oct 18] Report by W-2315: Worker observed not wearing safety glasses at Offshore Platform 1.
07ded131-2827-41a5-920a-85aa95dc02c8,[Oct 28] Report by W-3148: Small oil spill near Pump at Unit A. Cleaned up promptly.,Unsafe Act,NO,Electrical,LOW,,,,,Unit A,Pump,synthetic,,supervisor intervened,replaced equipment,updated procedures,,[Oct 28] Report by W-3148: Small oil spill near Pump at Unit A. Cleaned up promptly.
315bc18e-bf0b-4c78-8f95-d786b255d5bc,[Oct 3] Report by W-3136: Worker observed not wearing safety glasses at Refinery Sector 4.,Unsafe Condition,NO,Pressure,LOW,,,,,Refinery Sector 4,Compressor,synthetic,reported to supervisor,colleague intervened,replaced equipment,updated procedures,,[Oct 3] Report by W-3136: Worker observed not wearing safety glasses at Refinery Sector 4.
75eeb274-d54d-4a2b-b504-01774a3438a8,<div><p>[Oct 25] Report by W-5506: Worker observed not wearing safety glasses at Unit B.</p></div>,Unsafe Condition,NO,Electrical,MEDIUM,,,,,Unit B,Pump,synthetic,stopped work,,,retrained staff,False,[Oct 25] Report by W-5506: Worker observed not wearing safety glasses at Unit B.
14961a2d-7c5d-4874-a71a-bbec3f9f225c,<div><p>[Oct 15] Report by W-9461: Small oil spill near Valve at Unit A. Cleaned up promptly.</p></div>,Unsafe Act,NO,Pressure,LOW,,,,,Unit A,Valve,synthetic,stopped work,,cleaned up,retrained staff,,[Oct 15] Report by W-9461: Small oil spill near Valve at Unit A. Cleaned up promptly.
7ab553b0-19c9-4832-9a0d-e86fdfd55260,[Oct 16] Report by W-5822: Worker used incorrect gloves for manual handling task. Supervisor corrected the action.,Unsafe Act,NO,Working at Height,LOW,,,,,Offshore Platform 1,Pump,synthetic,,colleague intervened,cleaned up,,False,[Oct 16] Report by W-5822: Worker used incorrect gloves for manual handling task. Supervisor corrected the action.
c4b9a765-0eb6-4a73-aeec-82d02d62cf41,[Oct 25] Report by W-1820: Small oil spill near Valve at Offshore Platform 1. Cleaned up promptly.,Unsafe Act,NO,Manual Handling,MEDIUM,,,,,Offshore Platform 1,Valve,synthetic,reported to supervisor,,cleaned up,retrained staff,,[Oct 25] Report by W-1820: Small oil spill near Valve at Offshore Platform 1. Cleaned up promptly.
9b6ee6f3-921f-4592-b2bb-c9e0e3530d6c,[Oct 23] Report by W-4457: Small oil spill near Electrical Panel at Offshore Platform 1. Cleaned up promptly.,Unsafe Act,NO,Manual Handling,MEDIUM,,,,,Offshore Platform 1,Electrical Panel,synthetic,reported to supervisor,supervisor intervened,replaced equipment,updated procedures,,[Oct 23] Report by W-4457: Small oil spill near Electrical Panel at Offshore Platform 1. Cleaned up promptly.
b04d7f21-6623-4b7c-bc04-723786b7624a,[Oct 13] Report by W-6498: Trip hazard due to loose cables near Heat Exchanger. Cables were immediately organized.,Unsafe Condition,NO,Manual Handling,LOW,,,,,Refinery Sector 4,Heat Exchanger,synthetic,,,replaced equipment,,True,[Oct 13] Report by W-6498: Trip hazard due to loose cables near Heat Exchanger. Cables were immediately organized.
de0bdaaa-2ec3-47dc-874b-bf2c0a833853,[Oct 27] Report by W-3552: Small oil spill near Pump at Refinery Sector 4. Cleaned up promptly.,Unsafe Act,NO,Energy Isolation,LOW,,,,,Refinery Sector 4,Pump,synthetic,reported to supervisor,,cleaned up,updated procedures,False,[Oct 27] Report by W-3552: Small oil spill near Pump at Refinery Sector 4. Cleaned up promptly.
6b53048e-3c16-4536-8985-526ee131388b,[Oct 17] Report by W-8484: Worker used incorrect gloves for manual handling task. Supervisor corrected the action.,Unsafe Act,NO,Slips/Trips,LOW,,,,,Refinery Sector 4,Heat Exchanger,synthetic,stopped work,,replaced equipment,retrained staff,True,[Oct 17] Report by W-8484: Worker used incorrect gloves for manual handling task. Supervisor corrected the action.
2d75af68-8d9c-4104-870e-abaf9711dc46,[Oct 23] Report by W-1681: Worker used incorrect gloves for manual handling task. Supervisor corrected the action.,Unsafe Act,NO,Energy Isolation,LOW,,,,,Refinery Sector 4,Electrical Panel,synthetic,,colleague intervened,replaced equipment,retrained staff,True,[Oct 23] Report by W-1681: Worker used incorrect gloves for manual handling task. Supervisor corrected the action.
10c2b868-8acc-482e-b45c-372c412d95f3,[Oct 6] Report by W-2313: Worker used incorrect gloves for manual handling task. Supervisor corrected the action.,Unsafe Act,NO,Energy Isolation,LOW,,,,,Refinery Sector 4,Valve,synthetic,,,cleaned up,retrained staff,False,[Oct 6] Report by W-2313: Worker used incorrect gloves for manual handling task. Supervisor corrected the action.
6e6ccc25-3d12-4de3-9daa-94b9506d8834,[Oct 8] Report by W-2410: Worker observed not wearing safety glasses at Unit B.,Unsafe Act,NO,Energy Isolation,MEDIUM,,,,,Unit B,Compressor,synthetic,reported to supervisor,colleague intervened,replaced equipment,updated procedures,True,[Oct 8] Report by W-2410: Worker observed not wearing safety glasses at Unit B.
e86f1d6f-8c37-40f3-b2e6-4b0ed838bcfb,[Oct 18] Report by W-2246: Small oil spill near Valve at Unit B. Cleaned up promptly.,Unsafe Act,NO,Slips/Trips,LOW,,,,,Unit B,Valve,synthetic,,colleague intervened,replaced equipment,,,[Oct 18] Report by W-2246: Small oil spill near Valve at Unit B. Cleaned up promptly.
e27f02a9-4f9a-4b67-8706-f472d88755db,[Oct 25] Report by W-4585: Worker used incorrect gloves for manual handling task. Supervisor corrected the action.,Unsafe Act,NO,Pressure,LOW,,,,,Refinery Sector 4,Heat Exchanger,synthetic,stopped work,colleague intervened,cleaned up,retrained staff,,[Oct 25] Report by W-4585: Worker used incorrect gloves for manual handling task. Supervisor corrected the action.
db6fcb47-4d9d-4e2b-8aaf-bed1c3536137,[Oct 8] Report by W-9407: Trip hazard due to loose cables near Pump. Cables were immediately organized.,Unsafe Act,NO,Working at Height,LOW,,,,,Unit A,Pump,synthetic,,supervisor intervened,cleaned up,retrained staff,False,[Oct 8] Report by W-9407: Trip hazard due to loose cables near Pump. Cables were immediately organized.
4f7c2fa3-456b-4c96-a062-ee9842bbc359,[Oct 28] Report by W-5173: Small oil spill near Valve at Unit A. Cleaned up promptly.,Unsafe Condition,NO,Energy Isolation,LOW,,,,,Unit A,Valve,synthetic,,supervisor intervened,cleaned up,retrained staff,False,[Oct 28] Report by W-5173: Small oil spill near Valve at Unit A. Cleaned up promptly.
029ff6ff-15bd-4539-ace0-7832eaf7a367,[Oct 25] Report by W-2518: Worker used incorrect gloves for manual handling task. Supervisor corrected the action.,Unsafe Condition,NO,Electrical,LOW,,,,,Offshore Platform 1,Valve,synthetic,stopped work,colleague intervened,replaced equipment,retrained staff,True,[Oct 25] Report by W-2518: Worker used incorrect gloves for manual handling task. Supervisor corrected the action.
d0ab41f9-5827-441e-a9e5-dd215096b5d8,[Oct 18] Report by W-5000: Worker used incorrect gloves for manual handling task. Supervisor corrected the action.,Unsafe Act,NO,Working at Height,LOW,,,,,Unit A,Pump,synthetic,reported to supervisor,supervisor intervened,replaced equipment,updated procedures,,[Oct 18] Report by W-5000: Worker used incorrect gloves for manual handling task. Supervisor corrected the action.
ccbe5cda-805d-4e80-b4a8-f775c627e3cc,[Oct 8] Report by W-4992: Small oil spill near Compressor at Unit A. Cleaned up promptly.,Unsafe Condition,NO,Slips/Trips,MEDIUM,,,,,Unit A,Compressor,synthetic,,colleague intervened,replaced equipment,updated procedures,False,[Oct 8] Report by W-4992: Small oil spill near Compressor at Unit A. Cleaned up promptly.
682de950-e160-4866-9cf0-180572901d89,[Oct 3] Report by W-7121: Trip hazard due to loose cables near Pump. Cables were immediately organized.,Unsafe Condition,NO,Working at Height,MEDIUM,,,,,Unit A,Pump,synthetic,reported to supervisor,,,updated procedures,,[Oct 3] Report by W-7121: Trip hazard due to loose cables near Pump. Cables were immediately organized.
b28f858b-2403-4313-bd84-567e7ebf9862,[Oct 9] Report by W-9499: Worker observed not wearing safety glasses at Offshore Platform 1.,Unsafe Condition,NO,Manual Handling,LOW,,,,,Offshore Platform 1,Valve,synthetic,stopped work,,cleaned up,retrained staff,True,[Oct 9] Report by W-9499: Worker observed not wearing safety glasses at Offshore Platform 1.
dca7dcda-063a-4c88-bc7c-f2e96a97b8b1,[Oct 2] Report by W-7868: Worker used incorrect gloves for manual handling task. Supervisor corrected the action.,Unsafe Condition,NO,Working at Height,LOW,,,,,Refinery Sector 4,Compressor,synthetic,,supervisor intervened,replaced equipment,retrained staff,True,[Oct 2] Report by W-7868: Worker used incorrect gloves for manual handling task. Supervisor corrected the action.
104d18e1-316a-41a0-8018-7cc793c33739,[Oct 5] Report by W-5492: Worker observed not wearing safety glasses at Offshore Platform 1.,Unsafe Condition,NO,Energy Isolation,LOW,,,,,Offshore Platform 1,Compressor,synthetic,reported to supervisor,,cleaned up,updated procedures,True,[Oct 5] Report by W-5492: Worker observed not wearing safety glasses at Offshore Platform 1.
1dbaa493-8149-4ab0-9a70-5102a26fe985,[Oct 14] Report by W-5152: Worker observed not wearing safety glasses at Refinery Sector 4.,Unsafe Act,NO,Pressure,LOW,,,,,Refinery Sector 4,Valve,synthetic,reported to supervisor,colleague intervened,cleaned up,retrained staff,False,[Oct 14] Report by W-5152: Worker observed not wearing safety glasses at Refinery Sector 4.
0145c755-fc08-4354-9bf8-d1c3c3b38385,[Oct 10] Report by W-9484: Worker observed not wearing safety glasses at Refinery Sector 4.,Unsafe Condition,NO,Pressure,MEDIUM,,,,,Refinery Sector 4,Pump,synthetic,reported to supervisor,,,,,[Oct 10] Report by W-9484: Worker observed not wearing safety glasses at Refinery Sector 4.
85023ab9-2858-414a-90da-244d95faa620,[Oct 3] Report by W-2932: Small oil spill near Electrical Panel at Unit B. Cleaned up promptly.,Unsafe Condition,NO,Confined Space,MEDIUM,,,,,Unit B,Electrical Panel,synthetic,,supervisor intervened,,updated procedures,True,[Oct 3] Report by W-2932: Small oil spill near Electrical Panel at Unit B. Cleaned up promptly.
524c9b15-1212-40cd-b427-1ec2aa06041d,[Oct 15] Report by W-9968: Trip hazard due to loose cables near Valve. Cables were immediately organized.,Unsafe Act,NO,Working at Height,LOW,,,,,Offshore Platform 1,Valve,synthetic,stopped work,colleague intervened,replaced equipment,,True,[Oct 15] Report by W-9968: Trip hazard due to loose cables near Valve. Cables were immediately organized.
33f8a679-df24-480d-9006-1950e8fc2e27,[Oct 2] Report by W-9275: Small oil spill near Pump at Refinery Sector 4. Cleaned up promptly.,Unsafe Condition,NO,Electrical,LOW,,,,,Refinery Sector 4,Pump,synthetic,stopped work,supervisor intervened,,updated procedures,,[Oct 2] Report by W-9275: Small oil spill near Pump at Refinery Sector 4. Cleaned up promptly.
5d6f035a-2b75-4e43-a352-4374d7913f44,[Oct 13] Report by W-2601: Trip hazard due to loose cables near Electrical Panel. Cables were immediately organized.,Unsafe Condition,NO,Slips/Trips,MEDIUM,,,,,Refinery Sector 4,Electrical Panel,synthetic,,,,updated procedures,False,[Oct 13] Report by W-2601: Trip hazard due to loose cables near Electrical Panel. Cables were immediately organized.
f9e5b795-05cf-4929-be46-72c44c643468,[Oct 28] Report by W-4754: Small oil spill near Valve at Refinery Sector 4. Cleaned up promptly.,Unsafe Condition,NO,Slips/Trips,MEDIUM,,,,,Refinery Sector 4,Valve,synthetic,reported to supervisor,colleague intervened,cleaned up,,False,[Oct 28] Report by W-4754: Small oil spill near Valve at Refinery Sector 4. Cleaned up promptly.
1e8ee61f-4de2-41ee-8019-0cb54bacf675,[Oct 21] Report by W-9191: Worker used incorrect gloves for manual handling task. Supervisor corrected the action.,Unsafe Act,NO,Electrical,MEDIUM,,,,,Unit A,Compressor,synthetic,,,cleaned up,updated procedures,,[Oct 21] Report by W-9191: Worker used incorrect gloves for manual handling task. Supervisor corrected the action.
c3acdb9b-d0d2-40d3-9af0-0e932abc7298,[Oct 22] Report by W-3098: Worker used incorrect gloves for manual handling task. Supervisor corrected the action.,Unsafe Condition,NO,Slips/Trips,MEDIUM,,,,,Unit A,Valve,synthetic,,,replaced equipment,,,[Oct 22] Report by W-3098: Worker used incorrect gloves for manual handling task. Supervisor corrected the action.
6444d1a1-9d8a-46e8-b05d-80b3bc1b938b,[Oct 23] Report by W-9424: Worker observed not wearing safety glasses at Refinery Sector 4.,Unsafe Condition,NO,Pressure,LOW,,,,,Refinery Sector 4,Compressor,synthetic,stopped work,colleague intervened,replaced equipment,,,[Oct 23] Report by W-9424: Worker observed not wearing safety glasses at Refinery Sector 4.
2442181f-491a-4049-a9d5-7f76be4802cd,<div><p>[Oct 5] Report by W-3871: Trip hazard due to loose cables near Electrical Panel. Cables were immediately organized.</p></div>,Unsafe Act,NO,Confined Space,LOW,,,,,Unit A,Electrical Panel,synthetic,stopped work,supervisor intervened,cleaned up,updated procedures,True,[Oct 5] Report by W-3871: Trip hazard due to loose cables near Electrical Panel. Cables were immediately organized.
9e556a1a-433c-445a-acf8-b887853a04bf,[Oct 7] Report by W-7970: Worker used incorrect gloves for manual handling task. Supervisor corrected the action.,Unsafe Condition,NO,Energy Isolation,LOW,,,,,Offshore Platform 1,Electrical Panel,synthetic,stopped work,colleague intervened,,updated procedures,False,[Oct 7] Report by W-7970: Worker used incorrect gloves for manual handling task. Supervisor corrected the action.
e82bd7a2-469b-47c5-ab3f-62879fc5b38b,[Oct 9] Report by W-9459: Small oil spill near Valve at Unit B. Cleaned up promptly.,Unsafe Act,NO,Energy Isolation,LOW,,,,,Unit B,Valve,synthetic,reported to supervisor,supervisor intervened,cleaned up,updated procedures,False,[Oct 9] Report by W-9459: Small oil spill near Valve at Unit B. Cleaned up promptly.
15453277-9abd-41b9-a3ba-aa3daeb36daa,[Oct 17] Report by W-5800: Worker observed not wearing safety glasses at Offshore Platform 1.,Unsafe Condition,NO,Energy Isolation,MEDIUM,,,,,Offshore Platform 1,Electrical Panel,synthetic,reported to supervisor,colleague intervened,cleaned up,updated procedures,,[Oct 17] Report by W-5800: Worker observed not wearing safety glasses at Offshore Platform 1.
ecc4cb6f-961a-46ae-822b-e139c14e112f,[Oct 12] Report by W-3425: Small oil spill near Electrical Panel at Offshore Platform 1. Cleaned up promptly.,Unsafe Condition,NO,Confined Space,LOW,,,,,Offshore Platform 1,Electrical Panel,synthetic,,colleague intervened,,retrained staff,,[Oct 12] Report by W-3425: Small oil spill near Electrical Panel at Offshore Platform 1. Cleaned up promptly.
f780b006-16cf-4cb0-8c5d-2ead53a64392,[Oct 6] Report by W-2622: Worker used incorrect gloves for manual handling task. Supervisor corrected the action.,Unsafe Condition,NO,Energy Isolation,LOW,,,,,Refinery Sector 4,Pump,synthetic,stopped work,colleague intervened,replaced equipment,,,[Oct 6] Report by W-2622: Worker used incorrect gloves for manual handling task. Supervisor corrected the action.
c09b810f-f93e-454d-a801-3ef5c947a65b,[Oct 6] Report by W-7912: Trip hazard due to loose cables near Compressor. Cables were immediately organized.,Unsafe Act,NO,Slips/Trips,MEDIUM,,,,,Refinery Sector 4,Compressor,synthetic,stopped work,colleague intervened,cleaned up,retrained staff,True,[Oct 6] Report by W-7912: Trip hazard due to loose cables near Compressor. Cables were immediately organized.
184d7f01-e0d9-4379-889b-d542fca8cbca,<div><p>[Oct 20] Report by W-4071: Trip hazard due to loose cables near Pump. Cables were immediately organized.</p></div>,Unsafe Act,NO,Pressure,LOW,,,,,Offshore Platform 1,Pump,synthetic,stopped work,supervisor intervened,replaced equipment,,False,[Oct 20] Report by W-4071: Trip hazard due to loose cables near Pump. Cables were immediately organized.
a33d83bd-5eb7-4017-a132-d72e025c9962,[Oct 18] Report by W-9541: Trip hazard due to loose cables near Heat Exchanger. Cables were immediately organized.,Unsafe Condition,NO,Confined Space,MEDIUM,,,,,Unit B,Heat Exchanger,synthetic,,colleague intervened,replaced equipment,updated procedures,False,[Oct 18] Report by W-9541: Trip hazard due to loose cables near Heat Exchanger. Cables were immediately organized.
dfb3b451-1542-49a8-b06b-076efae96716,[Oct 10] Report by W-3752: Trip hazard due to loose cables near Pump. Cables were immediately organized.,Unsafe Condition,NO,Electrical,MEDIUM,,,,,Unit A,Pump,synthetic,,supervisor intervened,cleaned up,retrained staff,False,[Oct 10] Report by W-3752: Trip hazard due to loose cables near Pump. Cables were immediately organized.
e6e2d866-c438-4491-bc3f-01f2bd74c4af,"[Oct 19] Report by W-2688: While working at Refinery Sector 4, worker was at height without fall protection. Serious risk of fatal fall.",Unsafe Act,YES,Energy Isolation,HIGH,,,,,Refinery Sector 4,Compressor,synthetic,stopped work,colleague intervened,replaced equipment,,True,"[Oct 19] Report by W-2688: While working at Refinery Sector 4, worker was at height without fall protection. Serious risk of fatal fall."
3018e531-9887-4e28-809e-475e4b942419,[Oct 24] Report by W-3402: Worker observed not wearing safety glasses at Unit B.,Unsafe Act,NO,Slips/Trips,LOW,,,,,Unit B,Pump,synthetic,,supervisor intervened,cleaned up,retrained staff,,[Oct 24] Report by W-3402: Worker observed not wearing safety glasses at Unit B.
44e7ac65-bf7f-426f-a888-420454860b38,[Oct 14] Report by W-6976: Worker used incorrect gloves for manual handling task. Supervisor corrected the action.,Unsafe Condition,NO,Energy Isolation,LOW,,,,,Unit A,Compressor,synthetic,stopped work,supervisor intervened,,updated procedures,False,[Oct 14] Report by W-6976: Worker used incorrect gloves for manual handling task. Supervisor corrected the action.
1fd0ec46-15ab-42dd-aaac-37345b5c5f29,[Oct 24] Report by W-3755: Small oil spill near Valve at Unit A. Cleaned up promptly.,Unsafe Act,NO,Working at Height,LOW,,,,,Unit A,Valve,synthetic,,,,retrained staff,True,[Oct 24] Report by W-3755: Small oil spill near Valve at Unit A. Cleaned up promptly.
e7353ca6-ab22-48c8-a8d9-10a9c5934c35,[Oct 19] Report by W-8070: Worker observed not wearing safety glasses at Unit B.,Unsafe Condition,NO,Manual Handling,LOW,,,,,Unit B,Pump,synthetic,,,replaced equipment,,False,[Oct 19] Report by W-8070: Worker observed not wearing safety glasses at Unit B.
35ba42f1-ffd5-40d3-b6ce-8fc980ee240f,[Oct 15] Report by W-4116: Worker observed not wearing safety glasses at Unit B.,Unsafe Act,NO,Electrical,MEDIUM,,,,,Unit B,Heat Exchanger,synthetic,reported to supervisor,colleague intervened,replaced equipment,retrained staff,True,[Oct 15] Report by W-4116: Worker observed not wearing safety glasses at Unit B.
364bc77f-dac9-41a7-931d-7c9f7d84e7b1,[Oct 16] Report by W-8737: Small oil spill near Heat Exchanger at Unit A. Cleaned up promptly.,Unsafe Condition,NO,Working at Height,MEDIUM,,,,,Unit A,Heat Exchanger,synthetic,reported to supervisor,supervisor intervened,replaced equipment,,True,[Oct 16] Report by W-8737: Small oil spill near Heat Exchanger at Unit A. Cleaned up promptly.
948427b1-4006-4488-8c11-2ab2deb23eaf,[Oct 19] Report by W-1073: Small oil spill near Heat Exchanger at Unit B. Cleaned up promptly.,Unsafe Act,NO,Confined Space,LOW,,,,,Unit B,Heat Exchanger,synthetic,,,replaced equipment,,True,[Oct 19] Report by W-1073: Small oil spill near Heat Exchanger at Unit B. Cleaned up promptly.
9a6ff18e-078c-47d1-96c5-c66c1d41b307,[Oct 25] Report by W-9519: Trip hazard due to loose cables near Heat Exchanger. Cables were immediately organized.,Unsafe Condition,NO,Confined Space,MEDIUM,,,,,Unit A,Heat Exchanger,synthetic,reported to supervisor,colleague intervened,replaced equipment,retrained staff,True,[Oct 25] Report by W-9519: Trip hazard due to loose cables near Heat Exchanger. Cables were immediately organized.
4b97b8e0-a33b-4ec5-9337-d22ade6f0c9c,[Oct 9] Report by W-3991: Worker observed not wearing safety glasses at Unit B.,Unsafe Condition,NO,Pressure,LOW,,,,,Unit B,Pump,synthetic,,colleague intervened,cleaned up,retrained staff,True,[Oct 9] Report by W-3991: Worker observed not wearing safety glasses at Unit B.
0363e630-5d2a-40b7-b041-75e5150a0407,[Oct 11] Report by W-7484: Small oil spill near Pump at Offshore Platform 1. Cleaned up promptly.,Unsafe Condition,NO,Electrical,LOW,,,,,Offshore Platform 1,Pump,synthetic,reported to supervisor,supervisor intervened,cleaned up,,True,[Oct 11] Report by W-7484: Small oil spill near Pump at Offshore Platform 1. Cleaned up promptly.
eb1cfcde-fd61-40f1-8cc6-12727c2790be,[Oct 8] Report by W-7856: Worker observed not wearing safety glasses at Unit B.,Unsafe Act,NO,Confined Space,MEDIUM,,,,,Unit B,Electrical Panel,synthetic,,supervisor intervened,cleaned up,retrained staff,True,[Oct 8] Report by W-7856: Worker observed not wearing safety glasses at Unit B.
fceb9487-7e65-43a9-9eed-fc488f1fd916,[Oct 18] Report by W-6758: Worker used incorrect gloves for manual handling task. Supervisor corrected the action.,Unsafe Act,NO,Working at Height,LOW,,,,,Unit A,Valve,synthetic,reported to supervisor,colleague intervened,cleaned up,updated procedures,True,[Oct 18] Report by W-6758: Worker used incorrect gloves for manual handling task. Supervisor corrected the action.
79c90696-2d86-46ec-a675-02adcc28a954,[Oct 19] Report by W-9628: Trip hazard due to loose cables near Valve. Cables were immediately organized.,Unsafe Condition,NO,Electrical,LOW,,,,,Unit B,Valve,synthetic,stopped work,supervisor intervened,replaced equipment,updated procedures,False,[Oct 19] Report by W-9628: Trip hazard due to loose cables near Valve. Cables were immediately organized.
2c7eaab8-ec72-47c1-8ef9-0cf874e45152,[Oct 25] Report by W-4728: Worker used incorrect gloves for manual handling task. Supervisor corrected the action.,Unsafe Act,NO,Confined Space,LOW,,,,,Refinery Sector 4,Heat Exchanger,synthetic,stopped work,,,,True,[Oct 25] Report by W-4728: Worker used incorrect gloves for manual handling task. Supervisor corrected the action.
b7422313-35c3-4918-ac47-264512abd76e,[Oct 1] Report by W-8138: Worker used incorrect gloves for manual handling task. Supervisor corrected the action.,Unsafe Act,NO,Energy Isolation,MEDIUM,,,,,Unit A,Valve,synthetic,reported to supervisor,colleague intervened,cleaned up,,False,[Oct 1] Report by W-8138: Worker used incorrect gloves for manual handling task. Supervisor corrected the action.
691baa0a-5bab-4361-8c00-f43f420888d1,[Oct 5] Report by W-2713: Worker observed not wearing safety glasses at Refinery Sector 4.,Unsafe Condition,NO,Slips/Trips,MEDIUM,,,,,Refinery Sector 4,Compressor,synthetic,,supervisor intervened,cleaned up,,False,[Oct 5] Report by W-2713: Worker observed not wearing safety glasses at Refinery Sector 4.
67773c33-578f-473a-951e-e1268bcff331,[Oct 4] Report by W-4858: Worker entered the confined space at Unit A without conducting a gas test. No standby person was present.,Unsafe Act,YES,Energy Isolation,CRITICAL,,,,,Unit A,Valve,synthetic,stopped work,,replaced equipment,updated procedures,True,[Oct 4] Report by W-4858: Worker entered the confined space at Unit A without conducting a gas test. No standby person was present.
1b882e8b-205d-4985-8c38-7ad65a1f3d55,[Oct 7] Report by W-8330: Trip hazard due to loose cables near Valve. Cables were immediately organized.,Unsafe Condition,NO,Electrical,LOW,,,,,Offshore Platform 1,Valve,synthetic,stopped work,supervisor intervened,,retrained staff,,[Oct 7] Report by W-8330: Trip hazard due to loose cables near Valve. Cables were immediately organized.
56872568-4f5f-4858-98a5-32055d1811b0,[Oct 7] Report by W-9899: Trip hazard due to loose cables near Electrical Panel. Cables were immediately organized.,Unsafe Condition,NO,Electrical,MEDIUM,,,,,Refinery Sector 4,Electrical Panel,synthetic,stopped work,,replaced equipment,retrained staff,True,[Oct 7] Report by W-9899: Trip hazard due to loose cables near Electrical Panel. Cables were immediately organized.
da98648c-852d-4acd-a1e8-397b31873ed1,[Oct 23] Report by W-5764: Small oil spill near Heat Exchanger at Refinery Sector 4. Cleaned up promptly.,Unsafe Act,NO,Manual Handling,LOW,,,,,Refinery Sector 4,Heat Exchanger,synthetic,,,cleaned up,,,[Oct 23] Report by W-5764: Small oil spill near Heat Exchanger at Refinery Sector 4. Cleaned up promptly.
cf559c6d-463f-4950-91b7-734751474149,[Oct 5] Report by W-5382: Small oil spill near Valve at Unit A. Cleaned up promptly.,Unsafe Act,NO,Energy Isolation,LOW,,,,,Unit A,Valve,synthetic,,,,retrained staff,,[Oct 5] Report by W-5382: Small oil spill near Valve at Unit A. Cleaned up promptly.
74749b47-5ccd-4b69-ad4d-8e2e10a0185d,[Oct 28] Report by W-1269: Trip hazard due to loose cables near Valve. Cables were immediately organized.,Unsafe Condition,NO,Energy Isolation,LOW,,,,,Refinery Sector 4,Valve,synthetic,stopped work,,cleaned up,retrained staff,,[Oct 28] Report by W-1269: Trip hazard due to loose cables near Valve. Cables were immediately organized.
b90e9e34-9bed-4292-aaeb-6b5704b67088,[Oct 15] Report by W-4345: Worker used incorrect gloves for manual handling task. Supervisor corrected the action.,Unsafe Act,NO,Slips/Trips,LOW,,,,,Unit B,Pump,synthetic,reported to supervisor,colleague intervened,,,True,[Oct 15] Report by W-4345: Worker used incorrect gloves for manual handling task. Supervisor corrected the action.
c95e635a-d0dd-4a5c-a716-9b1a3b429cbf,[Oct 23] Report by W-3737: Worker entered the confined space at Unit A without conducting a gas test. No standby person was present.,Unsafe Act,YES,Pressure,HIGH,,,,,Unit A,Compressor,synthetic,stopped work,supervisor intervened,cleaned up,,True,[Oct 23] Report by W-3737: Worker entered the confined space at Unit A without conducting a gas test. No standby person was present.
d607c51c-9a91-4872-883f-1b79c4ef9ea6,[Oct 2] Report by W-4572: Trip hazard due to loose cables near Valve. Cables were immediately organized.,Unsafe Act,NO,Working at Height,MEDIUM,,,,,Unit B,Valve,synthetic,stopped work,supervisor intervened,replaced equipment,updated procedures,True,[Oct 2] Report by W-4572: Trip hazard due to loose cables near Valve. Cables were immediately organized.
76e48bd6-e1c0-4862-b3fd-8e917a0a1975,[Oct 14] Report by W-9077: Worker observed not wearing safety glasses at Unit B.,Unsafe Condition,NO,Pressure,LOW,,,,,Unit B,Compressor,synthetic,reported to supervisor,supervisor intervened,cleaned up,retrained staff,False,[Oct 14] Report by W-9077: Worker observed not wearing safety glasses at Unit B.
f598f489-6723-45c2-85a8-0626da0af11f,[Oct 16] Report by W-4874: Worker used incorrect gloves for manual handling task. Supervisor corrected the action.,Unsafe Act,NO,Working at Height,LOW,,,,,Refinery Sector 4,Compressor,synthetic,,colleague intervened,replaced equipment,,True,[Oct 16] Report by W-4874: Worker used incorrect gloves for manual handling task. Supervisor corrected the action.
ef3d55fb-ef56-4ed5-b3e2-a16383d0bb4a,[Oct 20] Report by W-3525: Worker observed not wearing safety glasses at Refinery Sector 4.,Unsafe Condition,NO,Electrical,LOW,,,,,Refinery Sector 4,Compressor,synthetic,,colleague intervened,cleaned up,updated procedures,,[Oct 20] Report by W-3525: Worker observed not wearing safety glasses at Refinery Sector 4.
5a2c77b7-a009-4738-ae34-ff85d1b49256,[Oct 8] Report by W-6038: Worker used incorrect gloves for manual handling task. Supervisor corrected the action.,Unsafe Condition,NO,Electrical,LOW,,,,,Unit B,Valve,synthetic,stopped work,supervisor intervened,cleaned up,retrained staff,False,[Oct 8] Report by W-6038: Worker used incorrect gloves for manual handling task. Supervisor corrected the action.
d685918b-bf63-4cf8-a7a2-df008d821370,[Oct 15] Report by W-2656: Trip hazard due to loose cables near Pump. Cables were immediately organized.,Unsafe Act,NO,Electrical,MEDIUM,,,,,Refinery Sector 4,Pump,synthetic,reported to supervisor,supervisor intervened,,updated procedures,True,[Oct 15] Report by W-2656: Trip hazard due to loose cables near Pump. Cables were immediately organized.
96241e7f-ca13-41b9-8c21-820f123060fa,[Oct 22] Report by W-2845: Worker observed not wearing safety glasses at Unit A.,Unsafe Act,NO,Energy Isolation,LOW,,,,,Unit A,Heat Exchanger,synthetic,reported to supervisor,,cleaned up,updated procedures,True,[Oct 22] Report by W-2845: Worker observed not wearing safety glasses at Unit A.
5bcd97d0-553f-4794-8703-a9fe2c8d2828,[Oct 6] Report by W-2644: Trip hazard due to loose cables near Electrical Panel. Cables were immediately organized.,Unsafe Act,NO,Manual Handling,MEDIUM,,,,,Unit A,Electrical Panel,synthetic,reported to supervisor,supervisor intervened,replaced equipment,retrained staff,True,[Oct 6] Report by W-2644: Trip hazard due to loose cables near Electrical Panel. Cables were immediately organized.
55a65ea4-f042-4d92-a8d8-2ee9f1f16ebc,[Oct 25] Report by W-8112: Trip hazard due to loose cables near Compressor. Cables were immediately organized.,Unsafe Act,NO,Confined Space,LOW,,,,,Refinery Sector 4,Compressor,synthetic,,supervisor intervened,cleaned up,retrained staff,False,[Oct 25] Report by W-8112: Trip hazard due to loose cables near Compressor. Cables were immediately organized.
64245dcc-7c54-44cb-8a4e-446abcf1f32f,[Oct 13] Report by W-6325: Small oil spill near Compressor at Refinery Sector 4. Cleaned up promptly.,Unsafe Act,NO,Slips/Trips,LOW,,,,,Refinery Sector 4,Compressor,synthetic,stopped work,,cleaned up,,False,[Oct 13] Report by W-6325: Small oil spill near Compressor at Refinery Sector 4. Cleaned up promptly.
9653f5ac-0b8f-4cc0-975f-f55711297a28,[Oct 12] Report by W-6625: Small oil spill near Electrical Panel at Unit B. Cleaned up promptly.,Unsafe Act,NO,Electrical,MEDIUM,,,,,Unit B,Electrical Panel,synthetic,stopped work,colleague intervened,,retrained staff,,[Oct 12] Report by W-6625: Small oil spill near Electrical Panel at Unit B. Cleaned up promptly.
ae9339b1-2656-4588-97d4-01b0b56094da,[Oct 14] Report by W-4341: Worker observed not wearing safety glasses at Unit B.,Unsafe Act,NO,Pressure,LOW,,,,,Unit B,Pump,synthetic,reported to supervisor,,cleaned up,updated procedures,True,[Oct 14] Report by W-4341: Worker observed not wearing safety glasses at Unit B.
d2ad03f9-1774-4a2c-a2c1-798e385a4e22,<div><p>[Oct 22] Report by W-4450: Small oil spill near Electrical Panel at Unit B. Cleaned up promptly.</p></div>,Unsafe Act,NO,Slips/Trips,MEDIUM,,,,,Unit B,Electrical Panel,synthetic,stopped work,colleague intervened,replaced equipment,retrained staff,True,[Oct 22] Report by W-4450: Small oil spill near Electrical Panel at Unit B. Cleaned up promptly.
eeca391f-bb96-4d1b-90ca-35b745a28e08,[Oct 13] Report by W-5066: Small oil spill near Electrical Panel at Unit B. Cleaned up promptly.,Unsafe Condition,NO,Working at Height,MEDIUM,,,,,Unit B,Electrical Panel,synthetic,,,cleaned up,retrained staff,,[Oct 13] Report by W-5066: Small oil spill near Electrical Panel at Unit B. Cleaned up promptly.
7153623f-ebe7-470d-8023-5018921b76dd,[Oct 21] Report by W-9330: Worker used incorrect gloves for manual handling task. Supervisor corrected the action.,Unsafe Condition,NO,Electrical,MEDIUM,,,,,Offshore Platform 1,Compressor,synthetic,stopped work,supervisor intervened,cleaned up,,False,[Oct 21] Report by W-9330: Worker used incorrect gloves for manual handling task. Supervisor corrected the action.
92fe40fd-1e16-499f-a647-9b04f7c4695e,[Oct 2] Report by W-3567: Trip hazard due to loose cables near Heat Exchanger. Cables were immediately organized.,Unsafe Condition,NO,Electrical,MEDIUM,,,,,Offshore Platform 1,Heat Exchanger,synthetic,stopped work,supervisor intervened,,retrained staff,False,[Oct 2] Report by W-3567: Trip hazard due to loose cables near Heat Exchanger. Cables were immediately organized.
7287f104-64d2-4381-ac3e-2dce556071c6,[Oct 23] Report by W-2905: Small oil spill near Pump at Unit A. Cleaned up promptly.,Unsafe Condition,NO,Confined Space,MEDIUM,,,,,Unit A,Pump,synthetic,stopped work,colleague intervened,,updated procedures,False,[Oct 23] Report by W-2905: Small oil spill near Pump at Unit A. Cleaned up promptly.
9f19de4e-3b21-4572-8913-cdf939ae9c6c,[Oct 13] Report by W-6177: Small oil spill near Pump at Unit B. Cleaned up promptly.,Unsafe Act,NO,Pressure,LOW,,,,,Unit B,Pump,synthetic,stopped work,,,,True,[Oct 13] Report by W-6177: Small oil spill near Pump at Unit B. Cleaned up promptly.
25863636-c997-4e92-ac66-307f6f14a615,[Oct 9] Report by W-4950: Small oil spill near Compressor at Unit B. Cleaned up promptly.,Unsafe Act,NO,Manual Handling,MEDIUM,,,,,Unit B,Compressor,synthetic,,,replaced equipment,retrained staff,True,[Oct 9] Report by W-4950: Small oil spill near Compressor at Unit B. Cleaned up promptly.
f4b8caac-cf59-40d3-8a1d-3449497eb7a5,"[Oct 5] Report by W-2976: While working at Refinery Sector 4, worker was at height without fall protection. Serious risk of fatal fall.",Near Miss,YES,Energy Isolation,CRITICAL,,,,,Refinery Sector 4,Electrical Panel,synthetic,stopped work,,cleaned up,retrained staff,False,"[Oct 5] Report by W-2976: While working at Refinery Sector 4, worker was at height without fall protection. Serious risk of fatal fall."
8ad2c0ed-0379-41be-80e7-43d2ef847cde,[Oct 7] Report by W-2023: Worker used incorrect gloves for manual handling task. Supervisor corrected the action.,Unsafe Condition,NO,Energy Isolation,LOW,,,,,Unit B,Electrical Panel,synthetic,,supervisor intervened,,updated procedures,False,[Oct 7] Report by W-2023: Worker used incorrect gloves for manual handling task. Supervisor corrected the action.
70265f2b-89e6-4d0b-9b3d-d075649d493a,[Oct 6] Report by W-8294: Worker used incorrect gloves for manual handling task. Supervisor corrected the action.,Unsafe Condition,NO,Manual Handling,MEDIUM,,,,,Unit A,Pump,synthetic,,supervisor intervened,cleaned up,updated procedures,False,[Oct 6] Report by W-8294: Worker used incorrect gloves for manual handling task. Supervisor corrected the action.
455c1fce-f38e-4613-b0d3-d132867f0a4d,[Oct 1] Report by W-9389: Trip hazard due to loose cables near Compressor. Cables were immediately organized.,Unsafe Act,NO,Confined Space,MEDIUM,,,,,Unit B,Compressor,synthetic,stopped work,supervisor intervened,cleaned up,retrained staff,,[Oct 1] Report by W-9389: Trip hazard due to loose cables near Compressor. Cables were immediately organized.
4a366e83-3e33-48b5-bb74-6abc8dad4a9c,[Oct 18] Report by W-4685: Worker observed not wearing safety glasses at Unit A.,Unsafe Act,NO,Slips/Trips,LOW,,,,,Unit A,Valve,synthetic,reported to supervisor,supervisor intervened,replaced equipment,retrained staff,True,[Oct 18] Report by W-4685: Worker observed not wearing safety glasses at Unit A.
08971766-3b71-465f-828c-f249e97c315b,[Oct 8] Report by W-1446: Worker observed not wearing safety glasses at Refinery Sector 4.,Unsafe Condition,NO,Pressure,MEDIUM,,,,,Refinery Sector 4,Valve,synthetic,,supervisor intervened,cleaned up,retrained staff,True,[Oct 8] Report by W-1446: Worker observed not wearing safety glasses at Refinery Sector 4.
9b687386-2574-4f94-8d0b-0f179c163a73,[Oct 22] Report by W-1336: Worker used incorrect gloves for manual handling task. Supervisor corrected the action.,Unsafe Condition,NO,Manual Handling,LOW,,,,,Refinery Sector 4,Pump,synthetic,reported to supervisor,,cleaned up,,True,[Oct 22] Report by W-1336: Worker used incorrect gloves for manual handling task. Supervisor corrected the action.
c1499b02-477b-4b13-942a-acf5b9d779ec,[Oct 14] Report by W-9144: Line opened with residual pressure on the Electrical Panel. High-energy release narrowly missed the operator.,Unsafe Act,YES,Pressure,HIGH,,,,,Unit A,Electrical Panel,synthetic,,colleague intervened,replaced equipment,retrained staff,False,[Oct 14] Report by W-9144: Line opened with residual pressure on the Electrical Panel. High-energy release narrowly missed the operator.
d36e2b29-768a-486f-be6c-8b84e9695da5,[Oct 6] Report by W-7401: Worker used incorrect gloves for manual handling task. Supervisor corrected the action.,Unsafe Act,NO,Confined Space,LOW,,,,,Offshore Platform 1,Compressor,synthetic,,colleague intervened,cleaned up,,False,[Oct 6] Report by W-7401: Worker used incorrect gloves for manual handling task. Supervisor corrected the action.
b62318f1-ac4f-4d0c-8def-0ad4bcdb3b38,[Oct 20] Report by W-4445: Small oil spill near Pump at Refinery Sector 4. Cleaned up promptly.,Unsafe Act,NO,Manual Handling,MEDIUM,,,,,Refinery Sector 4,Pump,synthetic,stopped work,,,,,[Oct 20] Report by W-4445: Small oil spill near Pump at Refinery Sector 4. Cleaned up promptly.
fab9f847-7d44-4a70-87cd-6c0ebee29d25,[Oct 1] Report by W-7012: Trip hazard due to loose cables near Electrical Panel. Cables were immediately organized.,Unsafe Act,NO,Manual Handling,LOW,,,,,Refinery Sector 4,Electrical Panel,synthetic,reported to supervisor,supervisor intervened,,,True,[Oct 1] Report by W-7012: Trip hazard due to loose cables near Electrical Panel. Cables were immediately organized.
89985636-4180-4c88-8892-3257161ff9b9,[Oct 4] Report by W-8578: Worker observed not wearing safety glasses at Unit B.,Unsafe Act,NO,Pressure,MEDIUM,,,,,Unit B,Heat Exchanger,synthetic,stopped work,,cleaned up,updated procedures,False,[Oct 4] Report by W-8578: Worker observed not wearing safety glasses at Unit B.
12ce3f16-a6da-4baf-9fec-ca5ebadd2b28,[Oct 11] Report by W-6164: Small oil spill near Pump at Unit A. Cleaned up promptly.,Unsafe Act,NO,Confined Space,LOW,,,,,Unit A,Pump,synthetic,stopped work,supervisor intervened,replaced equipment,updated procedures,False,[Oct 11] Report by W-6164: Small oil spill near Pump at Unit A. Cleaned up promptly.
5735a535-8622-4066-b2f5-6965907c2c4e,[Oct 18] Report by W-4988: Worker observed not wearing safety glasses at Refinery Sector 4.,Unsafe Condition,NO,Pressure,MEDIUM,,,,,Refinery Sector 4,Electrical Panel,synthetic,stopped work,,,updated procedures,False,[Oct 18] Report by W-4988: Worker observed not wearing safety glasses at Refinery Sector 4.
837b78f3-1040-42a8-97c5-625d6370e6ea,[Oct 24] Report by W-9265: Trip hazard due to loose cables near Compressor. Cables were immediately organized.,Unsafe Act,NO,Confined Space,LOW,,,,,Refinery Sector 4,Compressor,synthetic,,supervisor intervened,,updated procedures,,[Oct 24] Report by W-9265: Trip hazard due to loose cables near Compressor. Cables were immediately organized.
f0563438-f060-420f-956c-6934f92919e6,[Oct 16] Report by W-1973: Worker used incorrect gloves for manual handling task. Supervisor corrected the action.,Unsafe Condition,NO,Working at Height,LOW,,,,,Unit B,Electrical Panel,synthetic,,colleague intervened,replaced equipment,updated procedures,,[Oct 16] Report by W-1973: Worker used incorrect gloves for manual handling task. Supervisor corrected the action.
a1cd9d24-439c-4521-8e94-40aa3b34c899,[Oct 20] Report by W-8519: Worker observed not wearing safety glasses at Refinery Sector 4.,Unsafe Act,NO,Working at Height,MEDIUM,,,,,Refinery Sector 4,Compressor,synthetic,,supervisor intervened,replaced equipment,retrained staff,,[Oct 20] Report by W-8519: Worker observed not wearing safety glasses at Refinery Sector 4.
f2a0811e-1a10-41e2-8bcc-28525307732c,[Oct 6] Report by W-9930: Small oil spill near Heat Exchanger at Offshore Platform 1. Cleaned up promptly.,Unsafe Act,NO,Manual Handling,LOW,,,,,Offshore Platform 1,Heat Exchanger,synthetic,reported to supervisor,colleague intervened,,,False,[Oct 6] Report by W-9930: Small oil spill near Heat Exchanger at Offshore Platform 1. Cleaned up promptly.
7bba35f9-0ecc-4946-851f-ca9f888044a9,[Oct 24] Report by W-3629: Trip hazard due to loose cables near Electrical Panel. Cables were immediately organized.,Unsafe Act,NO,Pressure,LOW,,,,,Refinery Sector 4,Electrical Panel,synthetic,stopped work,colleague intervened,replaced equipment,updated procedures,,[Oct 24] Report by W-3629: Trip hazard due to loose cables near Electrical Panel. Cables were immediately organized.
aae4a830-eae5-474a-8830-3c0c00a06759,[Oct 8] Report by W-6072: Trip hazard due to loose cables near Electrical Panel. Cables were immediately organized.,Unsafe Condition,NO,Confined Space,LOW,,,,,Unit B,Electrical Panel,synthetic,,colleague intervened,replaced equipment,,False,[Oct 8] Report by W-6072: Trip hazard due to loose cables near Electrical Panel. Cables were immediately organized.
93117fbe-7fce-4a58-87a1-5e000868b399,"[Oct 5] Report by W-2206: During maintenance of the Compressor at Refinery Sector 4, the technician started work without isolating the equipment. The Compressor was still energized.",Near Miss,YES,Energy Isolation,HIGH,,,,,Refinery Sector 4,Compressor,synthetic,reported to supervisor,supervisor intervened,cleaned up,updated procedures,True,"[Oct 5] Report by W-2206: During maintenance of the Compressor at Refinery Sector 4, the technician started work without isolating the equipment. The Compressor was still energized."
cf976093-bd86-4c33-b2a3-25db0d03cdd0,[Oct 5] Report by W-8897: Worker entered the confined space at Refinery Sector 4 without conducting a gas test. No standby person was present.,Near Miss,YES,Pressure,HIGH,,,,,Refinery Sector 4,Electrical Panel,synthetic,reported to supervisor,colleague intervened,replaced equipment,updated procedures,,[Oct 5] Report by W-8897: Worker entered the confined space at Refinery Sector 4 without conducting a gas test. No standby person was present.
2defb504-9bcb-44ba-bef3-ad0703db1fdd,[Oct 19] Report by W-7013: Worker used incorrect gloves for manual handling task. Supervisor corrected the action.,Unsafe Act,NO,Working at Height,LOW,,,,,Refinery Sector 4,Electrical Panel,synthetic,,supervisor intervened,cleaned up,retrained staff,,[Oct 19] Report by W-7013: Worker used incorrect gloves for manual handling task. Supervisor corrected the action.
2548bd6d-c06e-4fe3-8837-eae3a5b2ec30,[Oct 14] Report by W-7264: Small oil spill near Compressor at Offshore Platform 1. Cleaned up promptly.,Unsafe Act,NO,Manual Handling,LOW,,,,,Offshore Platform 1,Compressor,synthetic,,,cleaned up,,True,[Oct 14] Report by W-7264: Small oil spill near Compressor at Offshore Platform 1. Cleaned up promptly.
39f480be-e2c1-4176-a57c-5831665232b4,[Oct 9] Report by W-8693: Small oil spill near Pump at Unit A. Cleaned up promptly.,Unsafe Act,NO,Manual Handling,MEDIUM,,,,,Unit A,Pump,synthetic,reported to supervisor,,cleaned up,retrained staff,True,[Oct 9] Report by W-8693: Small oil spill near Pump at Unit A. Cleaned up promptly.
9c24ef52-e7ea-48ea-9065-025df2ea822d,[Oct 25] Report by W-8741: Worker used incorrect gloves for manual handling task. Supervisor corrected the action.,Unsafe Condition,NO,Electrical,MEDIUM,,,,,Offshore Platform 1,Valve,synthetic,reported to supervisor,colleague intervened,,retrained staff,,[Oct 25] Report by W-8741: Worker used incorrect gloves for manual handling task. Supervisor corrected the action.
bf8f5b47-0b5e-446c-bb75-b77a1e9f0e52,[Oct 21] Report by W-2016: Trip hazard due to loose cables near Heat Exchanger. Cables were immediately organized.,Unsafe Condition,NO,Pressure,MEDIUM,,,,,Unit A,Heat Exchanger,synthetic,stopped work,supervisor intervened,,updated procedures,False,[Oct 21] Report by W-2016: Trip hazard due to loose cables near Heat Exchanger. Cables were immediately organized.
e89f56c7-5122-4bf7-86b0-029c4a3ab41f,[Oct 16] Report by W-3699: Worker observed not wearing safety glasses at Refinery Sector 4.,Unsafe Act,NO,Working at Height,LOW,,,,,Refinery Sector 4,Compressor,synthetic,,colleague intervened,,updated procedures,,[Oct 16] Report by W-3699: Worker observed not wearing safety glasses at Refinery Sector 4.
832149f4-86a6-41f1-a86a-3ac3b605c5df,[Oct 21] Report by W-4053: Small oil spill near Heat Exchanger at Unit A. Cleaned up promptly.,Unsafe Act,NO,Pressure,LOW,,,,,Unit A,Heat Exchanger,synthetic,reported to supervisor,colleague intervened,,,False,[Oct 21] Report by W-4053: Small oil spill near Heat Exchanger at Unit A. Cleaned up promptly.
785faac2-03dc-4b78-b269-5b15116a475b,[Oct 17] Report by W-5155: Worker used incorrect gloves for manual handling task. Supervisor corrected the action.,Unsafe Condition,NO,Working at Height,MEDIUM,,,,,Refinery Sector 4,Valve,synthetic,stopped work,,,updated procedures,False,[Oct 17] Report by W-5155: Worker used incorrect gloves for manual handling task. Supervisor corrected the action.
31438416-86ac-4c72-bbb1-bbcfdd42cc00,[Oct 17] Report by W-3107: Worker observed not wearing safety glasses at Unit B.,Unsafe Condition,NO,Manual Handling,MEDIUM,,,,,Unit B,Heat Exchanger,synthetic,,,,retrained staff,False,[Oct 17] Report by W-3107: Worker observed not wearing safety glasses at Unit B.
0c3512ec-dca9-4b6a-9a06-055cfbe26af3,[Oct 11] Report by W-3238: Small oil spill near Electrical Panel at Offshore Platform 1. Cleaned up promptly.,Unsafe Condition,NO,Pressure,MEDIUM,,,,,Offshore Platform 1,Electrical Panel,synthetic,,colleague intervened,cleaned up,updated procedures,False,[Oct 11] Report by W-3238: Small oil spill near Electrical Panel at Offshore Platform 1. Cleaned up promptly.
3cab52af-8840-429f-a00b-29e0e8b41e78,[Oct 7] Report by W-1994: Small oil spill near Valve at Refinery Sector 4. Cleaned up promptly.,Unsafe Condition,NO,Energy Isolation,LOW,,,,,Refinery Sector 4,Valve,synthetic,,,,,False,[Oct 7] Report by W-1994: Small oil spill near Valve at Refinery Sector 4. Cleaned up promptly.
766bebd1-36c0-4a5e-92aa-823d29e69657,[Oct 26] Report by W-2711: Worker observed not wearing safety glasses at Unit A.,Unsafe Act,NO,Manual Handling,MEDIUM,,,,,Unit A,Heat Exchanger,synthetic,,,cleaned up,retrained staff,False,[Oct 26] Report by W-2711: Worker observed not wearing safety glasses at Unit A.
761eab44-4241-4f68-940d-8d1e9c546857,[Oct 11] Report by W-2299: Worker observed not wearing safety glasses at Unit B.,Unsafe Condition,NO,Electrical,MEDIUM,,,,,Unit B,Compressor,synthetic,reported to supervisor,,,updated procedures,,[Oct 11] Report by W-2299: Worker observed not wearing safety glasses at Unit B.
07dac458-b340-42dd-a35c-9082347a2642,[Oct 14] Report by W-2913: Worker used incorrect gloves for manual handling task. Supervisor corrected the action.,Unsafe Act,NO,Pressure,MEDIUM,,,,,Offshore Platform 1,Electrical Panel,synthetic,,supervisor intervened,replaced equipment,updated procedures,,[Oct 14] Report by W-2913: Worker used incorrect gloves for manual handling task. Supervisor corrected the action.
44049c1a-a65b-4979-a382-1bdc3ca465d2,[Oct 14] Report by W-3044: Worker used incorrect gloves for manual handling task. Supervisor corrected the action.,Unsafe Act,NO,Confined Space,LOW,,,,,Unit B,Compressor,synthetic,stopped work,,replaced equipment,retrained staff,,[Oct 14] Report by W-3044: Worker used incorrect gloves for manual handling task. Supervisor corrected the action.
8e28bad2-ccec-44f3-a06a-8b4d2f6f5ce2,[Oct 11] Report by W-7626: Small oil spill near Pump at Unit B. Cleaned up promptly.,Unsafe Condition,NO,Working at Height,LOW,,,,,Unit B,Pump,synthetic,reported to supervisor,supervisor intervened,cleaned up,retrained staff,True,[Oct 11] Report by W-7626: Small oil spill near Pump at Unit B. Cleaned up promptly.
14b7e157-3e6d-4864-a92c-a50be20e6bee,[Oct 23] Report by W-9254: Worker observed not wearing safety glasses at Offshore Platform 1.,Unsafe Act,NO,Manual Handling,LOW,,,,,Offshore Platform 1,Heat Exchanger,synthetic,,colleague intervened,cleaned up,updated procedures,,[Oct 23] Report by W-9254: Worker observed not wearing safety glasses at Offshore Platform 1.
7f62a626-76e4-484b-af49-4c6f786565a7,[Oct 22] Report by W-1703: Small oil spill near Electrical Panel at Unit A. Cleaned up promptly.,Unsafe Condition,NO,Slips/Trips,LOW,,,,,Unit A,Electrical Panel,synthetic,stopped work,colleague intervened,replaced equipment,,True,[Oct 22] Report by W-1703: Small oil spill near Electrical Panel at Unit A. Cleaned up promptly.
19a3b687-e913-49c8-813f-38f6a502927d,[Oct 5] Report by W-9008: Small oil spill near Pump at Refinery Sector 4. Cleaned up promptly.,Unsafe Act,NO,Energy Isolation,LOW,,,,,Refinery Sector 4,Pump,synthetic,reported to supervisor,colleague intervened,,updated procedures,True,[Oct 5] Report by W-9008: Small oil spill near Pump at Refinery Sector 4. Cleaned up promptly.
aac74eb9-6f47-4edf-9df8-fc5cef2d94e3,[Oct 8] Report by W-6487: Worker used incorrect gloves for manual handling task. Supervisor corrected the action.,Unsafe Act,NO,Pressure,MEDIUM,,,,,Refinery Sector 4,Pump,synthetic,reported to supervisor,,,retrained staff,False,[Oct 8] Report by W-6487: Worker used incorrect gloves for manual handling task. Supervisor corrected the action.
956e71ae-d75d-45d3-a809-40eed2f2140c,[Oct 8] Report by W-1071: Worker used incorrect gloves for manual handling task. Supervisor corrected the action.,Unsafe Condition,NO,Working at Height,MEDIUM,,,,,Unit B,Electrical Panel,synthetic,stopped work,,cleaned up,,,[Oct 8] Report by W-1071: Worker used incorrect gloves for manual handling task. Supervisor corrected the action.
d4437a00-0a17-47e0-870f-8885f55b8cfb,[Oct 28] Report by W-4354: Worker observed not wearing safety glasses at Unit B.,Unsafe Condition,NO,Slips/Trips,MEDIUM,,,,,Unit B,Pump,synthetic,reported to supervisor,,,retrained staff,False,[Oct 28] Report by W-4354: Worker observed not wearing safety glasses at Unit B.
1f983d57-d060-4a88-8a6b-505d0d2f1bd0,[Oct 7] Report by W-9211: Trip hazard due to loose cables near Electrical Panel. Cables were immediately organized.,Unsafe Condition,NO,Electrical,LOW,,,,,Unit B,Electrical Panel,synthetic,,supervisor intervened,replaced equipment,retrained staff,True,[Oct 7] Report by W-9211: Trip hazard due to loose cables near Electrical Panel. Cables were immediately organized.
811df02e-3e3d-40fb-8155-23697d96af74,[Oct 2] Report by W-8513: Trip hazard due to loose cables near Electrical Panel. Cables were immediately organized.,Unsafe Condition,NO,Energy Isolation,LOW,,,,,Unit A,Electrical Panel,synthetic,stopped work,,cleaned up,updated procedures,False,[Oct 2] Report by W-8513: Trip hazard due to loose cables near Electrical Panel. Cables were immediately organized.
5c781b64-fbae-4414-a492-5da19fcc6341,[Oct 15] Report by W-7720: Small oil spill near Compressor at Unit B. Cleaned up promptly.,Unsafe Condition,NO,Confined Space,LOW,,,,,Unit B,Compressor,synthetic,reported to supervisor,colleague intervened,,updated procedures,True,[Oct 15] Report by W-7720: Small oil spill near Compressor at Unit B. Cleaned up promptly.
2fc4081f-fb24-4f8d-b9a3-3cad19c2f4ed,[Oct 27] Report by W-3007: Worker observed not wearing safety glasses at Offshore Platform 1.,Unsafe Condition,NO,Manual Handling,MEDIUM,,,,,Offshore Platform 1,Electrical Panel,synthetic,reported to supervisor,,,updated procedures,True,[Oct 27] Report by W-3007: Worker observed not wearing safety glasses at Offshore Platform 1.
5bb22829-d997-4e07-a427-5a7761d8a6e4,[Oct 19] Report by W-9949: Trip hazard due to loose cables near Electrical Panel. Cables were immediately organized.,Unsafe Condition,NO,Working at Height,LOW,,,,,Refinery Sector 4,Electrical Panel,synthetic,,,cleaned up,retrained staff,,[Oct 19] Report by W-9949: Trip hazard due to loose cables near Electrical Panel. Cables were immediately organized.
d3456f6b-1c80-4db1-a978-2b6500c11bfb,[Oct 3] Report by W-7376: Worker observed not wearing safety glasses at Offshore Platform 1.,Unsafe Condition,NO,Pressure,MEDIUM,,,,,Offshore Platform 1,Valve,synthetic,,,cleaned up,retrained staff,False,[Oct 3] Report by W-7376: Worker observed not wearing safety glasses at Offshore Platform 1.
e70ae703-a3ef-41a0-a787-a082eae6d782,[Oct 21] Report by W-1608: Line opened with residual pressure on the Valve. High-energy release narrowly missed the operator.,Unsafe Act,YES,Confined Space,HIGH,,,,,Refinery Sector 4,Valve,synthetic,,supervisor intervened,replaced equipment,updated procedures,True,[Oct 21] Report by W-1608: Line opened with residual pressure on the Valve. High-energy release narrowly missed the operator.
fca630b0-46be-4060-89bc-02bfb4905b85,[Oct 1] Report by W-9546: Small oil spill near Heat Exchanger at Refinery Sector 4. Cleaned up promptly.,Unsafe Act,NO,Electrical,MEDIUM,,,,,Refinery Sector 4,Heat Exchanger,synthetic,,supervisor intervened,,retrained staff,,[Oct 1] Report by W-9546: Small oil spill near Heat Exchanger at Refinery Sector 4. Cleaned up promptly.
9f401efa-0724-4199-a5e5-3da9ed21a037,<div><p>[Oct 8] Report by W-5684: Trip hazard due to loose cables near Valve. Cables were immediately organized.</p></div>,Unsafe Act,NO,Confined Space,LOW,,,,,Unit B,Valve,synthetic,stopped work,,replaced equipment,,,[Oct 8] Report by W-5684: Trip hazard due to loose cables near Valve. Cables were immediately organized.
b31099fd-618a-4c03-be56-701bd34078fe,[Oct 3] Report by W-3625: Worker observed not wearing safety glasses at Unit A.,Unsafe Act,NO,Pressure,MEDIUM,,,,,Unit A,Heat Exchanger,synthetic,stopped work,supervisor intervened,replaced equipment,updated procedures,,[Oct 3] Report by W-3625: Worker observed not wearing safety glasses at Unit A.
3aa5e4a4-e445-43dc-85e5-de0b55747721,[Oct 9] Report by W-2312: Trip hazard due to loose cables near Heat Exchanger. Cables were immediately organized.,Unsafe Condition,NO,Working at Height,MEDIUM,,,,,Unit B,Heat Exchanger,synthetic,,colleague intervened,replaced equipment,,True,[Oct 9] Report by W-2312: Trip hazard due to loose cables near Heat Exchanger. Cables were immediately organized.
77a34cf1-b736-47e2-b3c1-d165dd441ad0,[Oct 12] Report by W-5929: Worker used incorrect gloves for manual handling task. Supervisor corrected the action.,Unsafe Act,NO,Working at Height,LOW,,,,,Refinery Sector 4,Pump,synthetic,reported to supervisor,supervisor intervened,,,,[Oct 12] Report by W-5929: Worker used incorrect gloves for manual handling task. Supervisor corrected the action.
0c5ba5af-faf1-41bc-bdfc-3f1da36c38b8,[Oct 2] Report by W-9229: Trip hazard due to loose cables near Heat Exchanger. Cables were immediately organized.,Unsafe Act,NO,Manual Handling,MEDIUM,,,,,Refinery Sector 4,Heat Exchanger,synthetic,,,cleaned up,,,[Oct 2] Report by W-9229: Trip hazard due to loose cables near Heat Exchanger. Cables were immediately organized.
7866cbe5-07d1-4a64-a90f-256a0818f0ca,[Oct 11] Report by W-3675: Worker observed not wearing safety glasses at Unit A.,Unsafe Act,NO,Confined Space,LOW,,,,,Unit A,Electrical Panel,synthetic,stopped work,colleague intervened,replaced equipment,retrained staff,False,[Oct 11] Report by W-3675: Worker observed not wearing safety glasses at Unit A.
3f085df2-feff-40a3-b9c6-e6991098aa2c,[Oct 13] Report by W-4147: Worker used incorrect gloves for manual handling task. Supervisor corrected the action.,Unsafe Act,NO,Electrical,LOW,,,,,Unit B,Heat Exchanger,synthetic,,,cleaned up,retrained staff,,[Oct 13] Report by W-4147: Worker used incorrect gloves for manual handling task. Supervisor corrected the action.
03d0b301-7335-47ef-9802-586338301866,[Oct 13] Report by W-9874: Trip hazard due to loose cables near Valve. Cables were immediately organized.,Unsafe Act,NO,Pressure,LOW,,,,,Refinery Sector 4,Valve,synthetic,,,replaced equipment,updated procedures,False,[Oct 13] Report by W-9874: Trip hazard due to loose cables near Valve. Cables were immediately organized.
79612514-fafc-49f9-80e9-2078f6a16273,[Oct 24] Report by W-2126: Trip hazard due to loose cables near Pump. Cables were immediately organized.,Unsafe Act,NO,Slips/Trips,MEDIUM,,,,,Unit A,Pump,synthetic,reported to supervisor,supervisor intervened,cleaned up,,False,[Oct 24] Report by W-2126: Trip hazard due to loose cables near Pump. Cables were immediately organized.
1b8e4ee1-0020-46c0-9f2f-7307e26452a5,[Oct 15] Report by W-1623: Trip hazard due to loose cables near Valve. Cables were immediately organized.,Unsafe Condition,NO,Slips/Trips,MEDIUM,,,,,Refinery Sector 4,Valve,synthetic,stopped work,,cleaned up,retrained staff,False,[Oct 15] Report by W-1623: Trip hazard due to loose cables near Valve. Cables were immediately organized.
397aae82-4fb0-4731-af35-39fcdfb7a9b2,[Oct 28] Report by W-2248: Trip hazard due to loose cables near Heat Exchanger. Cables were immediately organized.,Unsafe Act,NO,Pressure,MEDIUM,,,,,Offshore Platform 1,Heat Exchanger,synthetic,,colleague intervened,replaced equipment,updated procedures,,[Oct 28] Report by W-2248: Trip hazard due to loose cables near Heat Exchanger. Cables were immediately organized.
6ed13f9e-e10c-4356-a5f1-2ab3371cd659,<div><p>[Oct 26] Report by W-8327: Small oil spill near Pump at Refinery Sector 4. Cleaned up promptly.</p></div>,Unsafe Act,NO,Pressure,LOW,,,,,Refinery Sector 4,Pump,synthetic,,supervisor intervened,replaced equipment,retrained staff,False,[Oct 26] Report by W-8327: Small oil spill near Pump at Refinery Sector 4. Cleaned up promptly.
cc2e040b-c07f-481a-b006-1300b6706d1e,[Oct 14] Report by W-2309: Small oil spill near Pump at Refinery Sector 4. Cleaned up promptly.,Unsafe Condition,NO,Electrical,MEDIUM,,,,,Refinery Sector 4,Pump,synthetic,,,replaced equipment,updated procedures,True,[Oct 14] Report by W-2309: Small oil spill near Pump at Refinery Sector 4. Cleaned up promptly.
156060f7-806b-485b-93b8-acca1adba686,[Oct 24] Report by W-8037: Trip hazard due to loose cables near Compressor. Cables were immediately organized.,Unsafe Act,NO,Working at Height,LOW,,,,,Unit A,Compressor,synthetic,stopped work,supervisor intervened,cleaned up,updated procedures,False,[Oct 24] Report by W-8037: Trip hazard due to loose cables near Compressor. Cables were immediately organized.
49285f79-1a6e-4947-9b8b-aeba1f7beb5c,[Oct 23] Report by W-9554: Worker used incorrect gloves for manual handling task. Supervisor corrected the action.,Unsafe Act,NO,Working at Height,MEDIUM,,,,,Offshore Platform 1,Pump,synthetic,,,cleaned up,updated procedures,False,[Oct 23] Report by W-9554: Worker used incorrect gloves for manual handling task. Supervisor corrected the action.
0cbb2f00-382e-4c9c-8643-985d7e226f1b,[Oct 27] Report by W-4072: Worker observed not wearing safety glasses at Unit A.,Unsafe Condition,NO,Manual Handling,LOW,,,,,Unit A,Pump,synthetic,,colleague intervened,replaced equipment,updated procedures,True,[Oct 27] Report by W-4072: Worker observed not wearing safety glasses at Unit A.
814bce45-0760-4797-a7aa-82a67b6bc9fa,[Oct 22] Report by W-2874: Small oil spill near Pump at Unit B. Cleaned up promptly.,Unsafe Condition,NO,Electrical,LOW,,,,,Unit B,Pump,synthetic,stopped work,colleague intervened,replaced equipment,retrained staff,False,[Oct 22] Report by W-2874: Small oil spill near Pump at Unit B. Cleaned up promptly.
4ca1af10-4175-4467-ab47-97097f881656,[Oct 10] Report by W-3327: Small oil spill near Heat Exchanger at Offshore Platform 1. Cleaned up promptly.,Unsafe Act,NO,Electrical,MEDIUM,,,,,Offshore Platform 1,Heat Exchanger,synthetic,,colleague intervened,,updated procedures,True,[Oct 10] Report by W-3327: Small oil spill near Heat Exchanger at Offshore Platform 1. Cleaned up promptly.
59dd886b-32fe-44aa-b74f-74272c5c4ff9,[Oct 14] Report by W-9857: Trip hazard due to loose cables near Electrical Panel. Cables were immediately organized.,Unsafe Condition,NO,Electrical,LOW,,,,,Unit B,Electrical Panel,synthetic,stopped work,supervisor intervened,cleaned up,retrained staff,,[Oct 14] Report by W-9857: Trip hazard due to loose cables near Electrical Panel. Cables were immediately organized.
cf1e5361-3323-499d-ac11-23d922c0212f,[Oct 7] Report by W-8270: Worker used incorrect gloves for manual handling task. Supervisor corrected the action.,Unsafe Condition,NO,Electrical,LOW,,,,,Refinery Sector 4,Pump,synthetic,stopped work,,,updated procedures,,[Oct 7] Report by W-8270: Worker used incorrect gloves for manual handling task. Supervisor corrected the action.
ddc9544b-cc0c-4ef7-8f57-8adf0fa51f9b,[Oct 17] Report by W-7920: Worker used incorrect gloves for manual handling task. Supervisor corrected the action.,Unsafe Condition,NO,Pressure,LOW,,,,,Offshore Platform 1,Valve,synthetic,reported to supervisor,supervisor intervened,,updated procedures,True,[Oct 17] Report by W-7920: Worker used incorrect gloves for manual handling task. Supervisor corrected the action.
1719d16e-9959-4d35-a1e2-42d8cb0511f9,[Oct 15] Report by W-1285: Worker observed not wearing safety glasses at Unit B.,Unsafe Act,NO,Electrical,MEDIUM,,,,,Unit B,Heat Exchanger,synthetic,reported to supervisor,supervisor intervened,cleaned up,updated procedures,False,[Oct 15] Report by W-1285: Worker observed not wearing safety glasses at Unit B.
8a0c4b04-c96f-4399-b1d1-f356df997381,[Oct 19] Report by W-9369: Worker observed not wearing safety glasses at Unit A.,Unsafe Act,NO,Pressure,MEDIUM,,,,,Unit A,Electrical Panel,synthetic,reported to supervisor,,replaced equipment,updated procedures,False,[Oct 19] Report by W-9369: Worker observed not wearing safety glasses at Unit A.
771f296f-37ab-4306-adbc-4e622ef984e1,[Oct 16] Report by W-7455: Worker observed not wearing safety glasses at Unit B.,Unsafe Condition,NO,Electrical,MEDIUM,,,,,Unit B,Heat Exchanger,synthetic,reported to supervisor,,cleaned up,retrained staff,,[Oct 16] Report by W-7455: Worker observed not wearing safety glasses at Unit B.
9f602ba5-369a-4ab0-83e5-8a202c6566e1,[Oct 24] Report by W-5219: Worker observed not wearing safety glasses at Refinery Sector 4.,Unsafe Act,NO,Energy Isolation,LOW,,,,,Refinery Sector 4,Compressor,synthetic,reported to supervisor,,,,,[Oct 24] Report by W-5219: Worker observed not wearing safety glasses at Refinery Sector 4.
ee8d66f9-f720-47de-bb63-67efee59585d,[Oct 12] Report by W-9705: Trip hazard due to loose cables near Compressor. Cables were immediately organized.,Unsafe Act,NO,Slips/Trips,MEDIUM,,,,,Refinery Sector 4,Compressor,synthetic,,colleague intervened,cleaned up,,False,[Oct 12] Report by W-9705: Trip hazard due to loose cables near Compressor. Cables were immediately organized.
1c42f8dd-d2ef-4e23-878d-1712cfc76adf,[Oct 15] Report by W-9245: Trip hazard due to loose cables near Electrical Panel. Cables were immediately organized.,Unsafe Act,NO,Manual Handling,LOW,,,,,Offshore Platform 1,Electrical Panel,synthetic,reported to supervisor,,cleaned up,updated procedures,False,[Oct 15] Report by W-9245: Trip hazard due to loose cables near Electrical Panel. Cables were immediately organized.
d4dc3303-8505-4004-8040-d3d97092a003,[Oct 22] Report by W-6206: Worker observed not wearing safety glasses at Offshore Platform 1.,Unsafe Condition,NO,Confined Space,LOW,,,,,Offshore Platform 1,Electrical Panel,synthetic,reported to supervisor,,cleaned up,,True,[Oct 22] Report by W-6206: Worker observed not wearing safety glasses at Offshore Platform 1.
ac922b8c-b2c2-4f1a-8f2c-25b1cd4ac130,[Oct 23] Report by W-9457: Trip hazard due to loose cables near Electrical Panel. Cables were immediately organized.,Unsafe Act,NO,Confined Space,MEDIUM,,,,,Unit A,Electrical Panel,synthetic,,supervisor intervened,cleaned up,retrained staff,,[Oct 23] Report by W-9457: Trip hazard due to loose cables near Electrical Panel. Cables were immediately organized.
8af19292-f0b8-4e9e-91ef-cb1ff04bcace,"[Oct 18] Report by W-1386: While working at Offshore Platform 1, worker was at height without fall protection. Serious risk of fatal fall.",Near Miss,YES,Energy Isolation,CRITICAL,,,,,Offshore Platform 1,Heat Exchanger,synthetic,reported to supervisor,,,updated procedures,False,"[Oct 18] Report by W-1386: While working at Offshore Platform 1, worker was at height without fall protection. Serious risk of fatal fall."
8201a662-8b74-4abf-9465-2ef2c5d8000c,[Oct 16] Report by W-1679: Worker used incorrect gloves for manual handling task. Supervisor corrected the action.,Unsafe Act,NO,Pressure,MEDIUM,,,,,Offshore Platform 1,Pump,synthetic,stopped work,,cleaned up,,True,[Oct 16] Report by W-1679: Worker used incorrect gloves for manual handling task. Supervisor corrected the action.
3ab597d8-fb95-4d50-91ca-ec484df448d1,[Oct 28] Report by W-5612: Trip hazard due to loose cables near Pump. Cables were immediately organized.,Unsafe Condition,NO,Pressure,LOW,,,,,Unit B,Pump,synthetic,reported to supervisor,supervisor intervened,,retrained staff,False,[Oct 28] Report by W-5612: Trip hazard due to loose cables near Pump. Cables were immediately organized.
5464d676-a7b3-47fc-aa2d-a24d0631dd22,[Oct 13] Report by W-6232: Worker observed not wearing safety glasses at Offshore Platform 1.,Unsafe Condition,NO,Pressure,MEDIUM,,,,,Offshore Platform 1,Compressor,synthetic,,supervisor intervened,,,False,[Oct 13] Report by W-6232: Worker observed not wearing safety glasses at Offshore Platform 1.
3534987a-7329-467f-8417-d0b868f33414,[Oct 21] Report by W-1306: Worker used incorrect gloves for manual handling task. Supervisor corrected the action.,Unsafe Condition,NO,Energy Isolation,MEDIUM,,,,,Offshore Platform 1,Compressor,synthetic,,colleague intervened,replaced equipment,updated procedures,False,[Oct 21] Report by W-1306: Worker used incorrect gloves for manual handling task. Supervisor corrected the action.
dddb9759-b70b-46bd-8aa2-a7be671ec49a,"[Oct 24] Report by W-1529: During maintenance of the Heat Exchanger at Unit B, the technician started work without isolating the equipment. The Heat Exchanger was still energized.",Unsafe Act,YES,Confined Space,HIGH,,,,,Unit B,Heat Exchanger,synthetic,reported to supervisor,supervisor intervened,replaced equipment,updated procedures,,"[Oct 24] Report by W-1529: During maintenance of the Heat Exchanger at Unit B, the technician started work without isolating the equipment. The Heat Exchanger was still energized."
e0e7bcfd-4625-4342-89a4-495f28a14bbe,[Oct 8] Report by W-5406: Worker observed not wearing safety glasses at Unit A.,Unsafe Condition,NO,Electrical,LOW,,,,,Unit A,Pump,synthetic,,colleague intervened,replaced equipment,,False,[Oct 8] Report by W-5406: Worker observed not wearing safety glasses at Unit A.
1dc61b3b-6664-4100-973a-51d0e51702ee,[Oct 15] Report by W-8064: Small oil spill near Electrical Panel at Unit B. Cleaned up promptly.,Unsafe Act,NO,Energy Isolation,MEDIUM,,,,,Unit B,Electrical Panel,synthetic,reported to supervisor,supervisor intervened,,updated procedures,,[Oct 15] Report by W-8064: Small oil spill near Electrical Panel at Unit B. Cleaned up promptly.
1eabc06a-699c-4efe-9925-99f4fc4f32a1,[Oct 25] Report by W-7590: Worker used incorrect gloves for manual handling task. Supervisor corrected the action.,Unsafe Act,NO,Working at Height,LOW,,,,,Unit B,Electrical Panel,synthetic,,colleague intervened,,,True,[Oct 25] Report by W-7590: Worker used incorrect gloves for manual handling task. Supervisor corrected the action.
6ab42894-af12-4055-af6c-41d28b002ced,[Oct 10] Report by W-8612: Worker used incorrect gloves for manual handling task. Supervisor corrected the action.,Unsafe Condition,NO,Slips/Trips,LOW,,,,,Offshore Platform 1,Compressor,synthetic,reported to supervisor,,replaced equipment,retrained staff,,[Oct 10] Report by W-8612: Worker used incorrect gloves for manual handling task. Supervisor corrected the action.
b36a64d2-401c-4f97-8cc4-23db26e459cb,[Oct 19] Report by W-7194: Worker used incorrect gloves for manual handling task. Supervisor corrected the action.,Unsafe Act,NO,Electrical,MEDIUM,,,,,Offshore Platform 1,Electrical Panel,synthetic,,colleague intervened,cleaned up,,,[Oct 19] Report by W-7194: Worker used incorrect gloves for manual handling task. Supervisor corrected the action.
9a69c09a-d71d-4fce-a00d-d90eaab41c1e,[Oct 28] Report by W-5515: Trip hazard due to loose cables near Valve. Cables were immediately organized.,Unsafe Condition,NO,Electrical,LOW,,,,,Unit B,Valve,synthetic,stopped work,colleague intervened,replaced equipment,,False,[Oct 28] Report by W-5515: Trip hazard due to loose cables near Valve. Cables were immediately organized.
2caafff2-f057-46f8-b25b-bda104a2e9c1,[Oct 7] Report by W-5855: Worker observed not wearing safety glasses at Offshore Platform 1.,Unsafe Condition,NO,Energy Isolation,MEDIUM,,,,,Offshore Platform 1,Valve,synthetic,,,,,False,[Oct 7] Report by W-5855: Worker observed not wearing safety glasses at Offshore Platform 1.
10b62d6b-6526-408e-be0e-caa6a8795cd7,[Oct 27] Report by W-2602: Small oil spill near Electrical Panel at Refinery Sector 4. Cleaned up promptly.,Unsafe Condition,NO,Confined Space,LOW,,,,,Refinery Sector 4,Electrical Panel,synthetic,,,replaced equipment,,False,[Oct 27] Report by W-2602: Small oil spill near Electrical Panel at Refinery Sector 4. Cleaned up promptly.
53e83d3a-d936-4fe4-9925-c8e374ed2ecc,[Oct 4] Report by W-9161: Worker observed not wearing safety glasses at Refinery Sector 4.,Unsafe Condition,NO,Electrical,MEDIUM,,,,,Refinery Sector 4,Compressor,synthetic,,colleague intervened,cleaned up,retrained staff,False,[Oct 4] Report by W-9161: Worker observed not wearing safety glasses at Refinery Sector 4.
8b6cea2e-4428-44eb-b830-d32b731aa8ab,<div><p>[Oct 1] Report by W-3024: Trip hazard due to loose cables near Valve. Cables were immediately organized.</p></div>,Unsafe Act,NO,Pressure,LOW,,,,,Unit A,Valve,synthetic,reported to supervisor,colleague intervened,replaced equipment,,False,[Oct 1] Report by W-3024: Trip hazard due to loose cables near Valve. Cables were immediately organized.
eda97142-0d26-40e1-b412-b761905b4adf,[Oct 18] Report by W-3384: Worker used incorrect gloves for manual handling task. Supervisor corrected the action.,Unsafe Act,NO,Electrical,MEDIUM,,,,,Unit B,Valve,synthetic,reported to supervisor,colleague intervened,replaced equipment,retrained staff,,[Oct 18] Report by W-3384: Worker used incorrect gloves for manual handling task. Supervisor corrected the action.
0826ab88-cf98-456a-a8a9-53e4567f4b3b,[Oct 22] Report by W-8789: Trip hazard due to loose cables near Compressor. Cables were immediately organized.,Unsafe Act,NO,Working at Height,LOW,,,,,Refinery Sector 4,Compressor,synthetic,reported to supervisor,colleague intervened,cleaned up,updated procedures,False,[Oct 22] Report by W-8789: Trip hazard due to loose cables near Compressor. Cables were immediately organized.
fb4e4f74-fd77-4857-a13b-45dcf3b88652,[Oct 2] Report by W-7090: Trip hazard due to loose cables near Compressor. Cables were immediately organized.,Unsafe Condition,NO,Working at Height,LOW,,,,,Unit B,Compressor,synthetic,,,replaced equipment,retrained staff,False,[Oct 2] Report by W-7090: Trip hazard due to loose cables near Compressor. Cables were immediately organized.
efbde950-e3b8-4f47-b2ab-3ff6ec0159ed,[Oct 26] Report by W-6241: Trip hazard due to loose cables near Electrical Panel. Cables were immediately organized.,Unsafe Condition,NO,Working at Height,LOW,,,,,Unit B,Electrical Panel,synthetic,stopped work,colleague intervened,cleaned up,updated procedures,,[Oct 26] Report by W-6241: Trip hazard due to loose cables near Electrical Panel. Cables were immediately organized.
22ea7dca-ca26-49da-b96f-0eef193721ee,[Oct 28] Report by W-6158: Trip hazard due to loose cables near Compressor. Cables were immediately organized.,Unsafe Condition,NO,Pressure,MEDIUM,,,,,Offshore Platform 1,Compressor,synthetic,,colleague intervened,cleaned up,,,[Oct 28] Report by W-6158: Trip hazard due to loose cables near Compressor. Cables were immediately organized.
348fe5cf-7792-4fee-b85b-e8bd6077d99c,[Oct 19] Report by W-4721: Small oil spill near Compressor at Offshore Platform 1. Cleaned up promptly.,Unsafe Act,NO,Electrical,MEDIUM,,,,,Offshore Platform 1,Compressor,synthetic,stopped work,,,retrained staff,True,[Oct 19] Report by W-4721: Small oil spill near Compressor at Offshore Platform 1. Cleaned up promptly.
841709ca-45a0-4e5a-b5ff-f029e4ecf527,[Oct 1] Report by W-7839: Small oil spill near Valve at Unit A. Cleaned up promptly.,Unsafe Condition,NO,Working at Height,LOW,,,,,Unit A,Valve,synthetic,,colleague intervened,replaced equipment,updated procedures,False,[Oct 1] Report by W-7839: Small oil spill near Valve at Unit A. Cleaned up promptly.
f33f1489-7ffd-4648-b407-9e838ceefb39,[Oct 23] Report by W-2654: Worker used incorrect gloves for manual handling task. Supervisor corrected the action.,Unsafe Condition,NO,Electrical,LOW,,,,,Refinery Sector 4,Pump,synthetic,reported to supervisor,supervisor intervened,replaced equipment,,True,[Oct 23] Report by W-2654: Worker used incorrect gloves for manual handling task. Supervisor corrected the action.
a2c98425-2d1d-449e-8a19-6b7e86c96d35,[Oct 22] Report by W-1010: Small oil spill near Pump at Unit A. Cleaned up promptly.,Unsafe Condition,NO,Pressure,LOW,,,,,Unit A,Pump,synthetic,stopped work,colleague intervened,,retrained staff,False,[Oct 22] Report by W-1010: Small oil spill near Pump at Unit A. Cleaned up promptly.
ee864077-b114-43c1-a7da-dba3a91188c5,[Oct 22] Report by W-1116: Small oil spill near Valve at Unit A. Cleaned up promptly.,Unsafe Act,NO,Electrical,LOW,,,,,Unit A,Valve,synthetic,stopped work,,cleaned up,updated procedures,True,[Oct 22] Report by W-1116: Small oil spill near Valve at Unit A. Cleaned up promptly.
bcbaed6d-ee39-4b62-8b44-56d5922c2d53,[Oct 22] Report by W-3313: Worker used incorrect gloves for manual handling task. Supervisor corrected the action.,Unsafe Condition,NO,Pressure,LOW,,,,,Refinery Sector 4,Valve,synthetic,stopped work,supervisor intervened,,,True,[Oct 22] Report by W-3313: Worker used incorrect gloves for manual handling task. Supervisor corrected the action.
72cffc23-d52d-4ff4-aa90-20338ab7493e,[Oct 2] Report by W-4801: Worker observed not wearing safety glasses at Unit A.,Unsafe Act,NO,Manual Handling,LOW,,,,,Unit A,Pump,synthetic,reported to supervisor,colleague intervened,cleaned up,updated procedures,,[Oct 2] Report by W-4801: Worker observed not wearing safety glasses at Unit A.
c01c6fa2-f899-47fd-be53-c5dc28fc14ff,[Oct 22] Report by W-2905: Trip hazard due to loose cables near Valve. Cables were immediately organized.,Unsafe Act,NO,Energy Isolation,MEDIUM,,,,,Unit B,Valve,synthetic,,,,updated procedures,True,[Oct 22] Report by W-2905: Trip hazard due to loose cables near Valve. Cables were immediately organized.
031e8909-b46d-4345-8af7-10f0e4115646,[Oct 22] Report by W-6820: Trip hazard due to loose cables near Valve. Cables were immediately organized.,Unsafe Act,NO,Working at Height,MEDIUM,,,,,Unit A,Valve,synthetic,,supervisor intervened,,,False,[Oct 22] Report by W-6820: Trip hazard due to loose cables near Valve. Cables were immediately organized.
1c7e7f9c-e98e-4868-9b9a-11e1f8224458,[Oct 3] Report by W-9141: Small oil spill near Heat Exchanger at Unit B. Cleaned up promptly.,Unsafe Act,NO,Energy Isolation,LOW,,,,,Unit B,Heat Exchanger,synthetic,,,,updated procedures,,[Oct 3] Report by W-9141: Small oil spill near Heat Exchanger at Unit B. Cleaned up promptly.
79a1ef91-9597-4e1c-badc-a5ab12508d2e,[Oct 24] Report by W-7532: Trip hazard due to loose cables near Electrical Panel. Cables were immediately organized.,Unsafe Condition,NO,Electrical,LOW,,,,,Unit A,Electrical Panel,synthetic,reported to supervisor,,,updated procedures,False,[Oct 24] Report by W-7532: Trip hazard due to loose cables near Electrical Panel. Cables were immediately organized.
f5377edd-043d-4f10-af08-65b2cd6f0e7c,[Oct 4] Report by W-3083: Small oil spill near Compressor at Unit A. Cleaned up promptly.,Unsafe Condition,NO,Working at Height,MEDIUM,,,,,Unit A,Compressor,synthetic,stopped work,colleague intervened,,,,[Oct 4] Report by W-3083: Small oil spill near Compressor at Unit A. Cleaned up promptly.
d577bfb3-b14a-4cfd-b7ad-fef63e8192b3,[Oct 21] Report by W-5412: Small oil spill near Electrical Panel at Unit B. Cleaned up promptly.,Unsafe Condition,NO,Electrical,LOW,,,,,Unit B,Electrical Panel,synthetic,stopped work,,cleaned up,updated procedures,,[Oct 21] Report by W-5412: Small oil spill near Electrical Panel at Unit B. Cleaned up promptly.
4ed88faf-0be3-48c5-94f9-1f4daa22576a,[Oct 6] Report by W-3482: Worker observed not wearing safety glasses at Offshore Platform 1.,Unsafe Act,NO,Working at Height,LOW,,,,,Offshore Platform 1,Compressor,synthetic,stopped work,,replaced equipment,retrained staff,,[Oct 6] Report by W-3482: Worker observed not wearing safety glasses at Offshore Platform 1.
4f6aa575-d9bf-47dc-b0bc-e7d7639a3403,[Oct 17] Report by W-1570: Small oil spill near Pump at Refinery Sector 4. Cleaned up promptly.,Unsafe Act,NO,Energy Isolation,LOW,,,,,Refinery Sector 4,Pump,synthetic,stopped work,supervisor intervened,cleaned up,,,[Oct 17] Report by W-1570: Small oil spill near Pump at Refinery Sector 4. Cleaned up promptly.
ac9cbd6e-3491-46df-bdeb-5c6c2a40ec89,[Oct 16] Report by W-2789: Trip hazard due to loose cables near Valve. Cables were immediately organized.,Unsafe Condition,NO,Working at Height,LOW,,,,,Unit A,Valve,synthetic,,,cleaned up,updated procedures,,[Oct 16] Report by W-2789: Trip hazard due to loose cables near Valve. Cables were immediately organized.
b76aee88-c207-41ad-a9db-65662552aa3f,[Oct 28] Report by W-5774: Worker used incorrect gloves for manual handling task. Supervisor corrected the action.,Unsafe Act,NO,Energy Isolation,MEDIUM,,,,,Refinery Sector 4,Electrical Panel,synthetic,stopped work,,replaced equipment,updated procedures,,[Oct 28] Report by W-5774: Worker used incorrect gloves for manual handling task. Supervisor corrected the action.
456a92ac-4fdb-4539-8554-77a8625ac2fb,[Oct 20] Report by W-4872: Worker observed not wearing safety glasses at Unit A.,Unsafe Act,NO,Pressure,MEDIUM,,,,,Unit A,Compressor,synthetic,stopped work,supervisor intervened,replaced equipment,retrained staff,,[Oct 20] Report by W-4872: Worker observed not wearing safety glasses at Unit A.
8938def0-79e4-44cc-af70-0e8862e241cb,[Oct 19] Report by W-5179: Worker used incorrect gloves for manual handling task. Supervisor corrected the action.,Unsafe Act,NO,Pressure,LOW,,,,,Offshore Platform 1,Electrical Panel,synthetic,,supervisor intervened,replaced equipment,,True,[Oct 19] Report by W-5179: Worker used incorrect gloves for manual handling task. Supervisor corrected the action.
5c1ef6ac-0da7-4701-b2a0-659269fff030,[Oct 18] Report by W-7911: Worker observed not wearing safety glasses at Refinery Sector 4.,Unsafe Condition,NO,Electrical,MEDIUM,,,,,Refinery Sector 4,Heat Exchanger,synthetic,stopped work,supervisor intervened,replaced equipment,,False,[Oct 18] Report by W-7911: Worker observed not wearing safety glasses at Refinery Sector 4.
72b6a673-7fc8-491f-86cf-04aac0378414,[Oct 5] Report by W-9485: Small oil spill near Compressor at Refinery Sector 4. Cleaned up promptly.,Unsafe Condition,NO,Confined Space,MEDIUM,,,,,Refinery Sector 4,Compressor,synthetic,,colleague intervened,cleaned up,updated procedures,True,[Oct 5] Report by W-9485: Small oil spill near Compressor at Refinery Sector 4. Cleaned up promptly.
4e22de1a-82ba-4101-9b67-fc3b8975d2da,<div><p>[Oct 6] Report by W-5008: Trip hazard due to loose cables near Electrical Panel. Cables were immediately organized.</p></div>,Unsafe Act,NO,Energy Isolation,MEDIUM,,,,,Refinery Sector 4,Electrical Panel,synthetic,stopped work,colleague intervened,replaced equipment,retrained staff,,[Oct 6] Report by W-5008: Trip hazard due to loose cables near Electrical Panel. Cables were immediately organized.
fecf42f4-ca67-4e6a-a984-94092dc81190,[Oct 17] Report by W-1901: Small oil spill near Heat Exchanger at Refinery Sector 4. Cleaned up promptly.,Unsafe Act,NO,Slips/Trips,LOW,,,,,Refinery Sector 4,Heat Exchanger,synthetic,,colleague intervened,,retrained staff,False,[Oct 17] Report by W-1901: Small oil spill near Heat Exchanger at Refinery Sector 4. Cleaned up promptly.
9e8083a2-1cdc-41e7-8f22-d0c10362a13e,[Oct 10] Report by W-1728: Trip hazard due to loose cables near Pump. Cables were immediately organized.,Unsafe Act,NO,Manual Handling,LOW,,,,,Unit B,Pump,synthetic,stopped work,colleague intervened,,retrained staff,True,[Oct 10] Report by W-1728: Trip hazard due to loose cables near Pump. Cables were immediately organized.
d7bba26f-4f5d-4844-8592-a89ae7bf79eb,[Oct 20] Report by W-6892: Small oil spill near Compressor at Offshore Platform 1. Cleaned up promptly.,Unsafe Condition,NO,Slips/Trips,LOW,,,,,Offshore Platform 1,Compressor,synthetic,stopped work,supervisor intervened,replaced equipment,retrained staff,,[Oct 20] Report by W-6892: Small oil spill near Compressor at Offshore Platform 1. Cleaned up promptly.
e041beb8-b960-42b4-b29e-d23d7ddb9911,[Oct 15] Report by W-5933: Small oil spill near Compressor at Refinery Sector 4. Cleaned up promptly.,Unsafe Act,NO,Confined Space,MEDIUM,,,,,Refinery Sector 4,Compressor,synthetic,,,,retrained staff,False,[Oct 15] Report by W-5933: Small oil spill near Compressor at Refinery Sector 4. Cleaned up promptly.
c7ad36a7-7fc4-41d6-ad8d-1ee838f4271a,[Oct 12] Report by W-9037: Small oil spill near Electrical Panel at Unit A. Cleaned up promptly.,Unsafe Act,NO,Electrical,LOW,,,,,Unit A,Electrical Panel,synthetic,stopped work,colleague intervened,cleaned up,,,[Oct 12] Report by W-9037: Small oil spill near Electrical Panel at Unit A. Cleaned up promptly.
8fd9671f-1e49-477d-91cb-3e3734361f8c,[Oct 10] Report by W-5729: Worker used incorrect gloves for manual handling task. Supervisor corrected the action.,Unsafe Condition,NO,Working at Height,MEDIUM,,,,,Offshore Platform 1,Electrical Panel,synthetic,reported to supervisor,colleague intervened,replaced equipment,,False,[Oct 10] Report by W-5729: Worker used incorrect gloves for manual handling task. Supervisor corrected the action.
0a8439d4-025a-4d1f-9d78-bef530db6fa2,[Oct 18] Report by W-1493: Worker observed not wearing safety glasses at Offshore Platform 1.,Unsafe Condition,NO,Working at Height,MEDIUM,,,,,Offshore Platform 1,Compressor,synthetic,,supervisor intervened,,retrained staff,False,[Oct 18] Report by W-1493: Worker observed not wearing safety glasses at Offshore Platform 1.
11e1b043-d7ab-43ce-8bf2-26d59335bb33,[Oct 22] Report by W-9490: Small oil spill near Heat Exchanger at Offshore Platform 1. Cleaned up promptly.,Unsafe Act,NO,Pressure,LOW,,,,,Offshore Platform 1,Heat Exchanger,synthetic,reported to supervisor,,replaced equipment,retrained staff,True,[Oct 22] Report by W-9490: Small oil spill near Heat Exchanger at Offshore Platform 1. Cleaned up promptly.
42566a04-ebb7-4d9a-b56b-7d3611704cdd,[Oct 11] Report by W-3351: Trip hazard due to loose cables near Electrical Panel. Cables were immediately organized.,Unsafe Condition,NO,Manual Handling,MEDIUM,,,,,Offshore Platform 1,Electrical Panel,synthetic,stopped work,,replaced equipment,,False,[Oct 11] Report by W-3351: Trip hazard due to loose cables near Electrical Panel. Cables were immediately organized.
8cec93da-cd4c-4910-8eb1-26168fec01bd,[Oct 27] Report by W-6483: Worker observed not wearing safety glasses at Unit B.,Unsafe Act,NO,Slips/Trips,MEDIUM,,,,,Unit B,Heat Exchanger,synthetic,reported to supervisor,supervisor intervened,cleaned up,,,[Oct 27] Report by W-6483: Worker observed not wearing safety glasses at Unit B.
5b3a1806-05b9-4701-ad53-d0da5d160f44,[Oct 22] Report by W-3045: Worker used incorrect gloves for manual handling task. Supervisor corrected the action.,Unsafe Act,NO,Manual Handling,LOW,,,,,Unit B,Electrical Panel,synthetic,stopped work,supervisor intervened,cleaned up,,True,[Oct 22] Report by W-3045: Worker used incorrect gloves for manual handling task. Supervisor corrected the action.
cca97189-8275-468b-a7c1-ba4f7d91a45f,[Oct 1] Report by W-9818: Trip hazard due to loose cables near Heat Exchanger. Cables were immediately organized.,Unsafe Condition,NO,Working at Height,LOW,,,,,Refinery Sector 4,Heat Exchanger,synthetic,reported to supervisor,,cleaned up,,True,[Oct 1] Report by W-9818: Trip hazard due to loose cables near Heat Exchanger. Cables were immediately organized.
fa2197f1-58ee-4058-af5f-18a804b2b534,[Oct 13] Report by W-4008: Worker used incorrect gloves for manual handling task. Supervisor corrected the action.,Unsafe Condition,NO,Energy Isolation,MEDIUM,,,,,Offshore Platform 1,Valve,synthetic,stopped work,supervisor intervened,replaced equipment,retrained staff,,[Oct 13] Report by W-4008: Worker used incorrect gloves for manual handling task. Supervisor corrected the action.
0247a5c7-c90d-4f45-8366-48c872239129,[Oct 17] Report by W-6228: Trip hazard due to loose cables near Electrical Panel. Cables were immediately organized.,Unsafe Condition,NO,Energy Isolation,LOW,,,,,Refinery Sector 4,Electrical Panel,synthetic,stopped work,,,updated procedures,,[Oct 17] Report by W-6228: Trip hazard due to loose cables near Electrical Panel. Cables were immediately organized.
4c97d632-dcd0-459a-9418-bcbe57990e1c,[Oct 19] Report by W-8573: Trip hazard due to loose cables near Heat Exchanger. Cables were immediately organized.,Unsafe Act,NO,Energy Isolation,MEDIUM,,,,,Unit B,Heat Exchanger,synthetic,stopped work,colleague intervened,cleaned up,,,[Oct 19] Report by W-8573: Trip hazard due to loose cables near Heat Exchanger. Cables were immediately organized.
6855f413-1380-4693-bcaf-dcae8a845348,[Oct 27] Report by W-7919: Worker observed not wearing safety glasses at Refinery Sector 4.,Unsafe Condition,NO,Pressure,LOW,,,,,Refinery Sector 4,Heat Exchanger,synthetic,reported to supervisor,,cleaned up,updated procedures,True,[Oct 27] Report by W-7919: Worker observed not wearing safety glasses at Refinery Sector 4.
e10a8120-6256-4b4a-833e-07920c77e770,[Oct 13] Report by W-2066: Small oil spill near Electrical Panel at Unit B. Cleaned up promptly.,Unsafe Act,NO,Confined Space,LOW,,,,,Unit B,Electrical Panel,synthetic,stopped work,,replaced equipment,updated procedures,,[Oct 13] Report by W-2066: Small oil spill near Electrical Panel at Unit B. Cleaned up promptly.
5ee90d31-8108-4ae1-b91f-0474e0ba7f5b,[Oct 25] Report by W-7745: Worker observed not wearing safety glasses at Unit B.,Unsafe Act,NO,Working at Height,MEDIUM,,,,,Unit B,Valve,synthetic,stopped work,,cleaned up,updated procedures,,[Oct 25] Report by W-7745: Worker observed not wearing safety glasses at Unit B.
62e10161-2b3a-4d30-adfa-93a35336090c,[Oct 3] Report by W-1230: Worker used incorrect gloves for manual handling task. Supervisor corrected the action.,Unsafe Condition,NO,Manual Handling,LOW,,,,,Unit B,Electrical Panel,synthetic,,colleague intervened,,updated procedures,False,[Oct 3] Report by W-1230: Worker used incorrect gloves for manual handling task. Supervisor corrected the action.
5be7041d-b35d-48f0-a29a-3588e258a6bb,[Oct 11] Report by W-5792: Trip hazard due to loose cables near Compressor. Cables were immediately organized.,Unsafe Condition,NO,Manual Handling,MEDIUM,,,,,Refinery Sector 4,Compressor,synthetic,reported to supervisor,colleague intervened,replaced equipment,retrained staff,False,[Oct 11] Report by W-5792: Trip hazard due to loose cables near Compressor. Cables were immediately organized.
27f041f7-e107-476b-8f07-6195a7ea8729,[Oct 27] Report by W-2953: Worker observed not wearing safety glasses at Refinery Sector 4.,Unsafe Condition,NO,Electrical,MEDIUM,,,,,Refinery Sector 4,Electrical Panel,synthetic,,colleague intervened,replaced equipment,updated procedures,False,[Oct 27] Report by W-2953: Worker observed not wearing safety glasses at Refinery Sector 4.
20dd7d05-341d-4049-8f06-959cea437f73,[Oct 18] Report by W-3765: Worker observed not wearing safety glasses at Offshore Platform 1.,Unsafe Condition,NO,Slips/Trips,MEDIUM,,,,,Offshore Platform 1,Electrical Panel,synthetic,stopped work,,cleaned up,retrained staff,False,[Oct 18] Report by W-3765: Worker observed not wearing safety glasses at Offshore Platform 1.
f855891a-3e10-4512-b565-c9661477cd3d,[Oct 13] Report by W-6060: Worker observed not wearing safety glasses at Refinery Sector 4.,Unsafe Condition,NO,Pressure,MEDIUM,,,,,Refinery Sector 4,Electrical Panel,synthetic,reported to supervisor,,cleaned up,updated procedures,,[Oct 13] Report by W-6060: Worker observed not wearing safety glasses at Refinery Sector 4.
c41b9e9b-6b08-4bd9-9b0a-5b9362688943,[Oct 20] Report by W-2049: Worker used incorrect gloves for manual handling task. Supervisor corrected the action.,Unsafe Condition,NO,Pressure,MEDIUM,,,,,Unit A,Pump,synthetic,,supervisor intervened,,,True,[Oct 20] Report by W-2049: Worker used incorrect gloves for manual handling task. Supervisor corrected the action.
42d97291-264f-4d44-a1c3-4cef195a703a,[Oct 21] Report by W-5579: Trip hazard due to loose cables near Compressor. Cables were immediately organized.,Unsafe Condition,NO,Manual Handling,LOW,,,,,Unit A,Compressor,synthetic,reported to supervisor,,replaced equipment,,True,[Oct 21] Report by W-5579: Trip hazard due to loose cables near Compressor. Cables were immediately organized.
123f886c-c686-43f4-95eb-e95fd283b0c1,[Oct 27] Report by W-1885: Worker entered the confined space at Unit A without conducting a gas test. No standby person was present.,Near Miss,YES,Energy Isolation,CRITICAL,,,,,Unit A,Heat Exchanger,synthetic,stopped work,colleague intervened,replaced equipment,,,[Oct 27] Report by W-1885: Worker entered the confined space at Unit A without conducting a gas test. No standby person was present.
31390789-c6c9-4f93-98ab-e05680490039,[Oct 17] Report by W-9260: Worker observed not wearing safety glasses at Offshore Platform 1.,Unsafe Act,NO,Electrical,MEDIUM,,,,,Offshore Platform 1,Valve,synthetic,reported to supervisor,colleague intervened,replaced equipment,updated procedures,False,[Oct 17] Report by W-9260: Worker observed not wearing safety glasses at Offshore Platform 1.
3cc48085-f58a-4c64-b533-c0dff19c3f3f,[Oct 17] Report by W-8328: Worker observed not wearing safety glasses at Unit B.,Unsafe Act,NO,Energy Isolation,MEDIUM,,,,,Unit B,Electrical Panel,synthetic,,colleague intervened,replaced equipment,retrained staff,True,[Oct 17] Report by W-8328: Worker observed not wearing safety glasses at Unit B.
0464aad9-c8e1-455a-9869-10586be2fe46,[Oct 21] Report by W-4951: Trip hazard due to loose cables near Pump. Cables were immediately organized.,Unsafe Act,NO,Pressure,LOW,,,,,Unit B,Pump,synthetic,,supervisor intervened,,updated procedures,True,[Oct 21] Report by W-4951: Trip hazard due to loose cables near Pump. Cables were immediately organized.
24eacba0-cf1a-4144-b83a-8e4be09bc9b2,[Oct 20] Report by W-6433: Worker used incorrect gloves for manual handling task. Supervisor corrected the action.,Unsafe Act,NO,Manual Handling,MEDIUM,,,,,Unit A,Compressor,synthetic,,,replaced equipment,updated procedures,,[Oct 20] Report by W-6433: Worker used incorrect gloves for manual handling task. Supervisor corrected the action.
964104c6-38ee-44d4-bd9e-d6793cce4b95,[Oct 22] Report by W-8801: Worker observed not wearing safety glasses at Refinery Sector 4.,Unsafe Condition,NO,Slips/Trips,LOW,,,,,Refinery Sector 4,Valve,synthetic,,colleague intervened,cleaned up,retrained staff,True,[Oct 22] Report by W-8801: Worker observed not wearing safety glasses at Refinery Sector 4.
d29554cc-d30b-4fe6-84c9-3b9ce33d944a,[Oct 9] Report by W-5400: Small oil spill near Compressor at Offshore Platform 1. Cleaned up promptly.,Unsafe Act,NO,Confined Space,MEDIUM,,,,,Offshore Platform 1,Compressor,synthetic,reported to supervisor,colleague intervened,,retrained staff,,[Oct 9] Report by W-5400: Small oil spill near Compressor at Offshore Platform 1. Cleaned up promptly.
19547114-76e5-4c61-9d22-40976d771bdb,[Oct 25] Report by W-4636: Small oil spill near Valve at Unit A. Cleaned up promptly.,Unsafe Act,NO,Working at Height,MEDIUM,,,,,Unit A,Valve,synthetic,,,cleaned up,,False,[Oct 25] Report by W-4636: Small oil spill near Valve at Unit A. Cleaned up promptly.
50e8b160-9f43-41f3-8844-56855c6da0a2,[Oct 24] Report by W-8968: Worker observed not wearing safety glasses at Unit A.,Unsafe Act,NO,Working at Height,LOW,,,,,Unit A,Heat Exchanger,synthetic,stopped work,,,retrained staff,True,[Oct 24] Report by W-8968: Worker observed not wearing safety glasses at Unit A.
769a3511-fc1e-40e5-bfe0-4fc6a58f8aaa,[Oct 10] Report by W-6524: Worker used incorrect gloves for manual handling task. Supervisor corrected the action.,Unsafe Act,NO,Manual Handling,LOW,,,,,Unit A,Electrical Panel,synthetic,reported to supervisor,supervisor intervened,cleaned up,retrained staff,,[Oct 10] Report by W-6524: Worker used incorrect gloves for manual handling task. Supervisor corrected the action.
9c3ffbb4-9596-4b75-9dbe-e378c689b55d,[Oct 3] Report by W-4678: Worker observed not wearing safety glasses at Offshore Platform 1.,Unsafe Act,NO,Slips/Trips,LOW,,,,,Offshore Platform 1,Electrical Panel,synthetic,reported to supervisor,colleague intervened,cleaned up,updated procedures,,[Oct 3] Report by W-4678: Worker observed not wearing safety glasses at Offshore Platform 1.
d6d67dc7-fb34-4c50-bdde-7bbfade299fe,[Oct 28] Report by W-2435: Trip hazard due to loose cables near Compressor. Cables were immediately organized.,Unsafe Condition,NO,Electrical,LOW,,,,,Unit A,Compressor,synthetic,reported to supervisor,supervisor intervened,cleaned up,updated procedures,,[Oct 28] Report by W-2435: Trip hazard due to loose cables near Compressor. Cables were immediately organized.
2bb4751b-e4ad-4297-a9a7-c00b1eb763df,[Oct 26] Report by W-4256: Worker used incorrect gloves for manual handling task. Supervisor corrected the action.,Unsafe Condition,NO,Electrical,MEDIUM,,,,,Unit A,Valve,synthetic,,,,retrained staff,True,[Oct 26] Report by W-4256: Worker used incorrect gloves for manual handling task. Supervisor corrected the action.
32faa8d1-8d61-42d3-a90b-e0ea0b044698,[Oct 28] Report by W-5884: Small oil spill near Pump at Unit B. Cleaned up promptly.,Unsafe Act,NO,Working at Height,LOW,,,,,Unit B,Pump,synthetic,,colleague intervened,,,False,[Oct 28] Report by W-5884: Small oil spill near Pump at Unit B. Cleaned up promptly.
a8450d96-8d9d-4b17-b80e-c2ea3ace093e,[Oct 19] Report by W-9482: Worker observed not wearing safety glasses at Refinery Sector 4.,Unsafe Condition,NO,Working at Height,MEDIUM,,,,,Refinery Sector 4,Pump,synthetic,stopped work,,cleaned up,,True,[Oct 19] Report by W-9482: Worker observed not wearing safety glasses at Refinery Sector 4.
59be958b-2d43-4163-a0f6-242011563ed9,[Oct 1] Report by W-8327: Worker used incorrect gloves for manual handling task. Supervisor corrected the action.,Unsafe Condition,NO,Energy Isolation,MEDIUM,,,,,Unit A,Electrical Panel,synthetic,,supervisor intervened,replaced equipment,retrained staff,,[Oct 1] Report by W-8327: Worker used incorrect gloves for manual handling task. Supervisor corrected the action.
17f02e1f-ec44-4404-aa1a-b76f0a6b6124,[Oct 5] Report by W-3495: Worker observed not wearing safety glasses at Refinery Sector 4.,Unsafe Condition,NO,Confined Space,MEDIUM,,,,,Refinery Sector 4,Compressor,synthetic,reported to supervisor,colleague intervened,,retrained staff,False,[Oct 5] Report by W-3495: Worker observed not wearing safety glasses at Refinery Sector 4.
54dc3694-173d-4c83-84c7-b5d2c365ceef,[Oct 1] Report by W-4390: Worker observed not wearing safety glasses at Unit A.,Unsafe Act,NO,Working at Height,MEDIUM,,,,,Unit A,Valve,synthetic,,colleague intervened,replaced equipment,updated procedures,True,[Oct 1] Report by W-4390: Worker observed not wearing safety glasses at Unit A.
43054f5f-0392-4e10-9905-6864d129a01a,[Oct 4] Report by W-7523: Small oil spill near Heat Exchanger at Offshore Platform 1. Cleaned up promptly.,Unsafe Act,NO,Manual Handling,MEDIUM,,,,,Offshore Platform 1,Heat Exchanger,synthetic,reported to supervisor,colleague intervened,,,True,[Oct 4] Report by W-7523: Small oil spill near Heat Exchanger at Offshore Platform 1. Cleaned up promptly.
5474fcae-73f8-4991-af77-1296c2ea73d4,[Oct 25] Report by W-5730: Small oil spill near Electrical Panel at Unit B. Cleaned up promptly.,Unsafe Act,NO,Pressure,LOW,,,,,Unit B,Electrical Panel,synthetic,,,cleaned up,,,[Oct 25] Report by W-5730: Small oil spill near Electrical Panel at Unit B. Cleaned up promptly.
2242a173-5bbe-403b-962b-5fd24413d83d,[Oct 13] Report by W-3815: Trip hazard due to loose cables near Heat Exchanger. Cables were immediately organized.,Unsafe Act,NO,Slips/Trips,MEDIUM,,,,,Refinery Sector 4,Heat Exchanger,synthetic,stopped work,,cleaned up,,False,[Oct 13] Report by W-3815: Trip hazard due to loose cables near Heat Exchanger. Cables were immediately organized.
81b43ca0-3a0f-4898-a645-d3a1e7356b01,[Oct 21] Report by W-7238: Worker observed not wearing safety glasses at Unit A.,Unsafe Condition,NO,Manual Handling,LOW,,,,,Unit A,Pump,synthetic,stopped work,,cleaned up,retrained staff,,[Oct 21] Report by W-7238: Worker observed not wearing safety glasses at Unit A.
be46070f-5d3b-403f-8daa-8fa3dbb663eb,<div><p>[Oct 3] Report by W-6379: Worker observed not wearing safety glasses at Offshore Platform 1.</p></div>,Unsafe Condition,NO,Energy Isolation,LOW,,,,,Offshore Platform 1,Valve,synthetic,,supervisor intervened,,,True,[Oct 3] Report by W-6379: Worker observed not wearing safety glasses at Offshore Platform 1.
398c3cf8-3774-4dd5-872a-19c5e489b340,[Oct 27] Report by W-7686: Small oil spill near Electrical Panel at Refinery Sector 4. Cleaned up promptly.,Unsafe Condition,NO,Pressure,LOW,,,,,Refinery Sector 4,Electrical Panel,synthetic,stopped work,,cleaned up,retrained staff,True,[Oct 27] Report by W-7686: Small oil spill near Electrical Panel at Refinery Sector 4. Cleaned up promptly.
42cc2d70-5b75-4211-b80f-96ceb7a495a2,[Oct 11] Report by W-1506: Trip hazard due to loose cables near Electrical Panel. Cables were immediately organized.,Unsafe Act,NO,Pressure,MEDIUM,,,,,Unit B,Electrical Panel,synthetic,stopped work,,cleaned up,retrained staff,,[Oct 11] Report by W-1506: Trip hazard due to loose cables near Electrical Panel. Cables were immediately organized.
9c680c06-f3e9-432c-9ea6-e7fdc09728e3,[Oct 13] Report by W-4574: Worker observed not wearing safety glasses at Refinery Sector 4.,Unsafe Act,NO,Confined Space,MEDIUM,,,,,Refinery Sector 4,Heat Exchanger,synthetic,reported to supervisor,,replaced equipment,retrained staff,True,[Oct 13] Report by W-4574: Worker observed not wearing safety glasses at Refinery Sector 4.
1ff972b0-b78b-41f4-82c5-742c9657bb83,[Oct 14] Report by W-6311: Trip hazard due to loose cables near Heat Exchanger. Cables were immediately organized.,Unsafe Condition,NO,Slips/Trips,LOW,,,,,Unit A,Heat Exchanger,synthetic,,supervisor intervened,replaced equipment,updated procedures,False,[Oct 14] Report by W-6311: Trip hazard due to loose cables near Heat Exchanger. Cables were immediately organized.
d58a9f29-4dd6-46db-ad2a-2fc5bfcf422b,[Oct 6] Report by W-2500: Worker observed not wearing safety glasses at Unit A.,Unsafe Act,NO,Confined Space,LOW,,,,,Unit A,Pump,synthetic,stopped work,supervisor intervened,,,False,[Oct 6] Report by W-2500: Worker observed not wearing safety glasses at Unit A.
6eec763b-393d-4799-a0ca-09ddfddb2de1,[Oct 23] Report by W-7822: Worker observed not wearing safety glasses at Refinery Sector 4.,Unsafe Act,NO,Energy Isolation,MEDIUM,,,,,Refinery Sector 4,Valve,synthetic,stopped work,supervisor intervened,replaced equipment,,,[Oct 23] Report by W-7822: Worker observed not wearing safety glasses at Refinery Sector 4.
6efc122d-7c04-4106-8069-e1cfd8d348bb,[Oct 17] Report by W-6792: Worker used incorrect gloves for manual handling task. Supervisor corrected the action.,Unsafe Condition,NO,Working at Height,MEDIUM,,,,,Refinery Sector 4,Heat Exchanger,synthetic,,supervisor intervened,,,True,[Oct 17] Report by W-6792: Worker used incorrect gloves for manual handling task. Supervisor corrected the action.
6f297c1d-a937-4ffc-b0ff-5f1052536cab,[Oct 19] Report by W-7756: Small oil spill near Compressor at Refinery Sector 4. Cleaned up promptly.,Unsafe Condition,NO,Manual Handling,MEDIUM,,,,,Refinery Sector 4,Compressor,synthetic,reported to supervisor,colleague intervened,replaced equipment,retrained staff,,[Oct 19] Report by W-7756: Small oil spill near Compressor at Refinery Sector 4. Cleaned up promptly.
320e0906-3334-4a98-9ee1-5d3d1f3764d0,[Oct 12] Report by W-6734: Worker observed not wearing safety glasses at Refinery Sector 4.,Unsafe Condition,NO,Energy Isolation,LOW,,,,,Refinery Sector 4,Compressor,synthetic,,colleague intervened,cleaned up,,False,[Oct 12] Report by W-6734: Worker observed not wearing safety glasses at Refinery Sector 4.
9cda5004-cf5b-485f-b098-2bcbb0906a93,[Oct 14] Report by W-2954: Small oil spill near Heat Exchanger at Refinery Sector 4. Cleaned up promptly.,Unsafe Act,NO,Manual Handling,MEDIUM,,,,,Refinery Sector 4,Heat Exchanger,synthetic,reported to supervisor,supervisor intervened,replaced equipment,,False,[Oct 14] Report by W-2954: Small oil spill near Heat Exchanger at Refinery Sector 4. Cleaned up promptly.
3c5e898f-aab8-4aea-92f1-328c25c274c1,[Oct 22] Report by W-3570: Small oil spill near Valve at Unit A. Cleaned up promptly.,Unsafe Act,NO,Electrical,MEDIUM,,,,,Unit A,Valve,synthetic,,supervisor intervened,replaced equipment,retrained staff,False,[Oct 22] Report by W-3570: Small oil spill near Valve at Unit A. Cleaned up promptly.
eb09b061-8790-49c7-aa1a-ed142e8e8238,"[Oct 11] Report by W-3567: While working at Unit A, worker was at height without fall protection. Serious risk of fatal fall.",Near Miss,YES,Pressure,CRITICAL,,,,,Unit A,Pump,synthetic,reported to supervisor,supervisor intervened,replaced equipment,retrained staff,True,"[Oct 11] Report by W-3567: While working at Unit A, worker was at height without fall protection. Serious risk of fatal fall."
d24c9ee9-f6e6-45f3-b958-726f614285a6,[Oct 12] Report by W-1781: Worker used incorrect gloves for manual handling task. Supervisor corrected the action.,Unsafe Condition,NO,Slips/Trips,LOW,,,,,Unit B,Valve,synthetic,reported to supervisor,,cleaned up,retrained staff,False,[Oct 12] Report by W-1781: Worker used incorrect gloves for manual handling task. Supervisor corrected the action.
3d634871-2b8b-48d1-b6a8-a093c2dc9491,[Oct 9] Report by W-5129: Worker observed not wearing safety glasses at Unit A.,Unsafe Condition,NO,Slips/Trips,LOW,,,,,Unit A,Valve,synthetic,,,,retrained staff,,[Oct 9] Report by W-5129: Worker observed not wearing safety glasses at Unit A.
e320aead-cb2f-4710-a39b-9ad91739df50,[Oct 19] Report by W-8986: Worker observed not wearing safety glasses at Unit A.,Unsafe Act,NO,Electrical,MEDIUM,,,,,Unit A,Valve,synthetic,reported to supervisor,supervisor intervened,cleaned up,retrained staff,False,[Oct 19] Report by W-8986: Worker observed not wearing safety glasses at Unit A.
2917521c-03b2-416b-8861-8b840bc1631a,[Oct 22] Report by W-6525: Worker used incorrect gloves for manual handling task. Supervisor corrected the action.,Unsafe Condition,NO,Working at Height,MEDIUM,,,,,Offshore Platform 1,Electrical Panel,synthetic,stopped work,supervisor intervened,replaced equipment,retrained staff,True,[Oct 22] Report by W-6525: Worker used incorrect gloves for manual handling task. Supervisor corrected the action.
759b4870-3364-4fdd-9042-d66bc6fd9071,[Oct 23] Report by W-2065: Worker observed not wearing safety glasses at Unit B.,Unsafe Act,NO,Slips/Trips,LOW,,,,,Unit B,Pump,synthetic,reported to supervisor,supervisor intervened,cleaned up,updated procedures,,[Oct 23] Report by W-2065: Worker observed not wearing safety glasses at Unit B.
eab6d4ea-afe2-453e-b5e9-9f8dc01a9797,[Oct 2] Report by W-6008: Trip hazard due to loose cables near Heat Exchanger. Cables were immediately organized.,Unsafe Act,NO,Electrical,LOW,,,,,Refinery Sector 4,Heat Exchanger,synthetic,stopped work,supervisor intervened,,updated procedures,,[Oct 2] Report by W-6008: Trip hazard due to loose cables near Heat Exchanger. Cables were immediately organized.
b316ae76-3d8d-4ef4-b63a-2148802f0905,"[Oct 22] Report by W-8071: While working at Offshore Platform 1, worker was at height without fall protection. Serious risk of fatal fall.",Near Miss,YES,Energy Isolation,CRITICAL,,,,,Offshore Platform 1,Heat Exchanger,synthetic,stopped work,,,retrained staff,False,"[Oct 22] Report by W-8071: While working at Offshore Platform 1, worker was at height without fall protection. Serious risk of fatal fall."
d45b2aeb-54bc-4cde-bac9-335648eaf84f,[Oct 23] Report by W-3853: Worker used incorrect gloves for manual handling task. Supervisor corrected the action.,Unsafe Condition,NO,Pressure,MEDIUM,,,,,Unit B,Valve,synthetic,,supervisor intervened,cleaned up,updated procedures,True,[Oct 23] Report by W-3853: Worker used incorrect gloves for manual handling task. Supervisor corrected the action.
1faeceb5-d9f1-4ecf-b880-fdaaf87eb421,[Oct 24] Report by W-5317: Worker used incorrect gloves for manual handling task. Supervisor corrected the action.,Unsafe Condition,NO,Manual Handling,LOW,,,,,Unit A,Compressor,synthetic,reported to supervisor,colleague intervened,replaced equipment,,False,[Oct 24] Report by W-5317: Worker used incorrect gloves for manual handling task. Supervisor corrected the action.
ac45a0ad-c20e-4a7c-95aa-3d7ae3ef18c6,[Oct 27] Report by W-1486: Worker used incorrect gloves for manual handling task. Supervisor corrected the action.,Unsafe Condition,NO,Pressure,MEDIUM,,,,,Refinery Sector 4,Pump,synthetic,reported to supervisor,,replaced equipment,updated procedures,True,[Oct 27] Report by W-1486: Worker used incorrect gloves for manual handling task. Supervisor corrected the action.
6256ecb6-b6c9-46ad-a0f7-c2dd1bac584c,[Oct 15] Report by W-2238: Trip hazard due to loose cables near Electrical Panel. Cables were immediately organized.,Unsafe Act,NO,Electrical,LOW,,,,,Offshore Platform 1,Electrical Panel,synthetic,reported to supervisor,,,,True,[Oct 15] Report by W-2238: Trip hazard due to loose cables near Electrical Panel. Cables were immediately organized.
ef5022d4-406b-42d4-9105-ab3f5f263ea7,[Oct 15] Report by W-3602: Trip hazard due to loose cables near Heat Exchanger. Cables were immediately organized.,Unsafe Condition,NO,Working at Height,LOW,,,,,Unit A,Heat Exchanger,synthetic,reported to supervisor,,cleaned up,,False,[Oct 15] Report by W-3602: Trip hazard due to loose cables near Heat Exchanger. Cables were immediately organized.
54628995-b4fe-4b29-b778-41ccce307111,[Oct 26] Report by W-6345: Trip hazard due to loose cables near Valve. Cables were immediately organized.,Unsafe Condition,NO,Electrical,LOW,,,,,Unit B,Valve,synthetic,reported to supervisor,colleague intervened,replaced equipment,,,[Oct 26] Report by W-6345: Trip hazard due to loose cables near Valve. Cables were immediately organized.
0cce9409-f9ab-44e1-bb9f-53ec4cdc6a9c,[Oct 27] Report by W-5592: Worker observed not wearing safety glasses at Refinery Sector 4.,Unsafe Condition,NO,Manual Handling,LOW,,,,,Refinery Sector 4,Compressor,synthetic,reported to supervisor,supervisor intervened,replaced equipment,,False,[Oct 27] Report by W-5592: Worker observed not wearing safety glasses at Refinery Sector 4.
f4273a94-1376-4986-885b-aee4bdc66e7e,[Oct 5] Report by W-1872: Worker observed not wearing safety glasses at Unit B.,Unsafe Act,NO,Energy Isolation,LOW,,,,,Unit B,Electrical Panel,synthetic,stopped work,supervisor intervened,,retrained staff,True,[Oct 5] Report by W-1872: Worker observed not wearing safety glasses at Unit B.
77bb1853-d05a-4f6e-8a58-61a673dae0d0,[Oct 12] Report by W-5141: Small oil spill near Pump at Unit A. Cleaned up promptly.,Unsafe Condition,NO,Electrical,LOW,,,,,Unit A,Pump,synthetic,reported to supervisor,,replaced equipment,retrained staff,False,[Oct 12] Report by W-5141: Small oil spill near Pump at Unit A. Cleaned up promptly.
fbac9296-343a-4c36-8251-5b3054feab5b,[Oct 3] Report by W-4372: Worker used incorrect gloves for manual handling task. Supervisor corrected the action.,Unsafe Condition,NO,Electrical,MEDIUM,,,,,Unit B,Pump,synthetic,,colleague intervened,cleaned up,,False,[Oct 3] Report by W-4372: Worker used incorrect gloves for manual handling task. Supervisor corrected the action.
65255b27-7296-4319-b7cb-c2193759004f,[Oct 5] Report by W-7887: Trip hazard due to loose cables near Pump. Cables were immediately organized.,Unsafe Condition,NO,Pressure,MEDIUM,,,,,Offshore Platform 1,Pump,synthetic,,colleague intervened,,retrained staff,True,[Oct 5] Report by W-7887: Trip hazard due to loose cables near Pump. Cables were immediately organized.
f4877254-fa8d-4999-84de-f24d92435553,[Oct 12] Report by W-8189: Worker used incorrect gloves for manual handling task. Supervisor corrected the action.,Unsafe Act,NO,Confined Space,MEDIUM,,,,,Unit B,Compressor,synthetic,reported to supervisor,supervisor intervened,cleaned up,,,[Oct 12] Report by W-8189: Worker used incorrect gloves for manual handling task. Supervisor corrected the action.
559cfc2e-c3e6-4eb0-9546-0fd295cf005b,[Oct 17] Report by W-1761: Worker observed not wearing safety glasses at Refinery Sector 4.,Unsafe Condition,NO,Pressure,MEDIUM,,,,,Refinery Sector 4,Compressor,synthetic,stopped work,supervisor intervened,cleaned up,,False,[Oct 17] Report by W-1761: Worker observed not wearing safety glasses at Refinery Sector 4.
34088382-bdb3-4871-b8b8-cec368420fb4,[Oct 27] Report by W-3248: Trip hazard due to loose cables near Pump. Cables were immediately organized.,Unsafe Act,NO,Manual Handling,LOW,,,,,Unit B,Pump,synthetic,stopped work,supervisor intervened,,retrained staff,False,[Oct 27] Report by W-3248: Trip hazard due to loose cables near Pump. Cables were immediately organized.
54893ebd-d00e-4abc-8514-b5d17df9bc4f,[Oct 26] Report by W-5118: Worker used incorrect gloves for manual handling task. Supervisor corrected the action.,Unsafe Condition,NO,Electrical,MEDIUM,,,,,Offshore Platform 1,Valve,synthetic,reported to supervisor,,cleaned up,updated procedures,True,[Oct 26] Report by W-5118: Worker used incorrect gloves for manual handling task. Supervisor corrected the action.
e424e405-0e00-4ace-a9e7-472812488f9e,[Oct 28] Report by W-8762: Small oil spill near Pump at Refinery Sector 4. Cleaned up promptly.,Unsafe Act,NO,Slips/Trips,LOW,,,,,Refinery Sector 4,Pump,synthetic,reported to supervisor,colleague intervened,,,True,[Oct 28] Report by W-8762: Small oil spill near Pump at Refinery Sector 4. Cleaned up promptly.
9863aee8-76df-4a85-8eaa-4d8453f6d6dc,[Oct 3] Report by W-6976: Small oil spill near Electrical Panel at Unit B. Cleaned up promptly.,Unsafe Condition,NO,Confined Space,LOW,,,,,Unit B,Electrical Panel,synthetic,stopped work,,,,True,[Oct 3] Report by W-6976: Small oil spill near Electrical Panel at Unit B. Cleaned up promptly.
ae80e313-344b-4a52-ae39-79b64a0075b4,[Oct 10] Report by W-1348: Worker used incorrect gloves for manual handling task. Supervisor corrected the action.,Unsafe Condition,NO,Energy Isolation,MEDIUM,,,,,Refinery Sector 4,Compressor,synthetic,reported to supervisor,colleague intervened,cleaned up,,False,[Oct 10] Report by W-1348: Worker used incorrect gloves for manual handling task. Supervisor corrected the action.
ca16a3bc-4996-4aba-b8f9-a49a2a4cb7b9,[Oct 3] Report by W-6701: Worker used incorrect gloves for manual handling task. Supervisor corrected the action.,Unsafe Act,NO,Pressure,LOW,,,,,Refinery Sector 4,Pump,synthetic,stopped work,,cleaned up,,False,[Oct 3] Report by W-6701: Worker used incorrect gloves for manual handling task. Supervisor corrected the action.
011b32be-d34f-48d7-8afd-80bc830d540b,[Oct 14] Report by W-5659: Small oil spill near Heat Exchanger at Offshore Platform 1. Cleaned up promptly.,Unsafe Act,NO,Manual Handling,MEDIUM,,,,,Offshore Platform 1,Heat Exchanger,synthetic,,,cleaned up,retrained staff,True,[Oct 14] Report by W-5659: Small oil spill near Heat Exchanger at Offshore Platform 1. Cleaned up promptly.
f0e3601c-5d67-4211-972a-73ea2ec8cb9d,[Oct 28] Report by W-8197: Worker observed not wearing safety glasses at Refinery Sector 4.,Unsafe Act,NO,Working at Height,MEDIUM,,,,,Refinery Sector 4,Valve,synthetic,,supervisor intervened,replaced equipment,retrained staff,False,[Oct 28] Report by W-8197: Worker observed not wearing safety glasses at Refinery Sector 4.
0c78e462-9307-42f6-a698-73ae208f7440,[Oct 8] Report by W-7970: Worker observed not wearing safety glasses at Refinery Sector 4.,Unsafe Act,NO,Electrical,MEDIUM,,,,,Refinery Sector 4,Compressor,synthetic,reported to supervisor,,,updated procedures,,[Oct 8] Report by W-7970: Worker observed not wearing safety glasses at Refinery Sector 4.
ea49faae-9642-45cf-b455-819faedf351c,[Oct 21] Report by W-6080: Worker used incorrect gloves for manual handling task. Supervisor corrected the action.,Unsafe Condition,NO,Working at Height,MEDIUM,,,,,Offshore Platform 1,Electrical Panel,synthetic,stopped work,,cleaned up,updated procedures,False,[Oct 21] Report by W-6080: Worker used incorrect gloves for manual handling task. Supervisor corrected the action.
c5301346-73e6-4d49-bb08-0be514df6951,[Oct 12] Report by W-8309: Trip hazard due to loose cables near Heat Exchanger. Cables were immediately organized.,Unsafe Condition,NO,Working at Height,LOW,,,,,Refinery Sector 4,Heat Exchanger,synthetic,reported to supervisor,colleague intervened,,,True,[Oct 12] Report by W-8309: Trip hazard due to loose cables near Heat Exchanger. Cables were immediately organized.
3854dab5-3ba8-44c8-8b80-c1da76d009d8,[Oct 22] Report by W-9681: Worker used incorrect gloves for manual handling task. Supervisor corrected the action.,Unsafe Act,NO,Manual Handling,MEDIUM,,,,,Unit B,Electrical Panel,synthetic,,colleague intervened,cleaned up,,False,[Oct 22] Report by W-9681: Worker used incorrect gloves for manual handling task. Supervisor corrected the action.
fb96bd25-b957-4618-b04a-6f11c630eac8,[Oct 3] Report by W-3272: Trip hazard due to loose cables near Compressor. Cables were immediately organized.,Unsafe Condition,NO,Electrical,MEDIUM,,,,,Offshore Platform 1,Compressor,synthetic,reported to supervisor,colleague intervened,,updated procedures,False,[Oct 3] Report by W-3272: Trip hazard due to loose cables near Compressor. Cables were immediately organized.
12292335-1441-4cf9-b894-5d72a3d01693,[Oct 14] Report by W-2841: Worker observed not wearing safety glasses at Refinery Sector 4.,Unsafe Act,NO,Working at Height,LOW,,,,,Refinery Sector 4,Heat Exchanger,synthetic,,colleague intervened,replaced equipment,,,[Oct 14] Report by W-2841: Worker observed not wearing safety glasses at Refinery Sector 4.
8d8c7fd6-e6c9-4278-a044-f635fffd1814,[Oct 11] Report by W-5753: Worker observed not wearing safety glasses at Unit B.,Unsafe Condition,NO,Working at Height,LOW,,,,,Unit B,Pump,synthetic,stopped work,colleague intervened,cleaned up,,True,[Oct 11] Report by W-5753: Worker observed not wearing safety glasses at Unit B.
abfeafb7-335e-45ae-be26-768ccdb0ca32,[Oct 12] Report by W-5253: Trip hazard due to loose cables near Heat Exchanger. Cables were immediately organized.,Unsafe Act,NO,Energy Isolation,LOW,,,,,Refinery Sector 4,Heat Exchanger,synthetic,reported to supervisor,supervisor intervened,,,False,[Oct 12] Report by W-5253: Trip hazard due to loose cables near Heat Exchanger. Cables were immediately organized.
999d4bde-a23f-448e-b726-19ac6d5a412b,[Oct 22] Report by W-6973: Small oil spill near Electrical Panel at Refinery Sector 4. Cleaned up promptly.,Unsafe Act,NO,Working at Height,LOW,,,,,Refinery Sector 4,Electrical Panel,synthetic,stopped work,colleague intervened,replaced equipment,,False,[Oct 22] Report by W-6973: Small oil spill near Electrical Panel at Refinery Sector 4. Cleaned up promptly.
c8d7df3c-e2f9-44e5-950f-5a1c947508eb,[Oct 6] Report by W-2061: Worker observed not wearing safety glasses at Offshore Platform 1.,Unsafe Condition,NO,Working at Height,LOW,,,,,Offshore Platform 1,Compressor,synthetic,,colleague intervened,replaced equipment,updated procedures,False,[Oct 6] Report by W-2061: Worker observed not wearing safety glasses at Offshore Platform 1.
6b8580f7-ed34-4154-af02-985fe5c9d5c3,[Oct 20] Report by W-1780: Worker used incorrect gloves for manual handling task. Supervisor corrected the action.,Unsafe Act,NO,Electrical,MEDIUM,,,,,Offshore Platform 1,Compressor,synthetic,,,cleaned up,updated procedures,,[Oct 20] Report by W-1780: Worker used incorrect gloves for manual handling task. Supervisor corrected the action.
c2d96199-ee10-4e74-8f6a-d40a12c45f87,[Oct 19] Report by W-6969: Trip hazard due to loose cables near Compressor. Cables were immediately organized.,Unsafe Condition,NO,Slips/Trips,LOW,,,,,Refinery Sector 4,Compressor,synthetic,reported to supervisor,,,retrained staff,False,[Oct 19] Report by W-6969: Trip hazard due to loose cables near Compressor. Cables were immediately organized.
ecdd073a-b2f2-4cd3-b493-ca3ebd6f6fe7,[Oct 23] Report by W-9047: Worker observed not wearing safety glasses at Unit B.,Unsafe Condition,NO,Slips/Trips,LOW,,,,,Unit B,Compressor,synthetic,,,,retrained staff,,[Oct 23] Report by W-9047: Worker observed not wearing safety glasses at Unit B.
011c20ee-3b2c-4985-9f95-9419fd2ecd25,[Oct 7] Report by W-3544: Trip hazard due to loose cables near Valve. Cables were immediately organized.,Unsafe Condition,NO,Energy Isolation,LOW,,,,,Unit B,Valve,synthetic,stopped work,,replaced equipment,retrained staff,,[Oct 7] Report by W-3544: Trip hazard due to loose cables near Valve. Cables were immediately organized.
05fbae22-1455-4d05-bbb8-2f47d252d514,[Oct 22] Report by W-8424: Trip hazard due to loose cables near Electrical Panel. Cables were immediately organized.,Unsafe Act,NO,Electrical,LOW,,,,,Unit B,Electrical Panel,synthetic,reported to supervisor,,replaced equipment,retrained staff,False,[Oct 22] Report by W-8424: Trip hazard due to loose cables near Electrical Panel. Cables were immediately organized.
c5e804eb-b40f-480b-bb14-26d0e0d3e697,[Oct 25] Report by W-9650: Trip hazard due to loose cables near Electrical Panel. Cables were immediately organized.,Unsafe Act,NO,Pressure,LOW,,,,,Unit A,Electrical Panel,synthetic,reported to supervisor,colleague intervened,replaced equipment,,,[Oct 25] Report by W-9650: Trip hazard due to loose cables near Electrical Panel. Cables were immediately organized.
c1bcea63-0a8a-42ae-b357-e588e44b7f7a,[Oct 9] Report by W-8415: Worker observed not wearing safety glasses at Refinery Sector 4.,Unsafe Act,NO,Electrical,LOW,,,,,Refinery Sector 4,Electrical Panel,synthetic,,,cleaned up,retrained staff,False,[Oct 9] Report by W-8415: Worker observed not wearing safety glasses at Refinery Sector 4.
db9109cc-9c6d-4096-bd35-16cb2f144b15,[Oct 9] Report by W-1520: Worker observed not wearing safety glasses at Unit A.,Unsafe Act,NO,Pressure,MEDIUM,,,,,Unit A,Pump,synthetic,,supervisor intervened,cleaned up,retrained staff,False,[Oct 9] Report by W-1520: Worker observed not wearing safety glasses at Unit A.
9f9ecd81-a1a7-4f63-b3f7-fc679e889d6d,[Oct 7] Report by W-1237: Small oil spill near Heat Exchanger at Offshore Platform 1. Cleaned up promptly.,Unsafe Condition,NO,Slips/Trips,LOW,,,,,Offshore Platform 1,Heat Exchanger,synthetic,stopped work,,,retrained staff,True,[Oct 7] Report by W-1237: Small oil spill near Heat Exchanger at Offshore Platform 1. Cleaned up promptly.
af452487-1705-4040-951a-926d609bce4c,[Oct 3] Report by W-2807: Worker used incorrect gloves for manual handling task. Supervisor corrected the action.,Unsafe Condition,NO,Electrical,MEDIUM,,,,,Unit B,Compressor,synthetic,stopped work,supervisor intervened,cleaned up,updated procedures,,[Oct 3] Report by W-2807: Worker used incorrect gloves for manual handling task. Supervisor corrected the action.
bd13764c-5010-467a-8745-d5838fab3ab5,[Oct 26] Report by W-9734: Worker observed not wearing safety glasses at Offshore Platform 1.,Unsafe Condition,NO,Pressure,MEDIUM,,,,,Offshore Platform 1,Valve,synthetic,,,replaced equipment,updated procedures,False,[Oct 26] Report by W-9734: Worker observed not wearing safety glasses at Offshore Platform 1.
4ff9b9c8-8fd7-4b3e-ab6b-96ebc75962c7,[Oct 17] Report by W-2202: Small oil spill near Heat Exchanger at Unit B. Cleaned up promptly.,Unsafe Act,NO,Slips/Trips,LOW,,,,,Unit B,Heat Exchanger,synthetic,,,,retrained staff,False,[Oct 17] Report by W-2202: Small oil spill near Heat Exchanger at Unit B. Cleaned up promptly.
96dd9332-52fb-450d-a082-58274e34f5d0,[Oct 22] Report by W-6030: Worker used incorrect gloves for manual handling task. Supervisor corrected the action.,Unsafe Act,NO,Slips/Trips,LOW,,,,,Unit A,Electrical Panel,synthetic,stopped work,colleague intervened,replaced equipment,retrained staff,,[Oct 22] Report by W-6030: Worker used incorrect gloves for manual handling task. Supervisor corrected the action.
1ed84d6e-8cfd-45ce-bac9-4451d7717aeb,[Oct 15] Report by W-7628: Worker used incorrect gloves for manual handling task. Supervisor corrected the action.,Unsafe Act,NO,Energy Isolation,LOW,,,,,Unit B,Compressor,synthetic,,supervisor intervened,cleaned up,retrained staff,False,[Oct 15] Report by W-7628: Worker used incorrect gloves for manual handling task. Supervisor corrected the action.
0478b8d7-642d-49ea-a715-30f4cc4f757b,[Oct 5] Report by W-6825: Trip hazard due to loose cables near Electrical Panel. Cables were immediately organized.,Unsafe Condition,NO,Electrical,MEDIUM,,,,,Refinery Sector 4,Electrical Panel,synthetic,reported to supervisor,supervisor intervened,replaced equipment,,False,[Oct 5] Report by W-6825: Trip hazard due to loose cables near Electrical Panel. Cables were immediately organized.
a23d9130-94b3-4f8f-9a0b-b058b12a6bbc,[Oct 21] Report by W-6197: Worker used incorrect gloves for manual handling task. Supervisor corrected the action.,Unsafe Act,NO,Electrical,LOW,,,,,Offshore Platform 1,Compressor,synthetic,,supervisor intervened,cleaned up,retrained staff,False,[Oct 21] Report by W-6197: Worker used incorrect gloves for manual handling task. Supervisor corrected the action.
eed4c08c-7f47-41d5-9ebd-128042a30cb2,[Oct 2] Report by W-3579: Trip hazard due to loose cables near Valve. Cables were immediately organized.,Unsafe Condition,NO,Electrical,MEDIUM,,,,,Refinery Sector 4,Valve,synthetic,,supervisor intervened,replaced equipment,,False,[Oct 2] Report by W-3579: Trip hazard due to loose cables near Valve. Cables were immediately organized.
9d4405b4-ddcf-4d9a-89fd-6353950fa2a7,[Oct 14] Report by W-2965: Small oil spill near Electrical Panel at Refinery Sector 4. Cleaned up promptly.,Unsafe Condition,NO,Manual Handling,LOW,,,,,Refinery Sector 4,Electrical Panel,synthetic,,colleague intervened,,,True,[Oct 14] Report by W-2965: Small oil spill near Electrical Panel at Refinery Sector 4. Cleaned up promptly.
e2fe5adf-6ea3-4955-a961-d38090c55096,[Oct 15] Report by W-1766: Small oil spill near Heat Exchanger at Refinery Sector 4. Cleaned up promptly.,Unsafe Act,NO,Slips/Trips,MEDIUM,,,,,Refinery Sector 4,Heat Exchanger,synthetic,reported to supervisor,supervisor intervened,cleaned up,,True,[Oct 15] Report by W-1766: Small oil spill near Heat Exchanger at Refinery Sector 4. Cleaned up promptly.
23a50e43-9ffa-49d3-88db-3c8ea472c349,[Oct 4] Report by W-4220: Small oil spill near Valve at Refinery Sector 4. Cleaned up promptly.,Unsafe Act,NO,Energy Isolation,MEDIUM,,,,,Refinery Sector 4,Valve,synthetic,stopped work,,replaced equipment,,True,[Oct 4] Report by W-4220: Small oil spill near Valve at Refinery Sector 4. Cleaned up promptly.
14434d28-7e26-4028-8499-5197ebff636e,[Oct 16] Report by W-1630: Trip hazard due to loose cables near Electrical Panel. Cables were immediately organized.,Unsafe Act,NO,Energy Isolation,MEDIUM,,,,,Offshore Platform 1,Electrical Panel,synthetic,reported to supervisor,colleague intervened,,retrained staff,True,[Oct 16] Report by W-1630: Trip hazard due to loose cables near Electrical Panel. Cables were immediately organized.
9e59649f-e7a1-4f5a-a24d-14fc651cea37,[Oct 16] Report by W-7325: Worker used incorrect gloves for manual handling task. Supervisor corrected the action.,Unsafe Condition,NO,Energy Isolation,LOW,,,,,Offshore Platform 1,Pump,synthetic,stopped work,colleague intervened,,updated procedures,,[Oct 16] Report by W-7325: Worker used incorrect gloves for manual handling task. Supervisor corrected the action.
0150dcab-c546-4164-a594-bb21ab7a5e7d,[Oct 13] Report by W-3331: Small oil spill near Electrical Panel at Refinery Sector 4. Cleaned up promptly.,Unsafe Act,NO,Energy Isolation,LOW,,,,,Refinery Sector 4,Electrical Panel,synthetic,stopped work,,cleaned up,,True,[Oct 13] Report by W-3331: Small oil spill near Electrical Panel at Refinery Sector 4. Cleaned up promptly.
938c3063-d997-464f-b157-df145a295cbf,[Oct 28] Report by W-8650: Small oil spill near Electrical Panel at Refinery Sector 4. Cleaned up promptly.,Unsafe Condition,NO,Slips/Trips,LOW,,,,,Refinery Sector 4,Electrical Panel,synthetic,,colleague intervened,replaced equipment,retrained staff,False,[Oct 28] Report by W-8650: Small oil spill near Electrical Panel at Refinery Sector 4. Cleaned up promptly.
f9d32e4c-a0f5-4d9e-b56a-d6da22c2728a,[Oct 16] Report by W-1574: Small oil spill near Electrical Panel at Offshore Platform 1. Cleaned up promptly.,Unsafe Condition,NO,Manual Handling,MEDIUM,,,,,Offshore Platform 1,Electrical Panel,synthetic,stopped work,,,retrained staff,False,[Oct 16] Report by W-1574: Small oil spill near Electrical Panel at Offshore Platform 1. Cleaned up promptly.
06787fdb-9a11-44ba-9e49-c7ef61da5b4e,[Oct 25] Report by W-7533: Line opened with residual pressure on the Heat Exchanger. High-energy release narrowly missed the operator.,Unsafe Act,YES,Working at Height,HIGH,,,,,Refinery Sector 4,Heat Exchanger,synthetic,,colleague intervened,cleaned up,retrained staff,False,[Oct 25] Report by W-7533: Line opened with residual pressure on the Heat Exchanger. High-energy release narrowly missed the operator.
de188cbe-a97f-4166-81a1-f98f386e60d2,[Oct 10] Report by W-8922: Trip hazard due to loose cables near Valve. Cables were immediately organized.,Unsafe Condition,NO,Confined Space,LOW,,,,,Offshore Platform 1,Valve,synthetic,stopped work,supervisor intervened,replaced equipment,updated procedures,,[Oct 10] Report by W-8922: Trip hazard due to loose cables near Valve. Cables were immediately organized.
b95da00d-578b-4ac0-8c7f-d40bd4178173,<div><p>[Oct 23] Report by W-9763: Worker used incorrect gloves for manual handling task. Supervisor corrected the action.</p></div>,Unsafe Condition,NO,Energy Isolation,LOW,,,,,Refinery Sector 4,Compressor,synthetic,,,replaced equipment,retrained staff,True,[Oct 23] Report by W-9763: Worker used incorrect gloves for manual handling task. Supervisor corrected the action.
23c6be7a-411e-405d-bd45-a7eec8e877a9,[Oct 14] Report by W-9252: Worker used incorrect gloves for manual handling task. Supervisor corrected the action.,Unsafe Act,NO,Manual Handling,MEDIUM,,,,,Offshore Platform 1,Heat Exchanger,synthetic,,supervisor intervened,cleaned up,retrained staff,,[Oct 14] Report by W-9252: Worker used incorrect gloves for manual handling task. Supervisor corrected the action.
8b74eef2-186f-4b27-9da4-28489749eb89,"[Oct 26] Report by W-1969: During maintenance of the Heat Exchanger at Unit B, the technician started work without isolating the equipment. The Heat Exchanger was still energized.",Unsafe Act,YES,Working at Height,HIGH,,,,,Unit B,Heat Exchanger,synthetic,reported to supervisor,,,retrained staff,,"[Oct 26] Report by W-1969: During maintenance of the Heat Exchanger at Unit B, the technician started work without isolating the equipment. The Heat Exchanger was still energized."
dc38ca27-0665-4410-bd98-7e5b93cca208,"[Oct 13] Report by W-7179: During maintenance of the Heat Exchanger at Unit A, the technician started work without isolating the equipment. The Heat Exchanger was still energized.",Unsafe Act,YES,Pressure,HIGH,,,,,Unit A,Heat Exchanger,synthetic,stopped work,,,retrained staff,,"[Oct 13] Report by W-7179: During maintenance of the Heat Exchanger at Unit A, the technician started work without isolating the equipment. The Heat Exchanger was still energized."
c2e826cf-17bc-4217-8b19-5ebc61b6448c,[Oct 22] Report by W-1724: Worker observed not wearing safety glasses at Offshore Platform 1.,Unsafe Act,NO,Energy Isolation,LOW,,,,,Offshore Platform 1,Pump,synthetic,reported to supervisor,supervisor intervened,cleaned up,updated procedures,False,[Oct 22] Report by W-1724: Worker observed not wearing safety glasses at Offshore Platform 1.
34ad5171-0f4c-4b04-99e6-295b882ae987,[Oct 23] Report by W-5529: Small oil spill near Valve at Unit B. Cleaned up promptly.,Unsafe Condition,NO,Manual Handling,MEDIUM,,,,,Unit B,Valve,synthetic,reported to supervisor,colleague intervened,,,,[Oct 23] Report by W-5529: Small oil spill near Valve at Unit B. Cleaned up promptly.
f55a9193-1b01-4d97-b9e0-e0092b1cb9fd,[Oct 22] Report by W-5675: Worker observed not wearing safety glasses at Unit B.,Unsafe Condition,NO,Electrical,LOW,,,,,Unit B,Pump,synthetic,,,cleaned up,,,[Oct 22] Report by W-5675: Worker observed not wearing safety glasses at Unit B.
790ed013-9197-4f61-9d2f-ad8666bf41c6,[Oct 13] Report by W-4667: Small oil spill near Valve at Offshore Platform 1. Cleaned up promptly.,Unsafe Condition,NO,Working at Height,MEDIUM,,,,,Offshore Platform 1,Valve,synthetic,stopped work,,,,False,[Oct 13] Report by W-4667: Small oil spill near Valve at Offshore Platform 1. Cleaned up promptly.
f7f0c347-6500-4004-abd5-d00530255ae6,[Oct 12] Report by W-2941: Worker used incorrect gloves for manual handling task. Supervisor corrected the action.,Unsafe Act,NO,Working at Height,MEDIUM,,,,,Refinery Sector 4,Valve,synthetic,stopped work,,,,,[Oct 12] Report by W-2941: Worker used incorrect gloves for manual handling task. Supervisor corrected the action.
5b138f94-6156-40e8-8434-45954e7ca946,[Oct 6] Report by W-1014: Small oil spill near Electrical Panel at Unit A. Cleaned up promptly.,Unsafe Act,NO,Working at Height,LOW,,,,,Unit A,Electrical Panel,synthetic,,,cleaned up,updated procedures,False,[Oct 6] Report by W-1014: Small oil spill near Electrical Panel at Unit A. Cleaned up promptly.
7f65bc5c-e371-4cda-9c79-94000127a303,<div><p>[Oct 23] Report by W-2453: Worker observed not wearing safety glasses at Unit A.</p></div>,Unsafe Condition,NO,Manual Handling,MEDIUM,,,,,Unit A,Compressor,synthetic,stopped work,colleague intervened,,,True,[Oct 23] Report by W-2453: Worker observed not wearing safety glasses at Unit A.
cd6b017f-8aa3-43c5-8e90-26fc3b5868e4,[Oct 5] Report by W-3153: Worker used incorrect gloves for manual handling task. Supervisor corrected the action.,Unsafe Condition,NO,Pressure,LOW,,,,,Unit B,Compressor,synthetic,stopped work,colleague intervened,replaced equipment,,,[Oct 5] Report by W-3153: Worker used incorrect gloves for manual handling task. Supervisor corrected the action.
656e82ba-b83a-4c27-a41d-914331fd88be,[Oct 19] Report by W-2816: Worker used incorrect gloves for manual handling task. Supervisor corrected the action.,Unsafe Act,NO,Slips/Trips,MEDIUM,,,,,Offshore Platform 1,Electrical Panel,synthetic,stopped work,supervisor intervened,,retrained staff,False,[Oct 19] Report by W-2816: Worker used incorrect gloves for manual handling task. Supervisor corrected the action.
f63e03b3-1c72-4172-b559-5156facd0dbc,[Oct 18] Report by W-5926: Worker observed not wearing safety glasses at Unit B.,Unsafe Act,NO,Manual Handling,LOW,,,,,Unit B,Compressor,synthetic,reported to supervisor,supervisor intervened,cleaned up,,True,[Oct 18] Report by W-5926: Worker observed not wearing safety glasses at Unit B.
546da93b-5907-449f-9443-442eb09f34b6,[Oct 5] Report by W-9046: Worker used incorrect gloves for manual handling task. Supervisor corrected the action.,Unsafe Act,NO,Manual Handling,LOW,,,,,Offshore Platform 1,Pump,synthetic,,colleague intervened,,retrained staff,True,[Oct 5] Report by W-9046: Worker used incorrect gloves for manual handling task. Supervisor corrected the action.
f36c3a3f-ef82-49f2-9686-f011afcd417b,[Oct 25] Report by W-9075: Worker used incorrect gloves for manual handling task. Supervisor corrected the action.,Unsafe Act,NO,Energy Isolation,MEDIUM,,,,,Refinery Sector 4,Heat Exchanger,synthetic,reported to supervisor,colleague intervened,replaced equipment,updated procedures,False,[Oct 25] Report by W-9075: Worker used incorrect gloves for manual handling task. Supervisor corrected the action.
95a1bf8f-ea60-4f3d-9987-4029334cb2f6,[Oct 20] Report by W-7623: Worker used incorrect gloves for manual handling task. Supervisor corrected the action.,Unsafe Act,NO,Electrical,MEDIUM,,,,,Refinery Sector 4,Pump,synthetic,stopped work,,replaced equipment,updated procedures,True,[Oct 20] Report by W-7623: Worker used incorrect gloves for manual handling task. Supervisor corrected the action.
74ee6208-7cae-4bf3-b3d2-842c7718c817,[Oct 13] Report by W-5166: Worker used incorrect gloves for manual handling task. Supervisor corrected the action.,Unsafe Condition,NO,Confined Space,MEDIUM,,,,,Unit B,Compressor,synthetic,,,,retrained staff,False,[Oct 13] Report by W-5166: Worker used incorrect gloves for manual handling task. Supervisor corrected the action.
210fd2e6-b02c-49d4-868a-dff1cddefc7a,[Oct 25] Report by W-7313: Worker used incorrect gloves for manual handling task. Supervisor corrected the action.,Unsafe Act,NO,Manual Handling,MEDIUM,,,,,Unit A,Pump,synthetic,reported to supervisor,,replaced equipment,retrained staff,True,[Oct 25] Report by W-7313: Worker used incorrect gloves for manual handling task. Supervisor corrected the action.
6d6c45f6-b19e-4e40-8e37-49b449165974,[Oct 1] Report by W-5952: Worker used incorrect gloves for manual handling task. Supervisor corrected the action.,Unsafe Act,NO,Pressure,LOW,,,,,Unit B,Valve,synthetic,,,cleaned up,retrained staff,False,[Oct 1] Report by W-5952: Worker used incorrect gloves for manual handling task. Supervisor corrected the action.
50fe8705-9112-435c-abf2-e45b18e2165d,[Oct 9] Report by W-8819: Trip hazard due to loose cables near Heat Exchanger. Cables were immediately organized.,Unsafe Condition,NO,Energy Isolation,MEDIUM,,,,,Unit B,Heat Exchanger,synthetic,reported to supervisor,,cleaned up,retrained staff,True,[Oct 9] Report by W-8819: Trip hazard due to loose cables near Heat Exchanger. Cables were immediately organized.
48bc1ccd-b61e-49d8-9e9a-da8b75c63d7d,[Oct 21] Report by W-3345: Trip hazard due to loose cables near Pump. Cables were immediately organized.,Unsafe Act,NO,Slips/Trips,LOW,,,,,Offshore Platform 1,Pump,synthetic,reported to supervisor,colleague intervened,,retrained staff,True,[Oct 21] Report by W-3345: Trip hazard due to loose cables near Pump. Cables were immediately organized.
1ef8d141-bac1-4b49-8bf1-d17269fa3af2,[Oct 9] Report by W-8392: Line opened with residual pressure on the Pump. High-energy release narrowly missed the operator.,Near Miss,YES,Energy Isolation,HIGH,,,,,Unit A,Pump,synthetic,reported to supervisor,colleague intervened,cleaned up,updated procedures,True,[Oct 9] Report by W-8392: Line opened with residual pressure on the Pump. High-energy release narrowly missed the operator.
2e65a76a-fa50-4fb0-a852-242424eddf7b,[Oct 14] Report by W-8878: Trip hazard due to loose cables near Compressor. Cables were immediately organized.,Unsafe Act,NO,Working at Height,MEDIUM,,,,,Unit B,Compressor,synthetic,,,,updated procedures,True,[Oct 14] Report by W-8878: Trip hazard due to loose cables near Compressor. Cables were immediately organized.
9a4ead10-fa33-4c04-b17f-57a0cbbc59d0,[Oct 23] Report by W-7469: Trip hazard due to loose cables near Heat Exchanger. Cables were immediately organized.,Unsafe Condition,NO,Electrical,LOW,,,,,Offshore Platform 1,Heat Exchanger,synthetic,,supervisor intervened,,updated procedures,True,[Oct 23] Report by W-7469: Trip hazard due to loose cables near Heat Exchanger. Cables were immediately organized.
e31a3b25-20aa-48ac-a29e-6a5daac092fb,[Oct 21] Report by W-8399: Trip hazard due to loose cables near Pump. Cables were immediately organized.,Unsafe Act,NO,Pressure,LOW,,,,,Unit B,Pump,synthetic,stopped work,colleague intervened,replaced equipment,,,[Oct 21] Report by W-8399: Trip hazard due to loose cables near Pump. Cables were immediately organized.
4adc6d4e-8b43-48c8-b1f2-53448a625ab3,[Oct 2] Report by W-3277: Worker observed not wearing safety glasses at Refinery Sector 4.,Unsafe Act,NO,Pressure,MEDIUM,,,,,Refinery Sector 4,Heat Exchanger,synthetic,,supervisor intervened,cleaned up,updated procedures,True,[Oct 2] Report by W-3277: Worker observed not wearing safety glasses at Refinery Sector 4.
2678aceb-4a97-4435-8183-7b2a526b7578,[Oct 15] Report by W-6151: Worker used incorrect gloves for manual handling task. Supervisor corrected the action.,Unsafe Act,NO,Slips/Trips,MEDIUM,,,,,Offshore Platform 1,Heat Exchanger,synthetic,reported to supervisor,,cleaned up,updated procedures,False,[Oct 15] Report by W-6151: Worker used incorrect gloves for manual handling task. Supervisor corrected the action.
f9481629-afa6-4fba-9667-b9befab508a4,[Oct 5] Report by W-6329: Small oil spill near Electrical Panel at Unit A. Cleaned up promptly.,Unsafe Act,NO,Pressure,LOW,,,,,Unit A,Electrical Panel,synthetic,reported to supervisor,,,retrained staff,True,[Oct 5] Report by W-6329: Small oil spill near Electrical Panel at Unit A. Cleaned up promptly.
2508b4a9-6670-4713-a2c1-f264132fea8b,[Oct 12] Report by W-2941: Worker observed not wearing safety glasses at Unit B.,Unsafe Act,NO,Manual Handling,MEDIUM,,,,,Unit B,Compressor,synthetic,stopped work,supervisor intervened,,retrained staff,True,[Oct 12] Report by W-2941: Worker observed not wearing safety glasses at Unit B.
ed422650-b53a-4a67-b3b0-4d01a0eef759,[Oct 20] Report by W-7533: Worker used incorrect gloves for manual handling task. Supervisor corrected the action.,Unsafe Act,NO,Slips/Trips,LOW,,,,,Offshore Platform 1,Compressor,synthetic,,,replaced equipment,updated procedures,,[Oct 20] Report by W-7533: Worker used incorrect gloves for manual handling task. Supervisor corrected the action.
bc9737b4-36bb-412d-b303-b0b6a4b5af2c,[Oct 17] Report by W-3259: Worker observed not wearing safety glasses at Unit B.,Unsafe Condition,NO,Manual Handling,LOW,,,,,Unit B,Pump,synthetic,reported to supervisor,,cleaned up,updated procedures,False,[Oct 17] Report by W-3259: Worker observed not wearing safety glasses at Unit B.
f98dc280-7324-4d39-b55a-3993b9996c73,[Oct 15] Report by W-6861: Worker observed not wearing safety glasses at Refinery Sector 4.,Unsafe Condition,NO,Manual Handling,LOW,,,,,Refinery Sector 4,Pump,synthetic,,colleague intervened,replaced equipment,retrained staff,True,[Oct 15] Report by W-6861: Worker observed not wearing safety glasses at Refinery Sector 4.
20bce13a-c280-421c-87e6-e4d8b6c12456,[Oct 15] Report by W-1356: Worker observed not wearing safety glasses at Refinery Sector 4.,Unsafe Act,NO,Manual Handling,LOW,,,,,Refinery Sector 4,Valve,synthetic,,supervisor intervened,,updated procedures,True,[Oct 15] Report by W-1356: Worker observed not wearing safety glasses at Refinery Sector 4.
5a85ee3c-e9cd-4f2f-a7dd-9684304aeebd,[Oct 10] Report by W-7865: Worker observed not wearing safety glasses at Unit A.,Unsafe Act,NO,Electrical,MEDIUM,,,,,Unit A,Electrical Panel,synthetic,,colleague intervened,,updated procedures,,[Oct 10] Report by W-7865: Worker observed not wearing safety glasses at Unit A.
aceb8e35-a07d-4724-8fc7-c5dea65b3f3d,[Oct 9] Report by W-9750: Small oil spill near Heat Exchanger at Refinery Sector 4. Cleaned up promptly.,Unsafe Condition,NO,Energy Isolation,LOW,,,,,Refinery Sector 4,Heat Exchanger,synthetic,stopped work,,,,,[Oct 9] Report by W-9750: Small oil spill near Heat Exchanger at Refinery Sector 4. Cleaned up promptly.
af239b5e-4b03-4552-8a91-8d81f9459939,[Oct 22] Report by W-7115: Trip hazard due to loose cables near Electrical Panel. Cables were immediately organized.,Unsafe Condition,NO,Confined Space,LOW,,,,,Unit A,Electrical Panel,synthetic,reported to supervisor,colleague intervened,replaced equipment,retrained staff,,[Oct 22] Report by W-7115: Trip hazard due to loose cables near Electrical Panel. Cables were immediately organized.
93541faa-19f7-4db4-89ac-e4012abce453,[Oct 8] Report by W-9423: Worker observed not wearing safety glasses at Offshore Platform 1.,Unsafe Condition,NO,Pressure,MEDIUM,,,,,Offshore Platform 1,Electrical Panel,synthetic,reported to supervisor,colleague intervened,,updated procedures,True,[Oct 8] Report by W-9423: Worker observed not wearing safety glasses at Offshore Platform 1.
e6a195e4-b7a4-4992-a686-a80b5e4fa797,[Oct 19] Report by W-5067: Trip hazard due to loose cables near Compressor. Cables were immediately organized.,Unsafe Act,NO,Pressure,MEDIUM,,,,,Unit A,Compressor,synthetic,,,,updated procedures,,[Oct 19] Report by W-5067: Trip hazard due to loose cables near Compressor. Cables were immediately organized.
f0df58b6-43e2-4e5e-8a5b-33e4bff8c8c6,[Oct 23] Report by W-9922: Worker observed not wearing safety glasses at Unit A.,Unsafe Condition,NO,Working at Height,MEDIUM,,,,,Unit A,Compressor,synthetic,stopped work,,,,False,[Oct 23] Report by W-9922: Worker observed not wearing safety glasses at Unit A.
cee565a5-c9f2-4f7e-9843-c3fab94c6993,[Oct 10] Report by W-6800: Trip hazard due to loose cables near Compressor. Cables were immediately organized.,Unsafe Act,NO,Electrical,LOW,,,,,Refinery Sector 4,Compressor,synthetic,,supervisor intervened,cleaned up,retrained staff,,[Oct 10] Report by W-6800: Trip hazard due to loose cables near Compressor. Cables were immediately organized.
d8a3cd63-bc3c-4c78-9415-1fab6c148ef0,[Oct 20] Report by W-7630: Trip hazard due to loose cables near Compressor. Cables were immediately organized.,Unsafe Condition,NO,Pressure,MEDIUM,,,,,Offshore Platform 1,Compressor,synthetic,,colleague intervened,cleaned up,,,[Oct 20] Report by W-7630: Trip hazard due to loose cables near Compressor. Cables were immediately organized.
db3d8d8f-d9bb-454d-8a7c-8673c2de8216,[Oct 5] Report by W-9365: Worker used incorrect gloves for manual handling task. Supervisor corrected the action.,Unsafe Condition,NO,Energy Isolation,LOW,,,,,Unit A,Compressor,synthetic,,colleague intervened,,updated procedures,True,[Oct 5] Report by W-9365: Worker used incorrect gloves for manual handling task. Supervisor corrected the action.
f653e0ae-0e47-4bf8-86cc-3bc3d709cd81,[Oct 21] Report by W-3837: Small oil spill near Heat Exchanger at Unit B. Cleaned up promptly.,Unsafe Act,NO,Energy Isolation,MEDIUM,,,,,Unit B,Heat Exchanger,synthetic,reported to supervisor,,,updated procedures,False,[Oct 21] Report by W-3837: Small oil spill near Heat Exchanger at Unit B. Cleaned up promptly.
cb4781ef-babc-4e31-8c5a-a4c33177950d,[Oct 23] Report by W-5781: Worker observed not wearing safety glasses at Offshore Platform 1.,Unsafe Condition,NO,Manual Handling,MEDIUM,,,,,Offshore Platform 1,Electrical Panel,synthetic,reported to supervisor,colleague intervened,cleaned up,retrained staff,True,[Oct 23] Report by W-5781: Worker observed not wearing safety glasses at Offshore Platform 1.
182e014c-d2ec-4650-8212-f083e1ab4861,[Oct 8] Report by W-3076: Trip hazard due to loose cables near Heat Exchanger. Cables were immediately organized.,Unsafe Act,NO,Confined Space,LOW,,,,,Offshore Platform 1,Heat Exchanger,synthetic,stopped work,supervisor intervened,,updated procedures,False,[Oct 8] Report by W-3076: Trip hazard due to loose cables near Heat Exchanger. Cables were immediately organized.
30903763-7985-4dfc-96b4-eca1442ff458,[Oct 14] Report by W-6196: Worker observed not wearing safety glasses at Refinery Sector 4.,Unsafe Act,NO,Working at Height,MEDIUM,,,,,Refinery Sector 4,Compressor,synthetic,stopped work,supervisor intervened,cleaned up,retrained staff,True,[Oct 14] Report by W-6196: Worker observed not wearing safety glasses at Refinery Sector 4.
9b94ed47-cc6c-4c15-8287-32b5736a0c80,[Oct 15] Report by W-4018: Small oil spill near Pump at Unit B. Cleaned up promptly.,Unsafe Act,NO,Manual Handling,LOW,,,,,Unit B,Pump,synthetic,stopped work,,,retrained staff,True,[Oct 15] Report by W-4018: Small oil spill near Pump at Unit B. Cleaned up promptly.
b4140fc2-e43c-4923-80bb-17bf42d355ae,[Oct 3] Report by W-8556: Worker used incorrect gloves for manual handling task. Supervisor corrected the action.,Unsafe Condition,NO,Energy Isolation,MEDIUM,,,,,Refinery Sector 4,Pump,synthetic,reported to supervisor,supervisor intervened,replaced equipment,retrained staff,,[Oct 3] Report by W-8556: Worker used incorrect gloves for manual handling task. Supervisor corrected the action.
631732d7-1b4e-4b99-a158-472a4e7495dd,[Oct 1] Report by W-8379: Trip hazard due to loose cables near Pump. Cables were immediately organized.,Unsafe Act,NO,Slips/Trips,LOW,,,,,Offshore Platform 1,Pump,synthetic,stopped work,colleague intervened,cleaned up,updated procedures,True,[Oct 1] Report by W-8379: Trip hazard due to loose cables near Pump. Cables were immediately organized.
f7236f48-febf-482f-8065-5bb74a2c563b,[Oct 7] Report by W-3432: Worker observed not wearing safety glasses at Unit A.,Unsafe Condition,NO,Working at Height,MEDIUM,,,,,Unit A,Pump,synthetic,,supervisor intervened,replaced equipment,,False,[Oct 7] Report by W-3432: Worker observed not wearing safety glasses at Unit A.
ad47d68d-08c0-4798-ba96-53c1dc37f5da,[Oct 14] Report by W-5307: Small oil spill near Compressor at Refinery Sector 4. Cleaned up promptly.,Unsafe Act,NO,Electrical,MEDIUM,,,,,Refinery Sector 4,Compressor,synthetic,reported to supervisor,colleague intervened,,retrained staff,,[Oct 14] Report by W-5307: Small oil spill near Compressor at Refinery Sector 4. Cleaned up promptly.
b89d94bb-4d2c-4ebd-a7d7-9c557e49c188,[Oct 21] Report by W-6926: Trip hazard due to loose cables near Electrical Panel. Cables were immediately organized.,Unsafe Act,NO,Pressure,LOW,,,,,Refinery Sector 4,Electrical Panel,synthetic,,supervisor intervened,cleaned up,retrained staff,False,[Oct 21] Report by W-6926: Trip hazard due to loose cables near Electrical Panel. Cables were immediately organized.
683b02e2-0ad2-4e3d-af12-ca48d4233bc7,[Oct 24] Report by W-5540: Trip hazard due to loose cables near Pump. Cables were immediately organized.,Unsafe Act,NO,Working at Height,MEDIUM,,,,,Refinery Sector 4,Pump,synthetic,stopped work,colleague intervened,,,,[Oct 24] Report by W-5540: Trip hazard due to loose cables near Pump. Cables were immediately organized.
8d687a6f-8d9b-418c-a758-2fec3dc596e8,[Oct 27] Report by W-1956: Worker observed not wearing safety glasses at Refinery Sector 4.,Unsafe Condition,NO,Working at Height,LOW,,,,,Refinery Sector 4,Heat Exchanger,synthetic,reported to supervisor,colleague intervened,,retrained staff,,[Oct 27] Report by W-1956: Worker observed not wearing safety glasses at Refinery Sector 4.
6baf3afe-1ee7-492a-b4e2-b7c296d5a3da,[Oct 14] Report by W-4481: Worker observed not wearing safety glasses at Refinery Sector 4.,Unsafe Act,NO,Slips/Trips,MEDIUM,,,,,Refinery Sector 4,Compressor,synthetic,,,,,False,[Oct 14] Report by W-4481: Worker observed not wearing safety glasses at Refinery Sector 4.
5f2fede9-6500-466d-b63c-2c134ab1cc2a,[Oct 8] Report by W-4380: Trip hazard due to loose cables near Heat Exchanger. Cables were immediately organized.,Unsafe Condition,NO,Manual Handling,LOW,,,,,Refinery Sector 4,Heat Exchanger,synthetic,stopped work,colleague intervened,cleaned up,,False,[Oct 8] Report by W-4380: Trip hazard due to loose cables near Heat Exchanger. Cables were immediately organized.
39ebe0b5-3e09-41bb-aef7-0184f1cce4cf,[Oct 26] Report by W-2213: Worker used incorrect gloves for manual handling task. Supervisor corrected the action.,Unsafe Condition,NO,Manual Handling,MEDIUM,,,,,Unit A,Valve,synthetic,reported to supervisor,,replaced equipment,,True,[Oct 26] Report by W-2213: Worker used incorrect gloves for manual handling task. Supervisor corrected the action.
f2e21e75-9e66-46e2-993f-458385186d31,[Oct 6] Report by W-9577: Trip hazard due to loose cables near Pump. Cables were immediately organized.,Unsafe Condition,NO,Manual Handling,LOW,,,,,Unit A,Pump,synthetic,,colleague intervened,cleaned up,,False,[Oct 6] Report by W-9577: Trip hazard due to loose cables near Pump. Cables were immediately organized.
60aefbf5-a7d8-4ee8-a96e-6db6e7184d3d,[Oct 28] Report by W-2770: Small oil spill near Heat Exchanger at Unit B. Cleaned up promptly.,Unsafe Condition,NO,Working at Height,LOW,,,,,Unit B,Heat Exchanger,synthetic,stopped work,,replaced equipment,,False,[Oct 28] Report by W-2770: Small oil spill near Heat Exchanger at Unit B. Cleaned up promptly.
0a6195fe-2a3b-4a03-84e6-700b2bfa49e8,<div><p>[Oct 18] Report by W-4012: Trip hazard due to loose cables near Heat Exchanger. Cables were immediately organized.</p></div>,Unsafe Condition,NO,Confined Space,LOW,,,,,Unit A,Heat Exchanger,synthetic,reported to supervisor,colleague intervened,,retrained staff,False,[Oct 18] Report by W-4012: Trip hazard due to loose cables near Heat Exchanger. Cables were immediately organized.
91cd356a-c5f4-421a-a780-9b62179feaf0,[Oct 23] Report by W-3988: Trip hazard due to loose cables near Compressor. Cables were immediately organized.,Unsafe Condition,NO,Working at Height,MEDIUM,,,,,Unit A,Compressor,synthetic,stopped work,supervisor intervened,replaced equipment,retrained staff,True,[Oct 23] Report by W-3988: Trip hazard due to loose cables near Compressor. Cables were immediately organized.
3270c807-f043-409b-ac45-ea89779453ad,[Oct 6] Report by W-4469: Worker used incorrect gloves for manual handling task. Supervisor corrected the action.,Unsafe Act,NO,Electrical,LOW,,,,,Offshore Platform 1,Electrical Panel,synthetic,reported to supervisor,colleague intervened,replaced equipment,,True,[Oct 6] Report by W-4469: Worker used incorrect gloves for manual handling task. Supervisor corrected the action.
ee397ec9-e2d2-44ff-b188-bae7cc6b8df5,[Oct 15] Report by W-5256: Worker observed not wearing safety glasses at Offshore Platform 1.,Unsafe Condition,NO,Working at Height,LOW,,,,,Offshore Platform 1,Electrical Panel,synthetic,,,cleaned up,,True,[Oct 15] Report by W-5256: Worker observed not wearing safety glasses at Offshore Platform 1.
3c56d1fd-5532-4c34-8eb1-2bc148efd86a,[Oct 10] Report by W-2552: Small oil spill near Heat Exchanger at Unit A. Cleaned up promptly.,Unsafe Act,NO,Electrical,LOW,,,,,Unit A,Heat Exchanger,synthetic,reported to supervisor,colleague intervened,cleaned up,updated procedures,,[Oct 10] Report by W-2552: Small oil spill near Heat Exchanger at Unit A. Cleaned up promptly.
1f06cd4b-e763-4a37-8355-c18a92ce9749,[Oct 26] Report by W-4419: Trip hazard due to loose cables near Electrical Panel. Cables were immediately organized.,Unsafe Condition,NO,Working at Height,MEDIUM,,,,,Offshore Platform 1,Electrical Panel,synthetic,reported to supervisor,,,,True,[Oct 26] Report by W-4419: Trip hazard due to loose cables near Electrical Panel. Cables were immediately organized.
1f424a42-3acb-4a62-9a96-3709941973b3,[Oct 15] Report by W-4755: Small oil spill near Heat Exchanger at Refinery Sector 4. Cleaned up promptly.,Unsafe Act,NO,Confined Space,LOW,,,,,Refinery Sector 4,Heat Exchanger,synthetic,stopped work,colleague intervened,cleaned up,,,[Oct 15] Report by W-4755: Small oil spill near Heat Exchanger at Refinery Sector 4. Cleaned up promptly.
877ff92d-c5ac-440b-ae4a-de9a1a5499d3,[Oct 7] Report by W-8618: Worker observed not wearing safety glasses at Unit A.,Unsafe Act,NO,Working at Height,MEDIUM,,,,,Unit A,Valve,synthetic,reported to supervisor,colleague intervened,replaced equipment,,False,[Oct 7] Report by W-8618: Worker observed not wearing safety glasses at Unit A.
36f6c298-cf3f-4747-8874-39874022adf3,[Oct 25] Report by W-7526: Worker used incorrect gloves for manual handling task. Supervisor corrected the action.,Unsafe Condition,NO,Slips/Trips,MEDIUM,,,,,Unit A,Heat Exchanger,synthetic,stopped work,,cleaned up,,False,[Oct 25] Report by W-7526: Worker used incorrect gloves for manual handling task. Supervisor corrected the action.
b0d48b33-1831-4c81-8d35-1e1acc0c5fa7,[Oct 19] Report by W-4253: Small oil spill near Heat Exchanger at Refinery Sector 4. Cleaned up promptly.,Unsafe Condition,NO,Electrical,LOW,,,,,Refinery Sector 4,Heat Exchanger,synthetic,stopped work,,replaced equipment,updated procedures,True,[Oct 19] Report by W-4253: Small oil spill near Heat Exchanger at Refinery Sector 4. Cleaned up promptly.
a55da9cf-2c50-4280-befb-d9c55529b8cb,[Oct 16] Report by W-6088: Worker used incorrect gloves for manual handling task. Supervisor corrected the action.,Unsafe Act,NO,Confined Space,MEDIUM,,,,,Unit A,Electrical Panel,synthetic,reported to supervisor,,cleaned up,updated procedures,False,[Oct 16] Report by W-6088: Worker used incorrect gloves for manual handling task. Supervisor corrected the action.
bc6d1667-d6af-4524-acd4-f644152dbab1,[Oct 11] Report by W-4402: Small oil spill near Pump at Unit A. Cleaned up promptly.,Unsafe Condition,NO,Confined Space,LOW,,,,,Unit A,Pump,synthetic,,supervisor intervened,cleaned up,retrained staff,False,[Oct 11] Report by W-4402: Small oil spill near Pump at Unit A. Cleaned up promptly.
6f650e72-79e8-4a70-96ac-811261abc27c,[Oct 18] Report by W-7594: Small oil spill near Heat Exchanger at Unit B. Cleaned up promptly.,Unsafe Condition,NO,Confined Space,LOW,,,,,Unit B,Heat Exchanger,synthetic,stopped work,colleague intervened,replaced equipment,,,[Oct 18] Report by W-7594: Small oil spill near Heat Exchanger at Unit B. Cleaned up promptly.
0d598c7d-0ddc-4aed-825d-ecb4f051c00f,[Oct 20] Report by W-1973: Small oil spill near Compressor at Refinery Sector 4. Cleaned up promptly.,Unsafe Condition,NO,Confined Space,LOW,,,,,Refinery Sector 4,Compressor,synthetic,stopped work,,replaced equipment,retrained staff,False,[Oct 20] Report by W-1973: Small oil spill near Compressor at Refinery Sector 4. Cleaned up promptly.
733dc6b7-da37-4fb8-af67-0ca811425526,[Oct 15] Report by W-5422: Small oil spill near Compressor at Unit A. Cleaned up promptly.,Unsafe Condition,NO,Slips/Trips,MEDIUM,,,,,Unit A,Compressor,synthetic,reported to supervisor,colleague intervened,cleaned up,updated procedures,True,[Oct 15] Report by W-5422: Small oil spill near Compressor at Unit A. Cleaned up promptly.
bdc59833-a55a-4057-9ff2-fd7041b58f7c,[Oct 6] Report by W-9325: Small oil spill near Electrical Panel at Unit A. Cleaned up promptly.,Unsafe Condition,NO,Manual Handling,LOW,,,,,Unit A,Electrical Panel,synthetic,stopped work,,cleaned up,retrained staff,False,[Oct 6] Report by W-9325: Small oil spill near Electrical Panel at Unit A. Cleaned up promptly.
113f18e4-a9c0-4d38-b8ed-1f22c8cb8e5e,[Oct 18] Report by W-2540: Worker used incorrect gloves for manual handling task. Supervisor corrected the action.,Unsafe Condition,NO,Confined Space,MEDIUM,,,,,Refinery Sector 4,Compressor,synthetic,reported to supervisor,,cleaned up,retrained staff,,[Oct 18] Report by W-2540: Worker used incorrect gloves for manual handling task. Supervisor corrected the action.
4c0f5f58-58ce-48e5-a4af-6bab70544c81,[Oct 13] Report by W-3712: Worker used incorrect gloves for manual handling task. Supervisor corrected the action.,Unsafe Act,NO,Pressure,LOW,,,,,Unit A,Heat Exchanger,synthetic,reported to supervisor,colleague intervened,replaced equipment,,,[Oct 13] Report by W-3712: Worker used incorrect gloves for manual handling task. Supervisor corrected the action.
4198c7cb-b516-4a20-8f06-39d28e4483e1,[Oct 4] Report by W-7381: Worker used incorrect gloves for manual handling task. Supervisor corrected the action.,Unsafe Condition,NO,Manual Handling,MEDIUM,,,,,Offshore Platform 1,Valve,synthetic,stopped work,,replaced equipment,updated procedures,,[Oct 4] Report by W-7381: Worker used incorrect gloves for manual handling task. Supervisor corrected the action.
21b1854f-d755-43c1-a7f5-15d1fd7e9a11,[Oct 27] Report by W-9301: Worker observed not wearing safety glasses at Refinery Sector 4.,Unsafe Condition,NO,Energy Isolation,LOW,,,,,Refinery Sector 4,Pump,synthetic,,supervisor intervened,replaced equipment,,True,[Oct 27] Report by W-9301: Worker observed not wearing safety glasses at Refinery Sector 4.
b770104e-d828-4310-b5a0-65356b485ca5,[Oct 7] Report by W-5058: Trip hazard due to loose cables near Valve. Cables were immediately organized.,Unsafe Condition,NO,Working at Height,LOW,,,,,Unit B,Valve,synthetic,,supervisor intervened,,retrained staff,,[Oct 7] Report by W-5058: Trip hazard due to loose cables near Valve. Cables were immediately organized.
ca61494c-5f57-41b9-9166-4fa223b37c56,[Oct 5] Report by W-2889: Small oil spill near Electrical Panel at Offshore Platform 1. Cleaned up promptly.,Unsafe Act,NO,Energy Isolation,LOW,,,,,Offshore Platform 1,Electrical Panel,synthetic,reported to supervisor,supervisor intervened,replaced equipment,,,[Oct 5] Report by W-2889: Small oil spill near Electrical Panel at Offshore Platform 1. Cleaned up promptly.
4a9bc1c8-67df-469f-9af6-e87b51370336,[Oct 21] Report by W-3722: Trip hazard due to loose cables near Pump. Cables were immediately organized.,Unsafe Act,NO,Confined Space,LOW,,,,,Refinery Sector 4,Pump,synthetic,,supervisor intervened,replaced equipment,updated procedures,True,[Oct 21] Report by W-3722: Trip hazard due to loose cables near Pump. Cables were immediately organized.
b0f53c96-e872-49cf-962a-139499e11a15,[Oct 15] Report by W-9220: Worker used incorrect gloves for manual handling task. Supervisor corrected the action.,Unsafe Condition,NO,Confined Space,LOW,,,,,Refinery Sector 4,Valve,synthetic,stopped work,supervisor intervened,,retrained staff,False,[Oct 15] Report by W-9220: Worker used incorrect gloves for manual handling task. Supervisor corrected the action.
f7f55f6d-e764-4fc7-ae7e-5cc53a8e3eee,[Oct 22] Report by W-4747: Worker used incorrect gloves for manual handling task. Supervisor corrected the action.,Unsafe Condition,NO,Slips/Trips,LOW,,,,,Unit B,Pump,synthetic,stopped work,,cleaned up,,,[Oct 22] Report by W-4747: Worker used incorrect gloves for manual handling task. Supervisor corrected the action.
92da7433-19b3-434d-94ec-50327ac3efbb,[Oct 12] Report by W-6652: Worker entered the confined space at Refinery Sector 4 without conducting a gas test. No standby person was present.,Near Miss,YES,Confined Space,CRITICAL,,,,,Refinery Sector 4,Heat Exchanger,synthetic,reported to supervisor,,cleaned up,updated procedures,False,[Oct 12] Report by W-6652: Worker entered the confined space at Refinery Sector 4 without conducting a gas test. No standby person was present.
dcc39e01-06ab-49d1-978b-5ae994f048ba,[Oct 1] Report by W-4366: Worker observed not wearing safety glasses at Refinery Sector 4.,Unsafe Act,NO,Electrical,MEDIUM,,,,,Refinery Sector 4,Valve,synthetic,,supervisor intervened,,updated procedures,True,[Oct 1] Report by W-4366: Worker observed not wearing safety glasses at Refinery Sector 4.
79752a4f-0d55-4822-ae9b-d0502d58e5e8,[Oct 27] Report by W-2727: Worker used incorrect gloves for manual handling task. Supervisor corrected the action.,Unsafe Act,NO,Working at Height,MEDIUM,,,,,Offshore Platform 1,Electrical Panel,synthetic,,supervisor intervened,cleaned up,updated procedures,False,[Oct 27] Report by W-2727: Worker used incorrect gloves for manual handling task. Supervisor corrected the action.
1e59dc55-a2fe-401d-ad45-4ae8d71bb5a8,[Oct 25] Report by W-1402: Worker used incorrect gloves for manual handling task. Supervisor corrected the action.,Unsafe Act,NO,Confined Space,MEDIUM,,,,,Refinery Sector 4,Pump,synthetic,,,,retrained staff,True,[Oct 25] Report by W-1402: Worker used incorrect gloves for manual handling task. Supervisor corrected the action.
09f1846c-924a-4dbe-b361-f82a825f0f1d,[Oct 5] Report by W-4947: Worker observed not wearing safety glasses at Unit A.,Unsafe Condition,NO,Pressure,MEDIUM,,,,,Unit A,Pump,synthetic,reported to supervisor,,cleaned up,retrained staff,False,[Oct 5] Report by W-4947: Worker observed not wearing safety glasses at Unit A.
61ce23f9-739b-4e78-94c5-68388c05e270,[Oct 28] Report by W-5693: Worker used incorrect gloves for manual handling task. Supervisor corrected the action.,Unsafe Condition,NO,Electrical,LOW,,,,,Offshore Platform 1,Pump,synthetic,stopped work,colleague intervened,,,,[Oct 28] Report by W-5693: Worker used incorrect gloves for manual handling task. Supervisor corrected the action.
27bedd01-83b4-45c2-b3c5-6b5c4158f29b,[Oct 7] Report by W-8665: Worker observed not wearing safety glasses at Unit A.,Unsafe Condition,NO,Pressure,MEDIUM,,,,,Unit A,Heat Exchanger,synthetic,,supervisor intervened,replaced equipment,retrained staff,False,[Oct 7] Report by W-8665: Worker observed not wearing safety glasses at Unit A.
c21a6930-8a42-47b7-b412-428aed0c5286,[Oct 21] Report by W-3931: Worker observed not wearing safety glasses at Unit A.,Unsafe Condition,NO,Electrical,LOW,,,,,Unit A,Heat Exchanger,synthetic,stopped work,,,retrained staff,True,[Oct 21] Report by W-3931: Worker observed not wearing safety glasses at Unit A.
b6f17116-7a2f-40d1-a881-395ab3c62ef9,[Oct 2] Report by W-7398: Small oil spill near Pump at Offshore Platform 1. Cleaned up promptly.,Unsafe Condition,NO,Manual Handling,MEDIUM,,,,,Offshore Platform 1,Pump,synthetic,,supervisor intervened,cleaned up,updated procedures,False,[Oct 2] Report by W-7398: Small oil spill near Pump at Offshore Platform 1. Cleaned up promptly.
64716c7a-b736-4474-bc53-cb618d01a22c,[Oct 16] Report by W-1101: Worker observed not wearing safety glasses at Refinery Sector 4.,Unsafe Condition,NO,Working at Height,MEDIUM,,,,,Refinery Sector 4,Electrical Panel,synthetic,,,,updated procedures,True,[Oct 16] Report by W-1101: Worker observed not wearing safety glasses at Refinery Sector 4.
bd475e82-33ba-4f55-93b1-00615a1f5d93,"[Oct 3] Report by W-1533: During maintenance of the Pump at Unit A, the technician started work without isolating the equipment. The Pump was still energized.",Near Miss,YES,Energy Isolation,HIGH,,,,,Unit A,Pump,synthetic,reported to supervisor,,,updated procedures,,"[Oct 3] Report by W-1533: During maintenance of the Pump at Unit A, the technician started work without isolating the equipment. The Pump was still energized."
084a10ad-4d8e-46e5-8f80-fc4a3b769603,[Oct 1] Report by W-1582: Small oil spill near Electrical Panel at Unit B. Cleaned up promptly.,Unsafe Condition,NO,Pressure,MEDIUM,,,,,Unit B,Electrical Panel,synthetic,stopped work,colleague intervened,,retrained staff,True,[Oct 1] Report by W-1582: Small oil spill near Electrical Panel at Unit B. Cleaned up promptly.
201cf015-a035-44b2-b0de-ee735778b5f4,[Oct 21] Report by W-6328: Trip hazard due to loose cables near Compressor. Cables were immediately organized.,Unsafe Act,NO,Working at Height,LOW,,,,,Refinery Sector 4,Compressor,synthetic,,colleague intervened,,,True,[Oct 21] Report by W-6328: Trip hazard due to loose cables near Compressor. Cables were immediately organized.
ac0038d0-798b-4665-83ca-9f1dd3c6bafc,[Oct 7] Report by W-3682: Trip hazard due to loose cables near Heat Exchanger. Cables were immediately organized.,Unsafe Condition,NO,Working at Height,LOW,,,,,Offshore Platform 1,Heat Exchanger,synthetic,stopped work,,cleaned up,retrained staff,True,[Oct 7] Report by W-3682: Trip hazard due to loose cables near Heat Exchanger. Cables were immediately organized.
6bc13fa8-b324-4389-b3c3-8c4f8ba4e40d,<div><p>[Oct 15] Report by W-5033: Trip hazard due to loose cables near Valve. Cables were immediately organized.</p></div>,Unsafe Condition,NO,Energy Isolation,LOW,,,,,Refinery Sector 4,Valve,synthetic,,colleague intervened,,updated procedures,False,[Oct 15] Report by W-5033: Trip hazard due to loose cables near Valve. Cables were immediately organized.
63424ae6-16fc-46a4-b496-2b59b8a8e014,[Oct 3] Report by W-9262: Worker used incorrect gloves for manual handling task. Supervisor corrected the action.,Unsafe Act,NO,Energy Isolation,LOW,,,,,Unit B,Valve,synthetic,stopped work,supervisor intervened,cleaned up,retrained staff,True,[Oct 3] Report by W-9262: Worker used incorrect gloves for manual handling task. Supervisor corrected the action.
22db723d-a372-4217-a0cf-5c773cfb0b8e,[Oct 27] Report by W-1675: Small oil spill near Electrical Panel at Refinery Sector 4. Cleaned up promptly.,Unsafe Act,NO,Slips/Trips,MEDIUM,,,,,Refinery Sector 4,Electrical Panel,synthetic,stopped work,colleague intervened,replaced equipment,updated procedures,,[Oct 27] Report by W-1675: Small oil spill near Electrical Panel at Refinery Sector 4. Cleaned up promptly.
5d238f5a-9536-4535-aa5a-cee58ed4fadd,[Oct 8] Report by W-7566: Worker used incorrect gloves for manual handling task. Supervisor corrected the action.,Unsafe Act,NO,Confined Space,MEDIUM,,,,,Offshore Platform 1,Valve,synthetic,reported to supervisor,supervisor intervened,,retrained staff,,[Oct 8] Report by W-7566: Worker used incorrect gloves for manual handling task. Supervisor corrected the action.
4881e781-7061-45d4-a299-7764ed7b40db,[Oct 21] Report by W-1823: Worker observed not wearing safety glasses at Unit B.,Unsafe Condition,NO,Slips/Trips,LOW,,,,,Unit B,Heat Exchanger,synthetic,stopped work,supervisor intervened,replaced equipment,updated procedures,,[Oct 21] Report by W-1823: Worker observed not wearing safety glasses at Unit B.
70da6b49-f710-463a-887c-c3a6405ed6a2,[Oct 17] Report by W-9944: Worker used incorrect gloves for manual handling task. Supervisor corrected the action.,Unsafe Act,NO,Energy Isolation,MEDIUM,,,,,Refinery Sector 4,Heat Exchanger,synthetic,,colleague intervened,replaced equipment,,,[Oct 17] Report by W-9944: Worker used incorrect gloves for manual handling task. Supervisor corrected the action.
4acdaacc-ece0-44cd-8d67-6556ad874b76,[Oct 14] Report by W-4160: Worker used incorrect gloves for manual handling task. Supervisor corrected the action.,Unsafe Condition,NO,Manual Handling,LOW,,,,,Offshore Platform 1,Pump,synthetic,stopped work,supervisor intervened,,updated procedures,True,[Oct 14] Report by W-4160: Worker used incorrect gloves for manual handling task. Supervisor corrected the action.
544fa2ce-7ef3-457f-a79e-905f9193a9a4,[Oct 16] Report by W-9911: Small oil spill near Pump at Unit A. Cleaned up promptly.,Unsafe Condition,NO,Electrical,MEDIUM,,,,,Unit A,Pump,synthetic,reported to supervisor,colleague intervened,replaced equipment,,False,[Oct 16] Report by W-9911: Small oil spill near Pump at Unit A. Cleaned up promptly.
94ed82e1-ec29-4b82-8d68-af7074e4b0b5,[Oct 4] Report by W-3126: Worker used incorrect gloves for manual handling task. Supervisor corrected the action.,Unsafe Condition,NO,Electrical,LOW,,,,,Unit B,Compressor,synthetic,reported to supervisor,,replaced equipment,updated procedures,True,[Oct 4] Report by W-3126: Worker used incorrect gloves for manual handling task. Supervisor corrected the action.
c5d6f54d-c41f-4ad6-93f2-c04ed4bb59b9,[Oct 22] Report by W-7721: Trip hazard due to loose cables near Pump. Cables were immediately organized.,Unsafe Condition,NO,Manual Handling,LOW,,,,,Unit A,Pump,synthetic,stopped work,supervisor intervened,cleaned up,,True,[Oct 22] Report by W-7721: Trip hazard due to loose cables near Pump. Cables were immediately organized.
f532373e-9e3e-40fc-9a8c-4ebaede2431a,[Oct 4] Report by W-2537: Worker used incorrect gloves for manual handling task. Supervisor corrected the action.,Unsafe Act,NO,Energy Isolation,LOW,,,,,Offshore Platform 1,Compressor,synthetic,reported to supervisor,,,,False,[Oct 4] Report by W-2537: Worker used incorrect gloves for manual handling task. Supervisor corrected the action.
8df445ca-efef-4741-9454-df4de2fc8570,[Oct 23] Report by W-1768: Trip hazard due to loose cables near Valve. Cables were immediately organized.,Unsafe Condition,NO,Working at Height,MEDIUM,,,,,Refinery Sector 4,Valve,synthetic,stopped work,supervisor intervened,replaced equipment,updated procedures,False,[Oct 23] Report by W-1768: Trip hazard due to loose cables near Valve. Cables were immediately organized.
b511218a-0b87-43cd-9db7-28bfd7cecddd,[Oct 16] Report by W-9990: Worker observed not wearing safety glasses at Refinery Sector 4.,Unsafe Act,NO,Energy Isolation,MEDIUM,,,,,Refinery Sector 4,Compressor,synthetic,reported to supervisor,,replaced equipment,,False,[Oct 16] Report by W-9990: Worker observed not wearing safety glasses at Refinery Sector 4.
6d31957f-291b-429d-8e06-e3ecec8ad3b2,[Oct 8] Report by W-3711: Worker used incorrect gloves for manual handling task. Supervisor corrected the action.,Unsafe Condition,NO,Electrical,LOW,,,,,Unit A,Pump,synthetic,stopped work,,replaced equipment,updated procedures,True,[Oct 8] Report by W-3711: Worker used incorrect gloves for manual handling task. Supervisor corrected the action.
ef402a96-6f2f-4526-bae2-1a0ed45481e5,[Oct 24] Report by W-3176: Worker used incorrect gloves for manual handling task. Supervisor corrected the action.,Unsafe Act,NO,Working at Height,MEDIUM,,,,,Unit A,Valve,synthetic,reported to supervisor,colleague intervened,,,True,[Oct 24] Report by W-3176: Worker used incorrect gloves for manual handling task. Supervisor corrected the action.
6e69b244-18aa-4d8d-b24d-f5828990ce5e,[Oct 4] Report by W-6368: Small oil spill near Compressor at Offshore Platform 1. Cleaned up promptly.,Unsafe Act,NO,Pressure,MEDIUM,,,,,Offshore Platform 1,Compressor,synthetic,reported to supervisor,colleague intervened,cleaned up,,,[Oct 4] Report by W-6368: Small oil spill near Compressor at Offshore Platform 1. Cleaned up promptly.
9272fe1a-f79d-4242-ba41-a6d011786772,[Oct 22] Report by W-8879: Small oil spill near Heat Exchanger at Offshore Platform 1. Cleaned up promptly.,Unsafe Act,NO,Confined Space,LOW,,,,,Offshore Platform 1,Heat Exchanger,synthetic,stopped work,supervisor intervened,cleaned up,updated procedures,True,[Oct 22] Report by W-8879: Small oil spill near Heat Exchanger at Offshore Platform 1. Cleaned up promptly.
e4e59e7c-1900-4d01-99cc-7d273c7af06e,[Oct 23] Report by W-6582: Small oil spill near Electrical Panel at Offshore Platform 1. Cleaned up promptly.,Unsafe Condition,NO,Working at Height,MEDIUM,,,,,Offshore Platform 1,Electrical Panel,synthetic,stopped work,,cleaned up,updated procedures,False,[Oct 23] Report by W-6582: Small oil spill near Electrical Panel at Offshore Platform 1. Cleaned up promptly.
14b1de27-70ab-4779-b628-8366d4671f67,[Oct 9] Report by W-6227: Worker observed not wearing safety glasses at Refinery Sector 4.,Unsafe Act,NO,Pressure,LOW,,,,,Refinery Sector 4,Compressor,synthetic,reported to supervisor,,replaced equipment,retrained staff,,[Oct 9] Report by W-6227: Worker observed not wearing safety glasses at Refinery Sector 4.
acf7dd9b-663f-45dd-a6b0-481dc22c4d2a,[Oct 11] Report by W-9664: Worker entered the confined space at Unit B without conducting a gas test. No standby person was present.,Unsafe Act,YES,Energy Isolation,HIGH,,,,,Unit B,Valve,synthetic,stopped work,,cleaned up,,,[Oct 11] Report by W-9664: Worker entered the confined space at Unit B without conducting a gas test. No standby person was present.
11eb12dd-fb37-444a-832d-ede626a97633,[Oct 8] Report by W-3771: Worker observed not wearing safety glasses at Unit B.,Unsafe Act,NO,Working at Height,LOW,,,,,Unit B,Pump,synthetic,,,replaced equipment,,False,[Oct 8] Report by W-3771: Worker observed not wearing safety glasses at Unit B.
d1ddd0b7-5e3d-4a81-bed1-c0a0b79f5cfe,[Oct 3] Report by W-9765: Worker observed not wearing safety glasses at Unit B.,Unsafe Act,NO,Slips/Trips,MEDIUM,,,,,Unit B,Heat Exchanger,synthetic,reported to supervisor,colleague intervened,replaced equipment,retrained staff,True,[Oct 3] Report by W-9765: Worker observed not wearing safety glasses at Unit B.
aa7fa585-7c39-44dc-b576-c10950b8161c,[Oct 22] Report by W-7548: Worker observed not wearing safety glasses at Unit B.,Unsafe Act,NO,Manual Handling,LOW,,,,,Unit B,Pump,synthetic,stopped work,,cleaned up,,,[Oct 22] Report by W-7548: Worker observed not wearing safety glasses at Unit B.
4b6bd440-ad26-4ace-9f02-374f62fec065,[Oct 24] Report by W-6790: Worker used incorrect gloves for manual handling task. Supervisor corrected the action.,Unsafe Act,NO,Confined Space,LOW,,,,,Unit A,Valve,synthetic,reported to supervisor,supervisor intervened,cleaned up,,False,[Oct 24] Report by W-6790: Worker used incorrect gloves for manual handling task. Supervisor corrected the action.
0def3d9c-3df2-4bde-bea9-de219d56b8fe,[Oct 14] Report by W-4469: Small oil spill near Heat Exchanger at Unit A. Cleaned up promptly.,Unsafe Condition,NO,Pressure,LOW,,,,,Unit A,Heat Exchanger,synthetic,,,,,True,[Oct 14] Report by W-4469: Small oil spill near Heat Exchanger at Unit A. Cleaned up promptly.
59eb4166-8ede-436e-b91c-f007cafbaa15,[Oct 7] Report by W-9512: Trip hazard due to loose cables near Heat Exchanger. Cables were immediately organized.,Unsafe Act,NO,Working at Height,LOW,,,,,Refinery Sector 4,Heat Exchanger,synthetic,,supervisor intervened,replaced equipment,updated procedures,,[Oct 7] Report by W-9512: Trip hazard due to loose cables near Heat Exchanger. Cables were immediately organized.
07a9972f-543f-4102-a634-60f1e0cf126c,[Oct 12] Report by W-3456: Worker used incorrect gloves for manual handling task. Supervisor corrected the action.,Unsafe Condition,NO,Slips/Trips,LOW,,,,,Unit B,Compressor,synthetic,stopped work,supervisor intervened,cleaned up,retrained staff,,[Oct 12] Report by W-3456: Worker used incorrect gloves for manual handling task. Supervisor corrected the action.
f1a1129d-0407-4272-85ed-3d4882fc9c4a,[Oct 26] Report by W-5931: Small oil spill near Valve at Offshore Platform 1. Cleaned up promptly.,Unsafe Condition,NO,Working at Height,LOW,,,,,Offshore Platform 1,Valve,synthetic,reported to supervisor,,,retrained staff,True,[Oct 26] Report by W-5931: Small oil spill near Valve at Offshore Platform 1. Cleaned up promptly.
858d5980-4ab5-4fd1-9391-552f8bd814d8,[Oct 15] Report by W-5070: Worker observed not wearing safety glasses at Refinery Sector 4.,Unsafe Act,NO,Slips/Trips,LOW,,,,,Refinery Sector 4,Heat Exchanger,synthetic,reported to supervisor,colleague intervened,cleaned up,retrained staff,True,[Oct 15] Report by W-5070: Worker observed not wearing safety glasses at Refinery Sector 4.
b4702fd5-9f03-415e-a8ab-43d85ccbf295,[Oct 25] Report by W-9210: Small oil spill near Valve at Unit B. Cleaned up promptly.,Unsafe Condition,NO,Energy Isolation,MEDIUM,,,,,Unit B,Valve,synthetic,,colleague intervened,,updated procedures,,[Oct 25] Report by W-9210: Small oil spill near Valve at Unit B. Cleaned up promptly.
60130e29-2b74-4a4a-bdf9-6cdaa2460c6f,[Oct 3] Report by W-1603: Worker observed not wearing safety glasses at Offshore Platform 1.,Unsafe Condition,NO,Slips/Trips,LOW,,,,,Offshore Platform 1,Electrical Panel,synthetic,stopped work,colleague intervened,,,,[Oct 3] Report by W-1603: Worker observed not wearing safety glasses at Offshore Platform 1.
ab336418-9133-43df-8e67-a2a21497154b,[Oct 21] Report by W-8698: Trip hazard due to loose cables near Electrical Panel. Cables were immediately organized.,Unsafe Act,NO,Pressure,LOW,,,,,Offshore Platform 1,Electrical Panel,synthetic,stopped work,supervisor intervened,replaced equipment,updated procedures,True,[Oct 21] Report by W-8698: Trip hazard due to loose cables near Electrical Panel. Cables were immediately organized.
85516fe6-1477-4a0b-b6b8-d0a949b63b97,[Oct 25] Report by W-6142: Trip hazard due to loose cables near Heat Exchanger. Cables were immediately organized.,Unsafe Condition,NO,Pressure,LOW,,,,,Offshore Platform 1,Heat Exchanger,synthetic,,,cleaned up,retrained staff,True,[Oct 25] Report by W-6142: Trip hazard due to loose cables near Heat Exchanger. Cables were immediately organized.
a439fccc-8178-4d24-b798-a5d1d14ccd85,[Oct 24] Report by W-2598: Trip hazard due to loose cables near Pump. Cables were immediately organized.,Unsafe Condition,NO,Working at Height,MEDIUM,,,,,Offshore Platform 1,Pump,synthetic,reported to supervisor,supervisor intervened,replaced equipment,updated procedures,,[Oct 24] Report by W-2598: Trip hazard due to loose cables near Pump. Cables were immediately organized.
4915d42c-c1dc-4dc3-acb0-829b6b85692e,[Oct 20] Report by W-6048: Worker used incorrect gloves for manual handling task. Supervisor corrected the action.,Unsafe Act,NO,Manual Handling,LOW,,,,,Unit B,Valve,synthetic,,supervisor intervened,,retrained staff,True,[Oct 20] Report by W-6048: Worker used incorrect gloves for manual handling task. Supervisor corrected the action.
1dadf1fa-4225-4559-bf78-3a289bc390d1,[Oct 9] Report by W-3053: Trip hazard due to loose cables near Electrical Panel. Cables were immediately organized.,Unsafe Act,NO,Manual Handling,LOW,,,,,Unit A,Electrical Panel,synthetic,,supervisor intervened,cleaned up,retrained staff,True,[Oct 9] Report by W-3053: Trip hazard due to loose cables near Electrical Panel. Cables were immediately organized.
27b9173b-f7db-40fb-973e-19ad9bf0aca6,[Oct 26] Report by W-8083: Worker used incorrect gloves for manual handling task. Supervisor corrected the action.,Unsafe Condition,NO,Slips/Trips,LOW,,,,,Unit B,Pump,synthetic,stopped work,,,,True,[Oct 26] Report by W-8083: Worker used incorrect gloves for manual handling task. Supervisor corrected the action.
b70990f5-8648-44fd-a89e-4d08927c3ebc,[Oct 10] Report by W-3530: Worker observed not wearing safety glasses at Offshore Platform 1.,Unsafe Condition,NO,Slips/Trips,LOW,,,,,Offshore Platform 1,Compressor,synthetic,reported to supervisor,colleague intervened,cleaned up,,True,[Oct 10] Report by W-3530: Worker observed not wearing safety glasses at Offshore Platform 1.
2c804d94-71cc-40d3-be72-94d623cebaa0,[Oct 9] Report by W-9557: Worker observed not wearing safety glasses at Offshore Platform 1.,Unsafe Condition,NO,Confined Space,MEDIUM,,,,,Offshore Platform 1,Valve,synthetic,,,cleaned up,,False,[Oct 9] Report by W-9557: Worker observed not wearing safety glasses at Offshore Platform 1.
3eb3c50f-aa6b-4ae0-a370-215dbd5d375d,[Oct 15] Report by W-7976: Worker observed not wearing safety glasses at Refinery Sector 4.,Unsafe Act,NO,Pressure,MEDIUM,,,,,Refinery Sector 4,Valve,synthetic,reported to supervisor,,cleaned up,updated procedures,False,[Oct 15] Report by W-7976: Worker observed not wearing safety glasses at Refinery Sector 4.
c92064c1-eb59-442c-81df-37e0c5d30782,<div><p>[Oct 10] Report by W-4799: Worker used incorrect gloves for manual handling task. Supervisor corrected the action.</p></div>,Unsafe Condition,NO,Slips/Trips,LOW,,,,,Offshore Platform 1,Electrical Panel,synthetic,,,cleaned up,updated procedures,True,[Oct 10] Report by W-4799: Worker used incorrect gloves for manual handling task. Supervisor corrected the action.
0cb5d17c-eb47-4eb0-b0f1-931bdb636143,[Oct 14] Report by W-2780: Small oil spill near Valve at Unit B. Cleaned up promptly.,Unsafe Condition,NO,Energy Isolation,LOW,,,,,Unit B,Valve,synthetic,reported to supervisor,colleague intervened,,retrained staff,False,[Oct 14] Report by W-2780: Small oil spill near Valve at Unit B. Cleaned up promptly.
9f1eda61-fab5-4871-9cc0-c429bf753536,[Oct 24] Report by W-1795: Trip hazard due to loose cables near Electrical Panel. Cables were immediately organized.,Unsafe Act,NO,Energy Isolation,LOW,,,,,Refinery Sector 4,Electrical Panel,synthetic,,,,,,[Oct 24] Report by W-1795: Trip hazard due to loose cables near Electrical Panel. Cables were immediately organized.
4f0f79cb-63f3-4f13-93ec-cb3e9a5aad13,[Oct 24] Report by W-1151: Worker used incorrect gloves for manual handling task. Supervisor corrected the action.,Unsafe Condition,NO,Manual Handling,MEDIUM,,,,,Unit A,Pump,synthetic,stopped work,colleague intervened,cleaned up,retrained staff,,[Oct 24] Report by W-1151: Worker used incorrect gloves for manual handling task. Supervisor corrected the action.
686ab97b-d5e5-401b-9d95-f759f0e0842e,[Oct 21] Report by W-8384: Trip hazard due to loose cables near Heat Exchanger. Cables were immediately organized.,Unsafe Condition,NO,Manual Handling,LOW,,,,,Unit A,Heat Exchanger,synthetic,,colleague intervened,cleaned up,retrained staff,True,[Oct 21] Report by W-8384: Trip hazard due to loose cables near Heat Exchanger. Cables were immediately organized.
43b99e7d-c502-42c4-9767-6d23ed8f187f,[Oct 8] Report by W-8084: Worker observed not wearing safety glasses at Unit B.,Unsafe Condition,NO,Manual Handling,MEDIUM,,,,,Unit B,Heat Exchanger,synthetic,stopped work,colleague intervened,cleaned up,updated procedures,False,[Oct 8] Report by W-8084: Worker observed not wearing safety glasses at Unit B.
644932f3-a26e-4228-a42d-ff832deb6dfa,[Oct 24] Report by W-3802: Worker used incorrect gloves for manual handling task. Supervisor corrected the action.,Unsafe Act,NO,Confined Space,LOW,,,,,Refinery Sector 4,Valve,synthetic,stopped work,colleague intervened,,,True,[Oct 24] Report by W-3802: Worker used incorrect gloves for manual handling task. Supervisor corrected the action.
c3dd7ea7-a2d7-4ef3-9812-fff08baeebf6,[Oct 19] Report by W-8437: Small oil spill near Electrical Panel at Unit B. Cleaned up promptly.,Unsafe Act,NO,Slips/Trips,LOW,,,,,Unit B,Electrical Panel,synthetic,,supervisor intervened,replaced equipment,updated procedures,False,[Oct 19] Report by W-8437: Small oil spill near Electrical Panel at Unit B. Cleaned up promptly.
c8754faa-8020-4099-ad0a-b726b05e0386,[Oct 4] Report by W-7905: Trip hazard due to loose cables near Heat Exchanger. Cables were immediately organized.,Unsafe Condition,NO,Working at Height,LOW,,,,,Refinery Sector 4,Heat Exchanger,synthetic,,,,updated procedures,True,[Oct 4] Report by W-7905: Trip hazard due to loose cables near Heat Exchanger. Cables were immediately organized.
75910927-b9ca-4aee-881e-cb0dbe83a878,[Oct 12] Report by W-4823: Worker observed not wearing safety glasses at Refinery Sector 4.,Unsafe Condition,NO,Energy Isolation,MEDIUM,,,,,Refinery Sector 4,Pump,synthetic,,,replaced equipment,,True,[Oct 12] Report by W-4823: Worker observed not wearing safety glasses at Refinery Sector 4.
a5e0baf3-11a7-489d-8050-e79baf44df34,[Oct 6] Report by W-1505: Trip hazard due to loose cables near Heat Exchanger. Cables were immediately organized.,Unsafe Act,NO,Slips/Trips,LOW,,,,,Offshore Platform 1,Heat Exchanger,synthetic,,,replaced equipment,retrained staff,,[Oct 6] Report by W-1505: Trip hazard due to loose cables near Heat Exchanger. Cables were immediately organized.
7ce8f04e-8bb6-47a8-8d09-82b2cda9d84e,[Oct 18] Report by W-7983: Trip hazard due to loose cables near Valve. Cables were immediately organized.,Unsafe Act,NO,Working at Height,LOW,,,,,Unit A,Valve,synthetic,,supervisor intervened,cleaned up,updated procedures,False,[Oct 18] Report by W-7983: Trip hazard due to loose cables near Valve. Cables were immediately organized.
bcdb6ebb-6616-4de8-a2dd-cead8225a524,[Oct 14] Report by W-7724: Worker observed not wearing safety glasses at Unit A.,Unsafe Condition,NO,Pressure,MEDIUM,,,,,Unit A,Compressor,synthetic,reported to supervisor,supervisor intervened,cleaned up,,False,[Oct 14] Report by W-7724: Worker observed not wearing safety glasses at Unit A.
399ff204-6074-4526-960e-3e753f7148c8,[Oct 19] Report by W-2370: Worker observed not wearing safety glasses at Unit B.,Unsafe Condition,NO,Working at Height,LOW,,,,,Unit B,Compressor,synthetic,stopped work,,,retrained staff,False,[Oct 19] Report by W-2370: Worker observed not wearing safety glasses at Unit B.
f36bd95a-4666-4f31-8ce6-6c658099576d,[Oct 26] Report by W-2863: Worker entered the confined space at Offshore Platform 1 without conducting a gas test. No standby person was present.,Unsafe Act,YES,Pressure,CRITICAL,,,,,Offshore Platform 1,Valve,synthetic,stopped work,supervisor intervened,,retrained staff,,[Oct 26] Report by W-2863: Worker entered the confined space at Offshore Platform 1 without conducting a gas test. No standby person was present.
e64f22d3-752c-47ce-83c6-79ed304c89c1,[Oct 18] Report by W-1136: Worker observed not wearing safety glasses at Unit A.,Unsafe Act,NO,Pressure,LOW,,,,,Unit A,Electrical Panel,synthetic,,supervisor intervened,cleaned up,,False,[Oct 18] Report by W-1136: Worker observed not wearing safety glasses at Unit A.
4fd4b2ad-a3c8-48dc-98a1-4565ffada3b2,[Oct 11] Report by W-5673: Trip hazard due to loose cables near Pump. Cables were immediately organized.,Unsafe Act,NO,Pressure,MEDIUM,,,,,Offshore Platform 1,Pump,synthetic,stopped work,colleague intervened,,updated procedures,True,[Oct 11] Report by W-5673: Trip hazard due to loose cables near Pump. Cables were immediately organized.
88ede070-d60c-49f1-8171-484f6f9cf4c1,[Oct 1] Report by W-4104: Worker used incorrect gloves for manual handling task. Supervisor corrected the action.,Unsafe Condition,NO,Energy Isolation,LOW,,,,,Refinery Sector 4,Electrical Panel,synthetic,stopped work,colleague intervened,cleaned up,updated procedures,True,[Oct 1] Report by W-4104: Worker used incorrect gloves for manual handling task. Supervisor corrected the action.
77b0076c-b302-40ec-a0e4-a4d8504b9f2f,[Oct 10] Report by W-8392: Worker observed not wearing safety glasses at Unit A.,Unsafe Condition,NO,Pressure,MEDIUM,,,,,Unit A,Valve,synthetic,reported to supervisor,,,,False,[Oct 10] Report by W-8392: Worker observed not wearing safety glasses at Unit A.
c4205a13-0f79-452f-9b20-32bc4ceee605,[Oct 9] Report by W-9537: Worker used incorrect gloves for manual handling task. Supervisor corrected the action.,Unsafe Act,NO,Working at Height,LOW,,,,,Unit A,Electrical Panel,synthetic,,supervisor intervened,replaced equipment,,True,[Oct 9] Report by W-9537: Worker used incorrect gloves for manual handling task. Supervisor corrected the action.
dcfe9228-70b0-459e-b219-264aaf28f602,[Oct 12] Report by W-1592: Worker used incorrect gloves for manual handling task. Supervisor corrected the action.,Unsafe Act,NO,Working at Height,LOW,,,,,Refinery Sector 4,Valve,synthetic,reported to supervisor,,replaced equipment,retrained staff,,[Oct 12] Report by W-1592: Worker used incorrect gloves for manual handling task. Supervisor corrected the action.
34e1d279-57ff-4c14-8f5e-7fb2ebe86475,"[Oct 21] Report by W-6095: While working at Unit A, worker was at height without fall protection. Serious risk of fatal fall.",Near Miss,YES,Pressure,HIGH,,,,,Unit A,Heat Exchanger,synthetic,,colleague intervened,cleaned up,retrained staff,False,"[Oct 21] Report by W-6095: While working at Unit A, worker was at height without fall protection. Serious risk of fatal fall."
c2b712b4-069d-4bc7-be2a-8b2ce02b5054,[Oct 8] Report by W-2403: Small oil spill near Electrical Panel at Refinery Sector 4. Cleaned up promptly.,Unsafe Act,NO,Pressure,MEDIUM,,,,,Refinery Sector 4,Electrical Panel,synthetic,reported to supervisor,colleague intervened,replaced equipment,,False,[Oct 8] Report by W-2403: Small oil spill near Electrical Panel at Refinery Sector 4. Cleaned up promptly.
fe6239df-d76f-4b97-bc4c-084b6d368c2e,[Oct 1] Report by W-2139: Worker used incorrect gloves for manual handling task. Supervisor corrected the action.,Unsafe Act,NO,Pressure,LOW,,,,,Refinery Sector 4,Pump,synthetic,,colleague intervened,cleaned up,updated procedures,True,[Oct 1] Report by W-2139: Worker used incorrect gloves for manual handling task. Supervisor corrected the action.
19412cab-3c18-4561-ace8-de2e0f2f7602,[Oct 8] Report by W-3214: Worker observed not wearing safety glasses at Unit A.,Unsafe Condition,NO,Working at Height,LOW,,,,,Unit A,Electrical Panel,synthetic,stopped work,,,retrained staff,,[Oct 8] Report by W-3214: Worker observed not wearing safety glasses at Unit A.
db57bffa-e1b2-44d8-9c0f-6e477a004263,"[Oct 28] Report by W-9286: During maintenance of the Valve at Offshore Platform 1, the technician started work without isolating the equipment. The Valve was still energized.",Near Miss,YES,Working at Height,HIGH,,,,,Offshore Platform 1,Valve,synthetic,reported to supervisor,,replaced equipment,updated procedures,,"[Oct 28] Report by W-9286: During maintenance of the Valve at Offshore Platform 1, the technician started work without isolating the equipment. The Valve was still energized."
fa849d90-d8f1-4468-9274-af7d001e0932,[Oct 17] Report by W-8670: Small oil spill near Pump at Refinery Sector 4. Cleaned up promptly.,Unsafe Condition,NO,Pressure,LOW,,,,,Refinery Sector 4,Pump,synthetic,,supervisor intervened,,retrained staff,,[Oct 17] Report by W-8670: Small oil spill near Pump at Refinery Sector 4. Cleaned up promptly.
e0127f32-5577-4216-b3a9-5e701f29293a,[Oct 1] Report by W-7217: Trip hazard due to loose cables near Pump. Cables were immediately organized.,Unsafe Act,NO,Pressure,LOW,,,,,Offshore Platform 1,Pump,synthetic,reported to supervisor,,cleaned up,retrained staff,False,[Oct 1] Report by W-7217: Trip hazard due to loose cables near Pump. Cables were immediately organized.
fdb5ffd7-d684-4f13-ac73-d65d31e0098c,[Oct 2] Report by W-5031: Line opened with residual pressure on the Valve. High-energy release narrowly missed the operator.,Unsafe Act,YES,Confined Space,HIGH,,,,,Offshore Platform 1,Valve,synthetic,,supervisor intervened,replaced equipment,updated procedures,,[Oct 2] Report by W-5031: Line opened with residual pressure on the Valve. High-energy release narrowly missed the operator.
91e438ae-8b52-4258-a2e9-12c50cead70e,[Oct 2] Report by W-2206: Worker used incorrect gloves for manual handling task. Supervisor corrected the action.,Unsafe Act,NO,Slips/Trips,MEDIUM,,,,,Unit B,Valve,synthetic,,colleague intervened,cleaned up,retrained staff,False,[Oct 2] Report by W-2206: Worker used incorrect gloves for manual handling task. Supervisor corrected the action.
a67a0095-383c-44ca-89f6-78e515236660,[Oct 28] Report by W-6651: Worker used incorrect gloves for manual handling task. Supervisor corrected the action.,Unsafe Act,NO,Electrical,LOW,,,,,Refinery Sector 4,Pump,synthetic,reported to supervisor,supervisor intervened,,retrained staff,False,[Oct 28] Report by W-6651: Worker used incorrect gloves for manual handling task. Supervisor corrected the action.
0e5fcd74-4dd6-40b4-8690-719426505eb8,[Oct 1] Report by W-2081: Small oil spill near Compressor at Offshore Platform 1. Cleaned up promptly.,Unsafe Act,NO,Confined Space,LOW,,,,,Offshore Platform 1,Compressor,synthetic,reported to supervisor,,cleaned up,updated procedures,,[Oct 1] Report by W-2081: Small oil spill near Compressor at Offshore Platform 1. Cleaned up promptly.
032bed4f-e063-4eae-91a2-cfe1cdfc004d,[Oct 4] Report by W-3844: Worker used incorrect gloves for manual handling task. Supervisor corrected the action.,Unsafe Act,NO,Pressure,LOW,,,,,Unit B,Heat Exchanger,synthetic,stopped work,supervisor intervened,cleaned up,updated procedures,,[Oct 4] Report by W-3844: Worker used incorrect gloves for manual handling task. Supervisor corrected the action.
e1ea0ceb-b92c-49ee-9e88-69d1f91a743c,[Oct 27] Report by W-6792: Small oil spill near Electrical Panel at Offshore Platform 1. Cleaned up promptly.,Unsafe Condition,NO,Working at Height,MEDIUM,,,,,Offshore Platform 1,Electrical Panel,synthetic,,supervisor intervened,cleaned up,updated procedures,,[Oct 27] Report by W-6792: Small oil spill near Electrical Panel at Offshore Platform 1. Cleaned up promptly.
f38f1469-cfe2-4f47-b6af-f5f24f950156,[Oct 18] Report by W-7553: Trip hazard due to loose cables near Pump. Cables were immediately organized.,Unsafe Act,NO,Manual Handling,MEDIUM,,,,,Offshore Platform 1,Pump,synthetic,stopped work,supervisor intervened,replaced equipment,,,[Oct 18] Report by W-7553: Trip hazard due to loose cables near Pump. Cables were immediately organized.
bc339af6-5f66-415a-ae7e-4a9f71c2aaf1,[Oct 5] Report by W-2652: Worker used incorrect gloves for manual handling task. Supervisor corrected the action.,Unsafe Act,NO,Confined Space,LOW,,,,,Unit A,Heat Exchanger,synthetic,,,replaced equipment,updated procedures,,[Oct 5] Report by W-2652: Worker used incorrect gloves for manual handling task. Supervisor corrected the action.
261bb444-02d4-49a0-876b-055786e0196b,[Oct 22] Report by W-7526: Worker observed not wearing safety glasses at Refinery Sector 4.,Unsafe Condition,NO,Working at Height,MEDIUM,,,,,Refinery Sector 4,Valve,synthetic,,supervisor intervened,,updated procedures,True,[Oct 22] Report by W-7526: Worker observed not wearing safety glasses at Refinery Sector 4.
fa2d68e2-9685-4505-a80a-229d3b9eac02,[Oct 25] Report by W-5660: Worker observed not wearing safety glasses at Unit B.,Unsafe Act,NO,Manual Handling,LOW,,,,,Unit B,Pump,synthetic,,colleague intervened,replaced equipment,retrained staff,False,[Oct 25] Report by W-5660: Worker observed not wearing safety glasses at Unit B.
f54d8cd9-096c-48ef-afe1-82675fce4478,"[Oct 27] Report by W-2309: During maintenance of the Compressor at Unit B, the technician started work without isolating the equipment. The Compressor was still energized.",Unsafe Act,YES,Energy Isolation,HIGH,,,,,Unit B,Compressor,synthetic,reported to supervisor,supervisor intervened,replaced equipment,retrained staff,,"[Oct 27] Report by W-2309: During maintenance of the Compressor at Unit B, the technician started work without isolating the equipment. The Compressor was still energized."
9349124a-e05e-4e0b-a16b-2c150a4810b2,[Oct 14] Report by W-9112: Trip hazard due to loose cables near Compressor. Cables were immediately organized.,Unsafe Act,NO,Working at Height,MEDIUM,,,,,Refinery Sector 4,Compressor,synthetic,stopped work,,,updated procedures,False,[Oct 14] Report by W-9112: Trip hazard due to loose cables near Compressor. Cables were immediately organized.
49891309-0bc8-4aa2-8b8a-eed9c4b85aad,[Oct 5] Report by W-4075: Trip hazard due to loose cables near Compressor. Cables were immediately organized.,Unsafe Act,NO,Electrical,LOW,,,,,Refinery Sector 4,Compressor,synthetic,reported to supervisor,,cleaned up,retrained staff,,[Oct 5] Report by W-4075: Trip hazard due to loose cables near Compressor. Cables were immediately organized.
088ba8cd-2678-487a-ba08-f85e848d0c7f,[Oct 13] Report by W-4977: Small oil spill near Electrical Panel at Unit B. Cleaned up promptly.,Unsafe Act,NO,Confined Space,MEDIUM,,,,,Unit B,Electrical Panel,synthetic,stopped work,supervisor intervened,,retrained staff,,[Oct 13] Report by W-4977: Small oil spill near Electrical Panel at Unit B. Cleaned up promptly.
fc0f984b-b867-4b7e-910e-5d2738aa6ad8,[Oct 8] Report by W-4245: Worker observed not wearing safety glasses at Unit B.,Unsafe Act,NO,Slips/Trips,MEDIUM,,,,,Unit B,Electrical Panel,synthetic,reported to supervisor,,replaced equipment,updated procedures,True,[Oct 8] Report by W-4245: Worker observed not wearing safety glasses at Unit B.
437fad80-70e5-4f3e-bd45-d1493e853b70,[Oct 25] Report by W-8655: Trip hazard due to loose cables near Valve. Cables were immediately organized.,Unsafe Condition,NO,Manual Handling,MEDIUM,,,,,Unit B,Valve,synthetic,stopped work,supervisor intervened,,,True,[Oct 25] Report by W-8655: Trip hazard due to loose cables near Valve. Cables were immediately organized.
09f22fa9-f420-43cf-be3e-1d8615c86178,[Oct 24] Report by W-9266: Worker observed not wearing safety glasses at Refinery Sector 4.,Unsafe Condition,NO,Working at Height,MEDIUM,,,,,Refinery Sector 4,Pump,synthetic,,supervisor intervened,,retrained staff,,[Oct 24] Report by W-9266: Worker observed not wearing safety glasses at Refinery Sector 4.
26ea87c7-d885-41ed-9c94-9663f3669ded,[Oct 26] Report by W-8899: Worker observed not wearing safety glasses at Refinery Sector 4.,Unsafe Condition,NO,Working at Height,MEDIUM,,,,,Refinery Sector 4,Heat Exchanger,synthetic,,supervisor intervened,cleaned up,,True,[Oct 26] Report by W-8899: Worker observed not wearing safety glasses at Refinery Sector 4.
9095b06f-6a93-47f7-bd11-244abd37cbc1,[Oct 1] Report by W-4611: Worker used incorrect gloves for manual handling task. Supervisor corrected the action.,Unsafe Condition,NO,Working at Height,LOW,,,,,Unit A,Compressor,synthetic,reported to supervisor,supervisor intervened,cleaned up,retrained staff,,[Oct 1] Report by W-4611: Worker used incorrect gloves for manual handling task. Supervisor corrected the action.
c375f519-efdf-44d0-9757-7fb9c08f3298,[Oct 3] Report by W-7653: Trip hazard due to loose cables near Electrical Panel. Cables were immediately organized.,Unsafe Condition,NO,Working at Height,LOW,,,,,Refinery Sector 4,Electrical Panel,synthetic,,,,retrained staff,True,[Oct 3] Report by W-7653: Trip hazard due to loose cables near Electrical Panel. Cables were immediately organized.
0c7ba3ca-12c1-42b5-8518-259c2eaf5b88,[Oct 25] Report by W-3585: Small oil spill near Electrical Panel at Refinery Sector 4. Cleaned up promptly.,Unsafe Condition,NO,Working at Height,LOW,,,,,Refinery Sector 4,Electrical Panel,synthetic,stopped work,supervisor intervened,,updated procedures,,[Oct 25] Report by W-3585: Small oil spill near Electrical Panel at Refinery Sector 4. Cleaned up promptly.
74a63707-c0b6-4bfe-8ff4-8c89137003c3,[Oct 16] Report by W-8690: Worker observed not wearing safety glasses at Unit A.,Unsafe Act,NO,Energy Isolation,LOW,,,,,Unit A,Compressor,synthetic,reported to supervisor,colleague intervened,replaced equipment,,False,[Oct 16] Report by W-8690: Worker observed not wearing safety glasses at Unit A.
273d276f-f4d1-4df4-bc63-6a39ad36ae1a,"[Oct 18] Report by W-6306: While working at Refinery Sector 4, worker was at height without fall protection. Serious risk of fatal fall.",Near Miss,YES,Working at Height,HIGH,,,,,Refinery Sector 4,Compressor,synthetic,,colleague intervened,replaced equipment,updated procedures,True,"[Oct 18] Report by W-6306: While working at Refinery Sector 4, worker was at height without fall protection. Serious risk of fatal fall."
5c51c70d-f869-47d0-9c96-253630ec33cf,[Oct 20] Report by W-7324: Worker used incorrect gloves for manual handling task. Supervisor corrected the action.,Unsafe Condition,NO,Electrical,MEDIUM,,,,,Offshore Platform 1,Electrical Panel,synthetic,stopped work,colleague intervened,replaced equipment,updated procedures,,[Oct 20] Report by W-7324: Worker used incorrect gloves for manual handling task. Supervisor corrected the action.
9e4b84a8-b179-4e5d-aae0-8c2867dbeafa,[Oct 20] Report by W-1706: Worker observed not wearing safety glasses at Offshore Platform 1.,Unsafe Act,NO,Manual Handling,LOW,,,,,Offshore Platform 1,Valve,synthetic,,supervisor intervened,cleaned up,updated procedures,True,[Oct 20] Report by W-1706: Worker observed not wearing safety glasses at Offshore Platform 1.
d7afe8a3-c557-451e-95da-713d3400af5f,[Oct 4] Report by W-4763: Worker used incorrect gloves for manual handling task. Supervisor corrected the action.,Unsafe Condition,NO,Confined Space,LOW,,,,,Refinery Sector 4,Compressor,synthetic,stopped work,supervisor intervened,cleaned up,retrained staff,True,[Oct 4] Report by W-4763: Worker used incorrect gloves for manual handling task. Supervisor corrected the action.
5cd99ac1-3620-42a7-9d37-66ec4c3d82dc,[Oct 26] Report by W-1917: Small oil spill near Heat Exchanger at Offshore Platform 1. Cleaned up promptly.,Unsafe Condition,NO,Manual Handling,LOW,,,,,Offshore Platform 1,Heat Exchanger,synthetic,stopped work,colleague intervened,replaced equipment,updated procedures,False,[Oct 26] Report by W-1917: Small oil spill near Heat Exchanger at Offshore Platform 1. Cleaned up promptly.
31a2147b-aa7e-4367-a90b-143a242c3ca2,[Oct 16] Report by W-6233: Worker observed not wearing safety glasses at Offshore Platform 1.,Unsafe Act,NO,Electrical,MEDIUM,,,,,Offshore Platform 1,Pump,synthetic,stopped work,,replaced equipment,,,[Oct 16] Report by W-6233: Worker observed not wearing safety glasses at Offshore Platform 1.
663bae17-275f-4760-b37f-d33d28c8923b,[Oct 26] Report by W-3165: Worker observed not wearing safety glasses at Unit A.,Unsafe Condition,NO,Energy Isolation,LOW,,,,,Unit A,Valve,synthetic,,colleague intervened,,updated procedures,,[Oct 26] Report by W-3165: Worker observed not wearing safety glasses at Unit A.
83ca866b-1571-43aa-863d-92d7b6006547,[Oct 13] Report by W-7475: Worker observed not wearing safety glasses at Unit B.,Unsafe Act,NO,Slips/Trips,MEDIUM,,,,,Unit B,Heat Exchanger,synthetic,reported to supervisor,colleague intervened,replaced equipment,retrained staff,True,[Oct 13] Report by W-7475: Worker observed not wearing safety glasses at Unit B.
495168dd-1e0a-407c-bfc4-6fe672dddab4,[Oct 19] Report by W-2981: Worker used incorrect gloves for manual handling task. Supervisor corrected the action.,Unsafe Act,NO,Pressure,LOW,,,,,Unit B,Electrical Panel,synthetic,stopped work,colleague intervened,cleaned up,,False,[Oct 19] Report by W-2981: Worker used incorrect gloves for manual handling task. Supervisor corrected the action.
3e609dc9-d41e-45ae-9a5e-520178e25a60,[Oct 21] Report by W-7916: Trip hazard due to loose cables near Compressor. Cables were immediately organized.,Unsafe Act,NO,Energy Isolation,LOW,,,,,Refinery Sector 4,Compressor,synthetic,stopped work,supervisor intervened,replaced equipment,retrained staff,False,[Oct 21] Report by W-7916: Trip hazard due to loose cables near Compressor. Cables were immediately organized.
f66baa55-ec3e-4cca-8793-03227c69859a,[Oct 21] Report by W-6970: Trip hazard due to loose cables near Pump. Cables were immediately organized.,Unsafe Act,NO,Pressure,MEDIUM,,,,,Refinery Sector 4,Pump,synthetic,,supervisor intervened,replaced equipment,retrained staff,True,[Oct 21] Report by W-6970: Trip hazard due to loose cables near Pump. Cables were immediately organized.
ee1c7585-98dc-4cbd-b9f1-ba08b16787de,[Oct 20] Report by W-6212: Trip hazard due to loose cables near Compressor. Cables were immediately organized.,Unsafe Condition,NO,Electrical,LOW,,,,,Refinery Sector 4,Compressor,synthetic,,,,retrained staff,,[Oct 20] Report by W-6212: Trip hazard due to loose cables near Compressor. Cables were immediately organized.
6fc3e3c0-d593-496c-9cc4-25a38f4543af,[Oct 9] Report by W-3443: Worker observed not wearing safety glasses at Offshore Platform 1.,Unsafe Act,NO,Electrical,LOW,,,,,Offshore Platform 1,Compressor,synthetic,,,cleaned up,retrained staff,True,[Oct 9] Report by W-3443: Worker observed not wearing safety glasses at Offshore Platform 1.
e3b083ef-bc8b-437c-8c84-92b811a692c3,[Oct 26] Report by W-4888: Small oil spill near Heat Exchanger at Unit A. Cleaned up promptly.,Unsafe Condition,NO,Working at Height,LOW,,,,,Unit A,Heat Exchanger,synthetic,,supervisor intervened,replaced equipment,,,[Oct 26] Report by W-4888: Small oil spill near Heat Exchanger at Unit A. Cleaned up promptly.
e9d657b5-9310-4067-83d3-b7ecd2e12fec,[Oct 21] Report by W-3446: Trip hazard due to loose cables near Heat Exchanger. Cables were immediately organized.,Unsafe Act,NO,Energy Isolation,MEDIUM,,,,,Offshore Platform 1,Heat Exchanger,synthetic,reported to supervisor,,,,True,[Oct 21] Report by W-3446: Trip hazard due to loose cables near Heat Exchanger. Cables were immediately organized.
49ef00bb-1511-454c-8f10-c17478dceccc,[Oct 1] Report by W-6809: Trip hazard due to loose cables near Compressor. Cables were immediately organized.,Unsafe Act,NO,Electrical,LOW,,,,,Offshore Platform 1,Compressor,synthetic,reported to supervisor,supervisor intervened,,updated procedures,,[Oct 1] Report by W-6809: Trip hazard due to loose cables near Compressor. Cables were immediately organized.
cfe369da-dec1-4d64-af2c-097f697c8f17,[Oct 7] Report by W-6881: Worker used incorrect gloves for manual handling task. Supervisor corrected the action.,Unsafe Act,NO,Pressure,MEDIUM,,,,,Refinery Sector 4,Heat Exchanger,synthetic,reported to supervisor,supervisor intervened,,retrained staff,,[Oct 7] Report by W-6881: Worker used incorrect gloves for manual handling task. Supervisor corrected the action.
65816e8e-3474-44e9-b55b-dff362093099,[Oct 28] Report by W-7233: Small oil spill near Pump at Unit B. Cleaned up promptly.,Unsafe Condition,NO,Manual Handling,MEDIUM,,,,,Unit B,Pump,synthetic,,supervisor intervened,cleaned up,updated procedures,False,[Oct 28] Report by W-7233: Small oil spill near Pump at Unit B. Cleaned up promptly.
6b6d41cb-b373-48ab-874a-0783e0bb0393,[Oct 19] Report by W-1612: Trip hazard due to loose cables near Electrical Panel. Cables were immediately organized.,Unsafe Condition,NO,Energy Isolation,LOW,,,,,Unit B,Electrical Panel,synthetic,,colleague intervened,cleaned up,updated procedures,,[Oct 19] Report by W-1612: Trip hazard due to loose cables near Electrical Panel. Cables were immediately organized.
3f6cc867-0b36-46e7-9aeb-db99a7168841,[Oct 21] Report by W-4258: Trip hazard due to loose cables near Valve. Cables were immediately organized.,Unsafe Act,NO,Pressure,LOW,,,,,Unit B,Valve,synthetic,reported to supervisor,colleague intervened,,retrained staff,,[Oct 21] Report by W-4258: Trip hazard due to loose cables near Valve. Cables were immediately organized.
aff07c42-8204-4b40-9d63-22a1c30541b2,[Oct 12] Report by W-1596: Worker observed not wearing safety glasses at Offshore Platform 1.,Unsafe Act,NO,Electrical,MEDIUM,,,,,Offshore Platform 1,Electrical Panel,synthetic,stopped work,colleague intervened,,,True,[Oct 12] Report by W-1596: Worker observed not wearing safety glasses at Offshore Platform 1.
f5d8e1d0-7b59-4e7e-9846-3ba61cf11564,[Oct 19] Report by W-2718: Small oil spill near Electrical Panel at Unit A. Cleaned up promptly.,Unsafe Condition,NO,Confined Space,LOW,,,,,Unit A,Electrical Panel,synthetic,reported to supervisor,,replaced equipment,,False,[Oct 19] Report by W-2718: Small oil spill near Electrical Panel at Unit A. Cleaned up promptly.
ab25ffba-e46d-4cc7-8c07-07efb90661b5,"[Oct 9] Report by W-1213: During maintenance of the Electrical Panel at Refinery Sector 4, the technician started work without isolating the equipment. The Electrical Panel was still energized.",Near Miss,YES,Energy Isolation,CRITICAL,,,,,Refinery Sector 4,Electrical Panel,synthetic,,supervisor intervened,replaced equipment,,True,"[Oct 9] Report by W-1213: During maintenance of the Electrical Panel at Refinery Sector 4, the technician started work without isolating the equipment. The Electrical Panel was still energized."
739a5b98-3b09-4b10-8615-64b507c8e6b1,[Oct 4] Report by W-1210: Worker used incorrect gloves for manual handling task. Supervisor corrected the action.,Unsafe Act,NO,Confined Space,LOW,,,,,Offshore Platform 1,Valve,synthetic,,supervisor intervened,cleaned up,retrained staff,,[Oct 4] Report by W-1210: Worker used incorrect gloves for manual handling task. Supervisor corrected the action.
e7781d84-0c9d-4891-8dc2-15276f247d59,[Oct 11] Report by W-7765: Small oil spill near Pump at Unit A. Cleaned up promptly.,Unsafe Condition,NO,Manual Handling,MEDIUM,,,,,Unit A,Pump,synthetic,,colleague intervened,,,,[Oct 11] Report by W-7765: Small oil spill near Pump at Unit A. Cleaned up promptly.
add4a6f9-dad9-4a4d-837a-35ef65c4fffa,[Oct 14] Report by W-8053: Worker observed not wearing safety glasses at Refinery Sector 4.,Unsafe Condition,NO,Working at Height,LOW,,,,,Refinery Sector 4,Electrical Panel,synthetic,reported to supervisor,colleague intervened,,,,[Oct 14] Report by W-8053: Worker observed not wearing safety glasses at Refinery Sector 4.
15cc9f91-ab75-4e02-ae61-b71e116a3907,[Oct 11] Report by W-1119: Worker observed not wearing safety glasses at Unit B.,Unsafe Condition,NO,Working at Height,LOW,,,,,Unit B,Electrical Panel,synthetic,reported to supervisor,colleague intervened,cleaned up,updated procedures,,[Oct 11] Report by W-1119: Worker observed not wearing safety glasses at Unit B.
831bbdbc-a932-4081-b07e-54caf207a390,[Oct 3] Report by W-7342: Worker used incorrect gloves for manual handling task. Supervisor corrected the action.,Unsafe Act,NO,Manual Handling,LOW,,,,,Unit B,Heat Exchanger,synthetic,reported to supervisor,colleague intervened,replaced equipment,,True,[Oct 3] Report by W-7342: Worker used incorrect gloves for manual handling task. Supervisor corrected the action.
fe776ad2-2aa6-439c-bc0e-82d65ccdeaf1,[Oct 5] Report by W-5732: Small oil spill near Valve at Offshore Platform 1. Cleaned up promptly.,Unsafe Condition,NO,Confined Space,LOW,,,,,Offshore Platform 1,Valve,synthetic,,colleague intervened,,,,[Oct 5] Report by W-5732: Small oil spill near Valve at Offshore Platform 1. Cleaned up promptly.
bbadedb9-f302-447e-8c38-355173d2a7e3,[Oct 22] Report by W-5420: Worker used incorrect gloves for manual handling task. Supervisor corrected the action.,Unsafe Condition,NO,Electrical,MEDIUM,,,,,Refinery Sector 4,Compressor,synthetic,,,replaced equipment,retrained staff,False,[Oct 22] Report by W-5420: Worker used incorrect gloves for manual handling task. Supervisor corrected the action.
2a9abe48-640c-4e0a-9f48-bb210f559a77,[Oct 25] Report by W-2880: Worker observed not wearing safety glasses at Unit B.,Unsafe Condition,NO,Working at Height,LOW,,,,,Unit B,Heat Exchanger,synthetic,reported to supervisor,,replaced equipment,,False,[Oct 25] Report by W-2880: Worker observed not wearing safety glasses at Unit B.
1e36cbc9-67ed-4bea-a969-c85d1403b340,[Oct 23] Report by W-7961: Worker observed not wearing safety glasses at Refinery Sector 4.,Unsafe Condition,NO,Confined Space,MEDIUM,,,,,Refinery Sector 4,Heat Exchanger,synthetic,reported to supervisor,supervisor intervened,cleaned up,retrained staff,,[Oct 23] Report by W-7961: Worker observed not wearing safety glasses at Refinery Sector 4.
36afb949-9854-4aac-b5bc-d5c74e64a35a,<div><p>[Oct 28] Report by W-7737: Worker observed not wearing safety glasses at Refinery Sector 4.</p></div>,Unsafe Act,NO,Slips/Trips,MEDIUM,,,,,Refinery Sector 4,Valve,synthetic,reported to supervisor,supervisor intervened,,updated procedures,,[Oct 28] Report by W-7737: Worker observed not wearing safety glasses at Refinery Sector 4.
6a81a527-57bb-4550-9e3c-cd6352835c61,[Oct 26] Report by W-8453: Worker used incorrect gloves for manual handling task. Supervisor corrected the action.,Unsafe Condition,NO,Pressure,MEDIUM,,,,,Refinery Sector 4,Pump,synthetic,stopped work,colleague intervened,replaced equipment,,False,[Oct 26] Report by W-8453: Worker used incorrect gloves for manual handling task. Supervisor corrected the action.
f06dfef2-a228-4b5c-8a70-a28f5c070215,[Oct 5] Report by W-6424: Worker used incorrect gloves for manual handling task. Supervisor corrected the action.,Unsafe Act,NO,Pressure,MEDIUM,,,,,Refinery Sector 4,Valve,synthetic,stopped work,supervisor intervened,cleaned up,updated procedures,,[Oct 5] Report by W-6424: Worker used incorrect gloves for manual handling task. Supervisor corrected the action.
fa37126b-3de2-439f-b1af-5ac9b7f33a6e,[Oct 18] Report by W-5823: Small oil spill near Compressor at Unit B. Cleaned up promptly.,Unsafe Act,NO,Pressure,MEDIUM,,,,,Unit B,Compressor,synthetic,reported to supervisor,,cleaned up,updated procedures,,[Oct 18] Report by W-5823: Small oil spill near Compressor at Unit B. Cleaned up promptly.
53085b79-65b7-48ba-bde8-3df4551cd728,[Oct 11] Report by W-9812: Trip hazard due to loose cables near Electrical Panel. Cables were immediately organized.,Unsafe Condition,NO,Pressure,MEDIUM,,,,,Offshore Platform 1,Electrical Panel,synthetic,,supervisor intervened,,updated procedures,,[Oct 11] Report by W-9812: Trip hazard due to loose cables near Electrical Panel. Cables were immediately organized.
86e04616-8b94-4262-85c0-585a4be3793f,[Oct 25] Report by W-2609: Small oil spill near Pump at Unit A. Cleaned up promptly.,Unsafe Condition,NO,Electrical,LOW,,,,,Unit A,Pump,synthetic,stopped work,,cleaned up,updated procedures,,[Oct 25] Report by W-2609: Small oil spill near Pump at Unit A. Cleaned up promptly.
2639fbd5-75e0-4018-9a79-f9727cf71588,[Oct 19] Report by W-3080: Small oil spill near Valve at Unit A. Cleaned up promptly.,Unsafe Act,NO,Manual Handling,LOW,,,,,Unit A,Valve,synthetic,stopped work,,replaced equipment,retrained staff,True,[Oct 19] Report by W-3080: Small oil spill near Valve at Unit A. Cleaned up promptly.
bf876763-a40b-4971-bdb4-acfceade8450,[Oct 21] Report by W-2611: Worker used incorrect gloves for manual handling task. Supervisor corrected the action.,Unsafe Condition,NO,Confined Space,MEDIUM,,,,,Refinery Sector 4,Heat Exchanger,synthetic,,colleague intervened,replaced equipment,updated procedures,,[Oct 21] Report by W-2611: Worker used incorrect gloves for manual handling task. Supervisor corrected the action.
e2d7393d-8c37-4d77-a590-e1390cc2af65,[Oct 3] Report by W-8298: Line opened with residual pressure on the Pump. High-energy release narrowly missed the operator.,Near Miss,YES,Pressure,HIGH,,,,,Refinery Sector 4,Pump,synthetic,stopped work,,replaced equipment,updated procedures,True,[Oct 3] Report by W-8298: Line opened with residual pressure on the Pump. High-energy release narrowly missed the operator.
a59263ef-cb2f-4c8b-a88e-d26a88a615d4,[Oct 9] Report by W-2841: Small oil spill near Pump at Unit B. Cleaned up promptly.,Unsafe Act,NO,Energy Isolation,MEDIUM,,,,,Unit B,Pump,synthetic,stopped work,colleague intervened,cleaned up,,True,[Oct 9] Report by W-2841: Small oil spill near Pump at Unit B. Cleaned up promptly.
f2165979-11d4-4a74-87da-9569cbde72ee,[Oct 12] Report by W-6565: Worker used incorrect gloves for manual handling task. Supervisor corrected the action.,Unsafe Act,NO,Manual Handling,MEDIUM,,,,,Refinery Sector 4,Compressor,synthetic,reported to supervisor,colleague intervened,,updated procedures,,[Oct 12] Report by W-6565: Worker used incorrect gloves for manual handling task. Supervisor corrected the action.
6d427cd2-3edd-48c8-adc4-6a9394a9d78a,[Oct 5] Report by W-8557: Worker used incorrect gloves for manual handling task. Supervisor corrected the action.,Unsafe Condition,NO,Pressure,MEDIUM,,,,,Offshore Platform 1,Compressor,synthetic,reported to supervisor,,cleaned up,retrained staff,False,[Oct 5] Report by W-8557: Worker used incorrect gloves for manual handling task. Supervisor corrected the action.
eb007393-265a-4972-a322-a3ac12377bcb,[Oct 1] Report by W-8106: Small oil spill near Electrical Panel at Unit B. Cleaned up promptly.,Unsafe Act,NO,Working at Height,MEDIUM,,,,,Unit B,Electrical Panel,synthetic,stopped work,,replaced equipment,retrained staff,,[Oct 1] Report by W-8106: Small oil spill near Electrical Panel at Unit B. Cleaned up promptly.
b277e0bf-9b43-482f-9f66-86263cd8bbcf,[Oct 12] Report by W-6444: Small oil spill near Compressor at Refinery Sector 4. Cleaned up promptly.,Unsafe Condition,NO,Energy Isolation,LOW,,,,,Refinery Sector 4,Compressor,synthetic,,,,retrained staff,,[Oct 12] Report by W-6444: Small oil spill near Compressor at Refinery Sector 4. Cleaned up promptly.
88a39a2f-fc87-4ab4-8782-1d8e1300bc4b,<div><p>[Oct 28] Report by W-9915: Trip hazard due to loose cables near Electrical Panel. Cables were immediately organized.</p></div>,Unsafe Condition,NO,Energy Isolation,MEDIUM,,,,,Unit B,Electrical Panel,synthetic,reported to supervisor,colleague intervened,replaced equipment,updated procedures,,[Oct 28] Report by W-9915: Trip hazard due to loose cables near Electrical Panel. Cables were immediately organized.
d8e70041-051d-447d-83b3-434dab19a884,[Oct 2] Report by W-7359: Worker used incorrect gloves for manual handling task. Supervisor corrected the action.,Unsafe Act,NO,Manual Handling,MEDIUM,,,,,Refinery Sector 4,Electrical Panel,synthetic,reported to supervisor,,replaced equipment,,True,[Oct 2] Report by W-7359: Worker used incorrect gloves for manual handling task. Supervisor corrected the action.
c7295890-9bec-4f3a-a9de-e7f67c9729ae,[Oct 10] Report by W-1702: Worker observed not wearing safety glasses at Unit B.,Unsafe Act,NO,Pressure,MEDIUM,,,,,Unit B,Valve,synthetic,,supervisor intervened,replaced equipment,updated procedures,,[Oct 10] Report by W-1702: Worker observed not wearing safety glasses at Unit B.
27a23f9f-b12c-43b5-9a09-6f8e18759701,[Oct 14] Report by W-5767: Worker observed not wearing safety glasses at Offshore Platform 1.,Unsafe Act,NO,Energy Isolation,LOW,,,,,Offshore Platform 1,Heat Exchanger,synthetic,stopped work,,cleaned up,,False,[Oct 14] Report by W-5767: Worker observed not wearing safety glasses at Offshore Platform 1.
cfd57d57-788f-452a-a1eb-b612418837f7,[Oct 18] Report by W-5979: Small oil spill near Valve at Unit B. Cleaned up promptly.,Unsafe Condition,NO,Working at Height,LOW,,,,,Unit B,Valve,synthetic,,supervisor intervened,cleaned up,updated procedures,True,[Oct 18] Report by W-5979: Small oil spill near Valve at Unit B. Cleaned up promptly.
34633265-6ba9-404d-8dd9-76b9dc09efed,[Oct 18] Report by W-3079: Trip hazard due to loose cables near Compressor. Cables were immediately organized.,Unsafe Act,NO,Electrical,LOW,,,,,Refinery Sector 4,Compressor,synthetic,stopped work,supervisor intervened,,retrained staff,True,[Oct 18] Report by W-3079: Trip hazard due to loose cables near Compressor. Cables were immediately organized.
64fd573d-5eed-43d7-b02c-1778e4b77507,[Oct 22] Report by W-8713: Worker observed not wearing safety glasses at Refinery Sector 4.,Unsafe Condition,NO,Pressure,MEDIUM,,,,,Refinery Sector 4,Compressor,synthetic,,colleague intervened,replaced equipment,retrained staff,,[Oct 22] Report by W-8713: Worker observed not wearing safety glasses at Refinery Sector 4.
220e8987-c079-4b00-ac42-f2cc34293e58,[Oct 27] Report by W-1898: Worker used incorrect gloves for manual handling task. Supervisor corrected the action.,Unsafe Condition,NO,Working at Height,LOW,,,,,Offshore Platform 1,Compressor,synthetic,stopped work,,,retrained staff,True,[Oct 27] Report by W-1898: Worker used incorrect gloves for manual handling task. Supervisor corrected the action.
88f9a17a-f77d-4245-af66-17c18a6f60d8,[Oct 2] Report by W-6272: Small oil spill near Valve at Unit B. Cleaned up promptly.,Unsafe Condition,NO,Working at Height,MEDIUM,,,,,Unit B,Valve,synthetic,,,cleaned up,updated procedures,False,[Oct 2] Report by W-6272: Small oil spill near Valve at Unit B. Cleaned up promptly.
e53a04d5-f88e-4c73-be68-dc1c68d23e44,[Oct 14] Report by W-5814: Trip hazard due to loose cables near Valve. Cables were immediately organized.,Unsafe Condition,NO,Energy Isolation,MEDIUM,,,,,Unit A,Valve,synthetic,,supervisor intervened,,retrained staff,True,[Oct 14] Report by W-5814: Trip hazard due to loose cables near Valve. Cables were immediately organized.
90f3d8da-9e3a-4807-94f2-2a73356778ef,[Oct 28] Report by W-2239: Small oil spill near Valve at Refinery Sector 4. Cleaned up promptly.,Unsafe Act,NO,Working at Height,MEDIUM,,,,,Refinery Sector 4,Valve,synthetic,,colleague intervened,replaced equipment,retrained staff,False,[Oct 28] Report by W-2239: Small oil spill near Valve at Refinery Sector 4. Cleaned up promptly.
dfab5511-7765-43a9-a9db-6989cb03f9c9,[Oct 26] Report by W-8361: Worker observed not wearing safety glasses at Refinery Sector 4.,Unsafe Act,NO,Energy Isolation,LOW,,,,,Refinery Sector 4,Pump,synthetic,reported to supervisor,supervisor intervened,,updated procedures,,[Oct 26] Report by W-8361: Worker observed not wearing safety glasses at Refinery Sector 4.
6bf7d2c6-44a2-49e5-aeb4-35255f52a26f,[Oct 26] Report by W-4590: Worker used incorrect gloves for manual handling task. Supervisor corrected the action.,Unsafe Condition,NO,Energy Isolation,LOW,,,,,Unit A,Electrical Panel,synthetic,,colleague intervened,cleaned up,,True,[Oct 26] Report by W-4590: Worker used incorrect gloves for manual handling task. Supervisor corrected the action.
931e8a4b-c3c1-4a24-8d1d-ad3b339ea779,[Oct 25] Report by W-8487: Small oil spill near Compressor at Unit A. Cleaned up promptly.,Unsafe Act,NO,Confined Space,MEDIUM,,,,,Unit A,Compressor,synthetic,reported to supervisor,supervisor intervened,cleaned up,,True,[Oct 25] Report by W-8487: Small oil spill near Compressor at Unit A. Cleaned up promptly.
5821f8e1-1413-4e04-9138-938d23c2d334,[Oct 1] Report by W-8728: Small oil spill near Pump at Unit B. Cleaned up promptly.,Unsafe Act,NO,Energy Isolation,LOW,,,,,Unit B,Pump,synthetic,,colleague intervened,cleaned up,,True,[Oct 1] Report by W-8728: Small oil spill near Pump at Unit B. Cleaned up promptly.
bd0dbe2d-5899-448e-9051-ebc858c6baec,[Oct 10] Report by W-7848: Worker observed not wearing safety glasses at Unit A.,Unsafe Act,NO,Electrical,MEDIUM,,,,,Unit A,Valve,synthetic,,colleague intervened,,retrained staff,True,[Oct 10] Report by W-7848: Worker observed not wearing safety glasses at Unit A.
97234dfa-351e-4978-a08c-e98ecec6ca3c,[Oct 21] Report by W-6328: Worker observed not wearing safety glasses at Offshore Platform 1.,Unsafe Act,NO,Manual Handling,MEDIUM,,,,,Offshore Platform 1,Pump,synthetic,reported to supervisor,,,updated procedures,,[Oct 21] Report by W-6328: Worker observed not wearing safety glasses at Offshore Platform 1.
adb7288a-4771-49ca-97af-1afe475b1390,[Oct 2] Report by W-7617: Worker observed not wearing safety glasses at Refinery Sector 4.,Unsafe Act,NO,Manual Handling,LOW,,,,,Refinery Sector 4,Electrical Panel,synthetic,stopped work,supervisor intervened,replaced equipment,,,[Oct 2] Report by W-7617: Worker observed not wearing safety glasses at Refinery Sector 4.
6a6974b5-7b84-4ca1-8233-ad88d349612f,[Oct 27] Report by W-2585: Small oil spill near Heat Exchanger at Refinery Sector 4. Cleaned up promptly.,Unsafe Condition,NO,Confined Space,MEDIUM,,,,,Refinery Sector 4,Heat Exchanger,synthetic,,supervisor intervened,replaced equipment,updated procedures,,[Oct 27] Report by W-2585: Small oil spill near Heat Exchanger at Refinery Sector 4. Cleaned up promptly.
d2824b2f-eeec-4838-b380-507566812622,[Oct 8] Report by W-7881: Worker used incorrect gloves for manual handling task. Supervisor corrected the action.,Unsafe Condition,NO,Manual Handling,LOW,,,,,Unit A,Valve,synthetic,reported to supervisor,colleague intervened,cleaned up,updated procedures,False,[Oct 8] Report by W-7881: Worker used incorrect gloves for manual handling task. Supervisor corrected the action.
b4486101-8a2e-43e4-b268-ccab8173176e,[Oct 17] Report by W-8153: Small oil spill near Valve at Unit A. Cleaned up promptly.,Unsafe Act,NO,Working at Height,MEDIUM,,,,,Unit A,Valve,synthetic,,supervisor intervened,replaced equipment,updated procedures,,[Oct 17] Report by W-8153: Small oil spill near Valve at Unit A. Cleaned up promptly.
c626be8d-a06a-4e31-b630-6083908ba0d3,[Oct 27] Report by W-2809: Trip hazard due to loose cables near Heat Exchanger. Cables were immediately organized.,Unsafe Condition,NO,Electrical,MEDIUM,,,,,Refinery Sector 4,Heat Exchanger,synthetic,,supervisor intervened,cleaned up,updated procedures,False,[Oct 27] Report by W-2809: Trip hazard due to loose cables near Heat Exchanger. Cables were immediately organized.
bf85e5b1-88bc-4a7a-b402-d1c028255cec,[Oct 19] Report by W-5829: Small oil spill near Compressor at Offshore Platform 1. Cleaned up promptly.,Unsafe Act,NO,Electrical,LOW,,,,,Offshore Platform 1,Compressor,synthetic,reported to supervisor,colleague intervened,cleaned up,,True,[Oct 19] Report by W-5829: Small oil spill near Compressor at Offshore Platform 1. Cleaned up promptly.
1ab90a2a-2c19-4c7b-a8e3-627242cb19b4,[Oct 1] Report by W-5309: Worker used incorrect gloves for manual handling task. Supervisor corrected the action.,Unsafe Condition,NO,Pressure,MEDIUM,,,,,Unit B,Electrical Panel,synthetic,reported to supervisor,colleague intervened,,updated procedures,,[Oct 1] Report by W-5309: Worker used incorrect gloves for manual handling task. Supervisor corrected the action.
5a861c17-b805-4500-ba3b-4262a7358260,[Oct 28] Report by W-3202: Worker observed not wearing safety glasses at Refinery Sector 4.,Unsafe Act,NO,Slips/Trips,LOW,,,,,Refinery Sector 4,Heat Exchanger,synthetic,,,replaced equipment,retrained staff,False,[Oct 28] Report by W-3202: Worker observed not wearing safety glasses at Refinery Sector 4.
2b430446-3d21-4ce5-9b5e-f316349f3e05,[Oct 15] Report by W-2676: Trip hazard due to loose cables near Heat Exchanger. Cables were immediately organized.,Unsafe Condition,NO,Confined Space,LOW,,,,,Refinery Sector 4,Heat Exchanger,synthetic,,colleague intervened,cleaned up,,False,[Oct 15] Report by W-2676: Trip hazard due to loose cables near Heat Exchanger. Cables were immediately organized.
7ed9bdf1-bcbd-466d-8b5d-1a6dd8bdc320,[Oct 13] Report by W-2282: Worker used incorrect gloves for manual handling task. Supervisor corrected the action.,Unsafe Condition,NO,Energy Isolation,MEDIUM,,,,,Offshore Platform 1,Compressor,synthetic,stopped work,supervisor intervened,,retrained staff,False,[Oct 13] Report by W-2282: Worker used incorrect gloves for manual handling task. Supervisor corrected the action.
11ed98f6-6f75-4b49-91fe-28f5325056a0,[Oct 6] Report by W-1190: Worker used incorrect gloves for manual handling task. Supervisor corrected the action.,Unsafe Condition,NO,Confined Space,MEDIUM,,,,,Refinery Sector 4,Pump,synthetic,reported to supervisor,colleague intervened,cleaned up,,True,[Oct 6] Report by W-1190: Worker used incorrect gloves for manual handling task. Supervisor corrected the action.
82bfc350-996b-43ae-adfb-6762b4329189,[Oct 1] Report by W-4401: Trip hazard due to loose cables near Heat Exchanger. Cables were immediately organized.,Unsafe Act,NO,Pressure,MEDIUM,,,,,Unit A,Heat Exchanger,synthetic,,colleague intervened,,updated procedures,False,[Oct 1] Report by W-4401: Trip hazard due to loose cables near Heat Exchanger. Cables were immediately organized.
4edcbdd6-0058-4757-b3e8-64915ccc4a0d,[Oct 6] Report by W-4254: Worker used incorrect gloves for manual handling task. Supervisor corrected the action.,Unsafe Act,NO,Pressure,LOW,,,,,Unit B,Pump,synthetic,,supervisor intervened,,updated procedures,,[Oct 6] Report by W-4254: Worker used incorrect gloves for manual handling task. Supervisor corrected the action.
04f66096-c792-436f-ba76-7ed50750e1ba,[Oct 7] Report by W-9089: Small oil spill near Pump at Unit B. Cleaned up promptly.,Unsafe Condition,NO,Pressure,LOW,,,,,Unit B,Pump,synthetic,stopped work,,cleaned up,updated procedures,,[Oct 7] Report by W-9089: Small oil spill near Pump at Unit B. Cleaned up promptly.
15e2d619-28cc-4cdb-b91b-412424dc53b0,[Oct 13] Report by W-1183: Worker observed not wearing safety glasses at Unit B.,Unsafe Act,NO,Manual Handling,MEDIUM,,,,,Unit B,Compressor,synthetic,stopped work,supervisor intervened,,,False,[Oct 13] Report by W-1183: Worker observed not wearing safety glasses at Unit B.
2e1498ee-5a19-497c-9fbb-6c5ea245e1a7,[Oct 4] Report by W-9089: Trip hazard due to loose cables near Electrical Panel. Cables were immediately organized.,Unsafe Condition,NO,Electrical,MEDIUM,,,,,Unit A,Electrical Panel,synthetic,,colleague intervened,replaced equipment,,,[Oct 4] Report by W-9089: Trip hazard due to loose cables near Electrical Panel. Cables were immediately organized.
06eb6219-a523-4249-803b-36c48aab8406,[Oct 18] Report by W-5112: Small oil spill near Pump at Refinery Sector 4. Cleaned up promptly.,Unsafe Condition,NO,Pressure,LOW,,,,,Refinery Sector 4,Pump,synthetic,reported to supervisor,,replaced equipment,updated procedures,,[Oct 18] Report by W-5112: Small oil spill near Pump at Refinery Sector 4. Cleaned up promptly.
c7086eb2-7e73-413c-b69f-82581cb0610e,[Oct 2] Report by W-5505: Worker observed not wearing safety glasses at Unit A.,Unsafe Condition,NO,Energy Isolation,LOW,,,,,Unit A,Compressor,synthetic,stopped work,,,updated procedures,,[Oct 2] Report by W-5505: Worker observed not wearing safety glasses at Unit A.
e093125c-4dd7-472d-81c4-9e5ec9af083e,[Oct 3] Report by W-6913: Worker observed not wearing safety glasses at Unit A.,Unsafe Act,NO,Slips/Trips,MEDIUM,,,,,Unit A,Heat Exchanger,synthetic,reported to supervisor,supervisor intervened,cleaned up,updated procedures,,[Oct 3] Report by W-6913: Worker observed not wearing safety glasses at Unit A.
a989c23b-2696-40f1-91b2-8df0230be33d,[Oct 16] Report by W-8246: Trip hazard due to loose cables near Valve. Cables were immediately organized.,Unsafe Act,NO,Confined Space,LOW,,,,,Unit A,Valve,synthetic,stopped work,colleague intervened,,retrained staff,True,[Oct 16] Report by W-8246: Trip hazard due to loose cables near Valve. Cables were immediately organized.
ecc405f9-fdc8-4e74-9a62-d595aa139c37,[Oct 26] Report by W-9588: Worker used incorrect gloves for manual handling task. Supervisor corrected the action.,Unsafe Condition,NO,Electrical,LOW,,,,,Unit B,Pump,synthetic,,supervisor intervened,replaced equipment,retrained staff,False,[Oct 26] Report by W-9588: Worker used incorrect gloves for manual handling task. Supervisor corrected the action.
827beb52-a7fe-4fe4-b23e-92b12ffead40,[Oct 2] Report by W-3883: Worker observed not wearing safety glasses at Unit B.,Unsafe Condition,NO,Working at Height,MEDIUM,,,,,Unit B,Pump,synthetic,reported to supervisor,supervisor intervened,,updated procedures,False,[Oct 2] Report by W-3883: Worker observed not wearing safety glasses at Unit B.
2cc24f53-5184-4d57-9905-06f3f80613fb,[Oct 26] Report by W-9630: Worker observed not wearing safety glasses at Refinery Sector 4.,Unsafe Condition,NO,Electrical,MEDIUM,,,,,Refinery Sector 4,Valve,synthetic,reported to supervisor,colleague intervened,,updated procedures,True,[Oct 26] Report by W-9630: Worker observed not wearing safety glasses at Refinery Sector 4.
6073f9a7-6526-4b4c-bc8d-a204c1bee4eb,[Oct 18] Report by W-3210: Trip hazard due to loose cables near Electrical Panel. Cables were immediately organized.,Unsafe Act,NO,Pressure,LOW,,,,,Unit A,Electrical Panel,synthetic,,,replaced equipment,,,[Oct 18] Report by W-3210: Trip hazard due to loose cables near Electrical Panel. Cables were immediately organized.
84068a45-caaa-4f08-9c84-6d718a477b14,"[Oct 12] Report by W-2916: While working at Unit B, worker was at height without fall protection. Serious risk of fatal fall.",Near Miss,YES,Pressure,CRITICAL,,,,,Unit B,Pump,synthetic,,colleague intervened,cleaned up,,False,"[Oct 12] Report by W-2916: While working at Unit B, worker was at height without fall protection. Serious risk of fatal fall."
2b10920f-9783-4d0f-8f70-390df78cd668,[Oct 10] Report by W-2895: Line opened with residual pressure on the Electrical Panel. High-energy release narrowly missed the operator.,Unsafe Act,YES,Confined Space,CRITICAL,,,,,Offshore Platform 1,Electrical Panel,synthetic,stopped work,supervisor intervened,replaced equipment,updated procedures,False,[Oct 10] Report by W-2895: Line opened with residual pressure on the Electrical Panel. High-energy release narrowly missed the operator.
79f6d489-6f99-4d37-8f7f-f4f1d0d6134b,[Oct 13] Report by W-4349: Worker used incorrect gloves for manual handling task. Supervisor corrected the action.,Unsafe Condition,NO,Electrical,MEDIUM,,,,,Unit A,Electrical Panel,synthetic,stopped work,supervisor intervened,cleaned up,retrained staff,,[Oct 13] Report by W-4349: Worker used incorrect gloves for manual handling task. Supervisor corrected the action.
11ba0b5d-08a2-40fc-9613-a5b30c118049,[Oct 5] Report by W-9369: Worker observed not wearing safety glasses at Unit A.,Unsafe Act,NO,Energy Isolation,LOW,,,,,Unit A,Heat Exchanger,synthetic,reported to supervisor,supervisor intervened,replaced equipment,updated procedures,True,[Oct 5] Report by W-9369: Worker observed not wearing safety glasses at Unit A.
05a913d1-36a2-4c40-996d-a24a3e70bb32,[Oct 10] Report by W-3249: Small oil spill near Electrical Panel at Refinery Sector 4. Cleaned up promptly.,Unsafe Condition,NO,Electrical,MEDIUM,,,,,Refinery Sector 4,Electrical Panel,synthetic,reported to supervisor,colleague intervened,cleaned up,,True,[Oct 10] Report by W-3249: Small oil spill near Electrical Panel at Refinery Sector 4. Cleaned up promptly.
41b618a5-8e8d-42a2-8d07-83153e22f963,[Oct 13] Report by W-5854: Trip hazard due to loose cables near Compressor. Cables were immediately organized.,Unsafe Act,NO,Pressure,MEDIUM,,,,,Refinery Sector 4,Compressor,synthetic,,colleague intervened,cleaned up,updated procedures,True,[Oct 13] Report by W-5854: Trip hazard due to loose cables near Compressor. Cables were immediately organized.
9f9fb592-78b8-4756-8c82-f2272fec7ca0,[Oct 15] Report by W-7241: Worker observed not wearing safety glasses at Refinery Sector 4.,Unsafe Condition,NO,Working at Height,LOW,,,,,Refinery Sector 4,Valve,synthetic,reported to supervisor,supervisor intervened,replaced equipment,updated procedures,,[Oct 15] Report by W-7241: Worker observed not wearing safety glasses at Refinery Sector 4.
83034a54-eaee-4ac3-8d1d-af88623a3835,<div><p>[Oct 1] Report by W-5543: Trip hazard due to loose cables near Valve. Cables were immediately organized.</p></div>,Unsafe Condition,NO,Pressure,LOW,,,,,Offshore Platform 1,Valve,synthetic,stopped work,colleague intervened,cleaned up,retrained staff,,[Oct 1] Report by W-5543: Trip hazard due to loose cables near Valve. Cables were immediately organized.
e2f6342d-2a0e-41d3-a7b2-9c282f01327f,[Oct 25] Report by W-9883: Trip hazard due to loose cables near Heat Exchanger. Cables were immediately organized.,Unsafe Condition,NO,Confined Space,MEDIUM,,,,,Offshore Platform 1,Heat Exchanger,synthetic,reported to supervisor,colleague intervened,,,False,[Oct 25] Report by W-9883: Trip hazard due to loose cables near Heat Exchanger. Cables were immediately organized.
5259ee21-adcc-467d-a885-1b4030d5b545,[Oct 2] Report by W-1460: Worker used incorrect gloves for manual handling task. Supervisor corrected the action.,Unsafe Act,NO,Working at Height,LOW,,,,,Offshore Platform 1,Electrical Panel,synthetic,,colleague intervened,replaced equipment,retrained staff,True,[Oct 2] Report by W-1460: Worker used incorrect gloves for manual handling task. Supervisor corrected the action.
407842e4-81b0-4246-aade-b1cd5f74d0bc,[Oct 27] Report by W-2226: Worker used incorrect gloves for manual handling task. Supervisor corrected the action.,Unsafe Act,NO,Pressure,MEDIUM,,,,,Unit A,Compressor,synthetic,,colleague intervened,cleaned up,retrained staff,True,[Oct 27] Report by W-2226: Worker used incorrect gloves for manual handling task. Supervisor corrected the action.
c96ed7b2-f2e3-4547-81ca-47f54034c8cf,"[Oct 16] Report by W-3305: During maintenance of the Pump at Refinery Sector 4, the technician started work without isolating the equipment. The Pump was still energized.",Near Miss,YES,Working at Height,CRITICAL,,,,,Refinery Sector 4,Pump,synthetic,,,,,,"[Oct 16] Report by W-3305: During maintenance of the Pump at Refinery Sector 4, the technician started work without isolating the equipment. The Pump was still energized."
a9baed54-fe1b-4730-9c18-afede4844398,[Oct 28] Report by W-2005: Trip hazard due to loose cables near Compressor. Cables were immediately organized.,Unsafe Condition,NO,Pressure,MEDIUM,,,,,Refinery Sector 4,Compressor,synthetic,stopped work,colleague intervened,replaced equipment,retrained staff,,[Oct 28] Report by W-2005: Trip hazard due to loose cables near Compressor. Cables were immediately organized.
ce83936c-c3bf-41fb-b458-215970954db4,[Oct 11] Report by W-3042: Small oil spill near Heat Exchanger at Unit A. Cleaned up promptly.,Unsafe Condition,NO,Energy Isolation,MEDIUM,,,,,Unit A,Heat Exchanger,synthetic,reported to supervisor,supervisor intervened,,updated procedures,,[Oct 11] Report by W-3042: Small oil spill near Heat Exchanger at Unit A. Cleaned up promptly.
f0dc816c-eac3-4678-a7b9-752aa7dfd123,[Oct 3] Report by W-1285: Small oil spill near Compressor at Refinery Sector 4. Cleaned up promptly.,Unsafe Act,NO,Energy Isolation,MEDIUM,,,,,Refinery Sector 4,Compressor,synthetic,,colleague intervened,replaced equipment,updated procedures,True,[Oct 3] Report by W-1285: Small oil spill near Compressor at Refinery Sector 4. Cleaned up promptly.
bf1e7ca0-cb64-4aaf-a774-90d7e6cb96da,[Oct 16] Report by W-4749: Small oil spill near Heat Exchanger at Unit A. Cleaned up promptly.,Unsafe Condition,NO,Manual Handling,MEDIUM,,,,,Unit A,Heat Exchanger,synthetic,stopped work,colleague intervened,replaced equipment,retrained staff,False,[Oct 16] Report by W-4749: Small oil spill near Heat Exchanger at Unit A. Cleaned up promptly.
ada54f5e-04eb-4d0b-a4c3-1b0f8c0d9e85,[Oct 21] Report by W-2016: Small oil spill near Valve at Offshore Platform 1. Cleaned up promptly.,Unsafe Act,NO,Manual Handling,LOW,,,,,Offshore Platform 1,Valve,synthetic,,,,,,[Oct 21] Report by W-2016: Small oil spill near Valve at Offshore Platform 1. Cleaned up promptly.
1e788474-4848-474d-98fe-b0be554271af,[Oct 3] Report by W-7732: Small oil spill near Heat Exchanger at Offshore Platform 1. Cleaned up promptly.,Unsafe Act,NO,Manual Handling,MEDIUM,,,,,Offshore Platform 1,Heat Exchanger,synthetic,stopped work,supervisor intervened,replaced equipment,retrained staff,False,[Oct 3] Report by W-7732: Small oil spill near Heat Exchanger at Offshore Platform 1. Cleaned up promptly.
d36cd9a0-89da-4706-9226-9a83cb3c214e,[Oct 22] Report by W-1044: Small oil spill near Pump at Unit A. Cleaned up promptly.,Unsafe Act,NO,Electrical,LOW,,,,,Unit A,Pump,synthetic,,supervisor intervened,replaced equipment,,True,[Oct 22] Report by W-1044: Small oil spill near Pump at Unit A. Cleaned up promptly.
bf83d2e1-60ad-43ab-9b8d-d34449e9d7ef,[Oct 14] Report by W-1425: Worker used incorrect gloves for manual handling task. Supervisor corrected the action.,Unsafe Condition,NO,Confined Space,MEDIUM,,,,,Refinery Sector 4,Electrical Panel,synthetic,stopped work,,,,False,[Oct 14] Report by W-1425: Worker used incorrect gloves for manual handling task. Supervisor corrected the action.
5d6fb6a5-7818-4837-bb82-648f1a23b842,[Oct 23] Report by W-6782: Trip hazard due to loose cables near Electrical Panel. Cables were immediately organized.,Unsafe Condition,NO,Electrical,MEDIUM,,,,,Offshore Platform 1,Electrical Panel,synthetic,stopped work,supervisor intervened,cleaned up,retrained staff,,[Oct 23] Report by W-6782: Trip hazard due to loose cables near Electrical Panel. Cables were immediately organized.
5cbb7e12-5840-43a2-9fd2-f92a5514345b,[Oct 3] Report by W-8918: Trip hazard due to loose cables near Compressor. Cables were immediately organized.,Unsafe Condition,NO,Pressure,LOW,,,,,Offshore Platform 1,Compressor,synthetic,stopped work,colleague intervened,,,False,[Oct 3] Report by W-8918: Trip hazard due to loose cables near Compressor. Cables were immediately organized.
743b3201-fb5f-475c-b7ab-84fcc3f67ca1,[Oct 24] Report by W-6399: Small oil spill near Compressor at Offshore Platform 1. Cleaned up promptly.,Unsafe Condition,NO,Working at Height,MEDIUM,,,,,Offshore Platform 1,Compressor,synthetic,stopped work,supervisor intervened,replaced equipment,,True,[Oct 24] Report by W-6399: Small oil spill near Compressor at Offshore Platform 1. Cleaned up promptly.
a34fd173-fff0-40e7-acde-d6c4d1ba5dbe,[Oct 18] Report by W-8406: Worker observed not wearing safety glasses at Unit A.,Unsafe Condition,NO,Electrical,MEDIUM,,,,,Unit A,Valve,synthetic,reported to supervisor,supervisor intervened,cleaned up,,False,[Oct 18] Report by W-8406: Worker observed not wearing safety glasses at Unit A.
185acf05-fdf0-4d7f-b0a1-80a81329a145,[Oct 20] Report by W-9437: Trip hazard due to loose cables near Heat Exchanger. Cables were immediately organized.,Unsafe Act,NO,Confined Space,MEDIUM,,,,,Unit A,Heat Exchanger,synthetic,stopped work,,replaced equipment,updated procedures,False,[Oct 20] Report by W-9437: Trip hazard due to loose cables near Heat Exchanger. Cables were immediately organized.
545730b4-21a7-4482-a71f-cc3f17d483e8,[Oct 7] Report by W-4553: Small oil spill near Compressor at Refinery Sector 4. Cleaned up promptly.,Unsafe Condition,NO,Energy Isolation,MEDIUM,,,,,Refinery Sector 4,Compressor,synthetic,stopped work,colleague intervened,,retrained staff,True,[Oct 7] Report by W-4553: Small oil spill near Compressor at Refinery Sector 4. Cleaned up promptly.
d0025a51-74de-4c71-bed4-29eb149b78d5,[Oct 16] Report by W-6775: Worker used incorrect gloves for manual handling task. Supervisor corrected the action.,Unsafe Condition,NO,Pressure,MEDIUM,,,,,Unit B,Compressor,synthetic,,,,updated procedures,False,[Oct 16] Report by W-6775: Worker used incorrect gloves for manual handling task. Supervisor corrected the action.
e958dad6-d207-42ee-985e-75d80a579793,"[Oct 7] Report by W-4643: During maintenance of the Electrical Panel at Unit A, the technician started work without isolating the equipment. The Electrical Panel was still energized.",Near Miss,YES,Confined Space,CRITICAL,,,,,Unit A,Electrical Panel,synthetic,reported to supervisor,colleague intervened,replaced equipment,updated procedures,True,"[Oct 7] Report by W-4643: During maintenance of the Electrical Panel at Unit A, the technician started work without isolating the equipment. The Electrical Panel was still energized."
bb2642c9-8a50-4923-81df-28eedc3fe63e,[Oct 24] Report by W-1463: Trip hazard due to loose cables near Valve. Cables were immediately organized.,Unsafe Act,NO,Working at Height,LOW,,,,,Offshore Platform 1,Valve,synthetic,stopped work,,,retrained staff,False,[Oct 24] Report by W-1463: Trip hazard due to loose cables near Valve. Cables were immediately organized.
76a7d50f-1035-4f8d-96f4-b7171d576a43,[Oct 19] Report by W-9330: Worker used incorrect gloves for manual handling task. Supervisor corrected the action.,Unsafe Condition,NO,Energy Isolation,MEDIUM,,,,,Refinery Sector 4,Compressor,synthetic,reported to supervisor,,replaced equipment,retrained staff,,[Oct 19] Report by W-9330: Worker used incorrect gloves for manual handling task. Supervisor corrected the action.
d05a7233-bf93-4b30-a8b2-e864a29b6cec,[Oct 21] Report by W-5989: Worker observed not wearing safety glasses at Refinery Sector 4.,Unsafe Act,NO,Electrical,MEDIUM,,,,,Refinery Sector 4,Heat Exchanger,synthetic,stopped work,,,,True,[Oct 21] Report by W-5989: Worker observed not wearing safety glasses at Refinery Sector 4.
06bbb148-a0a0-45a5-a461-41f16a671449,[Oct 19] Report by W-9084: Small oil spill near Compressor at Unit B. Cleaned up promptly.,Unsafe Act,NO,Slips/Trips,LOW,,,,,Unit B,Compressor,synthetic,reported to supervisor,supervisor intervened,,retrained staff,,[Oct 19] Report by W-9084: Small oil spill near Compressor at Unit B. Cleaned up promptly.
53f1b332-dea2-4325-ab5d-2b7aa5aba177,[Oct 24] Report by W-8573: Worker used incorrect gloves for manual handling task. Supervisor corrected the action.,Unsafe Condition,NO,Pressure,LOW,,,,,Offshore Platform 1,Electrical Panel,synthetic,,colleague intervened,cleaned up,,False,[Oct 24] Report by W-8573: Worker used incorrect gloves for manual handling task. Supervisor corrected the action.
0a164676-6d9e-415c-b99f-b5bccbf0785a,[Oct 12] Report by W-2405: Trip hazard due to loose cables near Compressor. Cables were immediately organized.,Unsafe Act,NO,Slips/Trips,LOW,,,,,Offshore Platform 1,Compressor,synthetic,reported to supervisor,colleague intervened,replaced equipment,retrained staff,False,[Oct 12] Report by W-2405: Trip hazard due to loose cables near Compressor. Cables were immediately organized.
1cc75f0e-981f-49c4-9376-aa51831cb5d4,[Oct 6] Report by W-4151: Worker used incorrect gloves for manual handling task. Supervisor corrected the action.,Unsafe Condition,NO,Energy Isolation,LOW,,,,,Unit B,Compressor,synthetic,reported to supervisor,supervisor intervened,replaced equipment,retrained staff,True,[Oct 6] Report by W-4151: Worker used incorrect gloves for manual handling task. Supervisor corrected the action.
9ad947c6-4006-4930-ad80-72f7ad344181,[Oct 24] Report by W-3095: Worker observed not wearing safety glasses at Refinery Sector 4.,Unsafe Act,NO,Confined Space,LOW,,,,,Refinery Sector 4,Compressor,synthetic,reported to supervisor,colleague intervened,cleaned up,,False,[Oct 24] Report by W-3095: Worker observed not wearing safety glasses at Refinery Sector 4.
502c0efb-2fca-4526-b2b8-355b690eb704,[Oct 8] Report by W-3308: Worker used incorrect gloves for manual handling task. Supervisor corrected the action.,Unsafe Condition,NO,Energy Isolation,MEDIUM,,,,,Offshore Platform 1,Pump,synthetic,reported to supervisor,supervisor intervened,replaced equipment,,True,[Oct 8] Report by W-3308: Worker used incorrect gloves for manual handling task. Supervisor corrected the action.
2d7d8c05-5716-4434-bdbf-7def1e258f96,[Oct 4] Report by W-3120: Trip hazard due to loose cables near Valve. Cables were immediately organized.,Unsafe Act,NO,Energy Isolation,LOW,,,,,Offshore Platform 1,Valve,synthetic,,colleague intervened,cleaned up,updated procedures,False,[Oct 4] Report by W-3120: Trip hazard due to loose cables near Valve. Cables were immediately organized.
4595cec4-5410-4db2-b6ab-d5ffb0833c71,[Oct 11] Report by W-1822: Worker used incorrect gloves for manual handling task. Supervisor corrected the action.,Unsafe Act,NO,Electrical,MEDIUM,,,,,Offshore Platform 1,Heat Exchanger,synthetic,,supervisor intervened,cleaned up,retrained staff,False,[Oct 11] Report by W-1822: Worker used incorrect gloves for manual handling task. Supervisor corrected the action.
e987650a-bd0b-4f4d-8deb-fd624e2d56cf,[Oct 18] Report by W-6926: Worker observed not wearing safety glasses at Offshore Platform 1.,Unsafe Condition,NO,Energy Isolation,LOW,,,,,Offshore Platform 1,Electrical Panel,synthetic,stopped work,supervisor intervened,,,False,[Oct 18] Report by W-6926: Worker observed not wearing safety glasses at Offshore Platform 1.
480d7f8f-3910-4a49-8835-f774ee692775,[Oct 11] Report by W-6676: Worker observed not wearing safety glasses at Unit B.,Unsafe Act,NO,Manual Handling,MEDIUM,,,,,Unit B,Compressor,synthetic,,,cleaned up,retrained staff,True,[Oct 11] Report by W-6676: Worker observed not wearing safety glasses at Unit B.
5a7b6d5d-cc09-46b7-a84a-61b595582992,[Oct 6] Report by W-2085: Trip hazard due to loose cables near Compressor. Cables were immediately organized.,Unsafe Act,NO,Electrical,MEDIUM,,,,,Refinery Sector 4,Compressor,synthetic,,,replaced equipment,retrained staff,True,[Oct 6] Report by W-2085: Trip hazard due to loose cables near Compressor. Cables were immediately organized.
6336db56-542b-4c87-9cc6-bcd7279f20f5,[Oct 22] Report by W-8814: Trip hazard due to loose cables near Electrical Panel. Cables were immediately organized.,Unsafe Condition,NO,Pressure,LOW,,,,,Unit A,Electrical Panel,synthetic,,supervisor intervened,,,False,[Oct 22] Report by W-8814: Trip hazard due to loose cables near Electrical Panel. Cables were immediately organized.
b03749e0-af45-44e7-b84f-8a9bc7442b6b,[Oct 13] Report by W-4508: Worker observed not wearing safety glasses at Unit B.,Unsafe Act,NO,Electrical,MEDIUM,,,,,Unit B,Valve,synthetic,,supervisor intervened,,updated procedures,False,[Oct 13] Report by W-4508: Worker observed not wearing safety glasses at Unit B.
3dab96f9-36c1-4481-9a06-5f08b7707765,[Oct 15] Report by W-7988: Worker observed not wearing safety glasses at Unit B.,Unsafe Act,NO,Working at Height,MEDIUM,,,,,Unit B,Valve,synthetic,reported to supervisor,colleague intervened,,updated procedures,False,[Oct 15] Report by W-7988: Worker observed not wearing safety glasses at Unit B.
317a47ba-24ed-4def-a6a3-85d6638525c0,[Oct 25] Report by W-5852: Small oil spill near Valve at Offshore Platform 1. Cleaned up promptly.,Unsafe Act,NO,Pressure,MEDIUM,,,,,Offshore Platform 1,Valve,synthetic,reported to supervisor,,cleaned up,updated procedures,False,[Oct 25] Report by W-5852: Small oil spill near Valve at Offshore Platform 1. Cleaned up promptly.
db156760-4dad-4909-9a46-fe48d16f4db4,[Oct 4] Report by W-5152: Trip hazard due to loose cables near Compressor. Cables were immediately organized.,Unsafe Act,NO,Pressure,MEDIUM,,,,,Refinery Sector 4,Compressor,synthetic,reported to supervisor,,replaced equipment,retrained staff,False,[Oct 4] Report by W-5152: Trip hazard due to loose cables near Compressor. Cables were immediately organized.
82d0285f-ab9f-4d11-b7b9-39b55e8edc95,[Oct 7] Report by W-5375: Small oil spill near Heat Exchanger at Refinery Sector 4. Cleaned up promptly.,Unsafe Condition,NO,Energy Isolation,LOW,,,,,Refinery Sector 4,Heat Exchanger,synthetic,reported to supervisor,supervisor intervened,cleaned up,retrained staff,True,[Oct 7] Report by W-5375: Small oil spill near Heat Exchanger at Refinery Sector 4. Cleaned up promptly.
972e8a13-4314-4a81-9bfb-8935e0e6cf30,[Oct 9] Report by W-3273: Worker used incorrect gloves for manual handling task. Supervisor corrected the action.,Unsafe Condition,NO,Electrical,LOW,,,,,Refinery Sector 4,Pump,synthetic,reported to supervisor,supervisor intervened,cleaned up,updated procedures,,[Oct 9] Report by W-3273: Worker used incorrect gloves for manual handling task. Supervisor corrected the action.
64d09dfd-221a-4053-a55e-750072e812a6,[Oct 17] Report by W-2256: Worker observed not wearing safety glasses at Unit A.,Unsafe Condition,NO,Pressure,LOW,,,,,Unit A,Heat Exchanger,synthetic,stopped work,,cleaned up,retrained staff,False,[Oct 17] Report by W-2256: Worker observed not wearing safety glasses at Unit A.
894cffb5-3508-47d0-9cb5-2df3030a6bc7,<div><p>[Oct 7] Report by W-1768: Trip hazard due to loose cables near Electrical Panel. Cables were immediately organized.</p></div>,Unsafe Act,NO,Slips/Trips,LOW,,,,,Refinery Sector 4,Electrical Panel,synthetic,,colleague intervened,cleaned up,retrained staff,,[Oct 7] Report by W-1768: Trip hazard due to loose cables near Electrical Panel. Cables were immediately organized.
54ec26eb-c912-4656-afdf-8829ee19ab68,[Oct 23] Report by W-9308: Trip hazard due to loose cables near Compressor. Cables were immediately organized.,Unsafe Condition,NO,Electrical,LOW,,,,,Unit B,Compressor,synthetic,reported to supervisor,colleague intervened,replaced equipment,retrained staff,,[Oct 23] Report by W-9308: Trip hazard due to loose cables near Compressor. Cables were immediately organized.
51070314-c9c2-4286-9018-22b3e0f7c676,[Oct 13] Report by W-5494: Worker observed not wearing safety glasses at Unit A.,Unsafe Condition,NO,Electrical,LOW,,,,,Unit A,Compressor,synthetic,,,cleaned up,retrained staff,True,[Oct 13] Report by W-5494: Worker observed not wearing safety glasses at Unit A.
e1de8ab0-d83a-4d6b-9601-f92aa3823f85,[Oct 12] Report by W-4825: Worker observed not wearing safety glasses at Refinery Sector 4.,Unsafe Condition,NO,Working at Height,LOW,,,,,Refinery Sector 4,Pump,synthetic,,supervisor intervened,replaced equipment,updated procedures,False,[Oct 12] Report by W-4825: Worker observed not wearing safety glasses at Refinery Sector 4.
e9c6c666-6d3c-4fa9-a349-a7e623042694,"[Oct 2] Report by W-7553: During maintenance of the Heat Exchanger at Offshore Platform 1, the technician started work without isolating the equipment. The Heat Exchanger was still energized.",Unsafe Act,YES,Energy Isolation,CRITICAL,,,,,Offshore Platform 1,Heat Exchanger,synthetic,stopped work,colleague intervened,,updated procedures,False,"[Oct 2] Report by W-7553: During maintenance of the Heat Exchanger at Offshore Platform 1, the technician started work without isolating the equipment. The Heat Exchanger was still energized."
8f5775ce-bd2a-4e7c-a8ba-f896b05d76b4,[Oct 22] Report by W-9736: Small oil spill near Valve at Unit A. Cleaned up promptly.,Unsafe Condition,NO,Manual Handling,LOW,,,,,Unit A,Valve,synthetic,stopped work,colleague intervened,cleaned up,,,[Oct 22] Report by W-9736: Small oil spill near Valve at Unit A. Cleaned up promptly.
bd62780b-99a4-4a48-a472-a0d6ddbd0bbc,[Oct 4] Report by W-9139: Small oil spill near Electrical Panel at Offshore Platform 1. Cleaned up promptly.,Unsafe Condition,NO,Pressure,LOW,,,,,Offshore Platform 1,Electrical Panel,synthetic,reported to supervisor,,replaced equipment,retrained staff,,[Oct 4] Report by W-9139: Small oil spill near Electrical Panel at Offshore Platform 1. Cleaned up promptly.
ea5a5873-d490-4006-96a0-d01eab578ad8,[Oct 20] Report by W-1717: Small oil spill near Electrical Panel at Unit A. Cleaned up promptly.,Unsafe Act,NO,Energy Isolation,MEDIUM,,,,,Unit A,Electrical Panel,synthetic,reported to supervisor,supervisor intervened,cleaned up,retrained staff,True,[Oct 20] Report by W-1717: Small oil spill near Electrical Panel at Unit A. Cleaned up promptly.
97dcf5a8-6b2e-4075-a1ae-a8a830642e0a,[Oct 25] Report by W-3256: Small oil spill near Heat Exchanger at Offshore Platform 1. Cleaned up promptly.,Unsafe Condition,NO,Electrical,MEDIUM,,,,,Offshore Platform 1,Heat Exchanger,synthetic,stopped work,,cleaned up,updated procedures,True,[Oct 25] Report by W-3256: Small oil spill near Heat Exchanger at Offshore Platform 1. Cleaned up promptly.
e97819eb-9c79-4ee0-88f4-7a5e2ad0c6de,[Oct 7] Report by W-8883: Worker used incorrect gloves for manual handling task. Supervisor corrected the action.,Unsafe Condition,NO,Confined Space,LOW,,,,,Unit A,Compressor,synthetic,reported to supervisor,supervisor intervened,replaced equipment,,,[Oct 7] Report by W-8883: Worker used incorrect gloves for manual handling task. Supervisor corrected the action.
4a849b65-388d-4ae7-af98-22f1405ba704,[Oct 15] Report by W-9891: Trip hazard due to loose cables near Compressor. Cables were immediately organized.,Unsafe Condition,NO,Electrical,LOW,,,,,Offshore Platform 1,Compressor,synthetic,stopped work,,replaced equipment,retrained staff,True,[Oct 15] Report by W-9891: Trip hazard due to loose cables near Compressor. Cables were immediately organized.
e9deb0b8-b2ae-471f-8218-f7b975b19377,[Oct 4] Report by W-1484: Worker observed not wearing safety glasses at Offshore Platform 1.,Unsafe Condition,NO,Electrical,MEDIUM,,,,,Offshore Platform 1,Pump,synthetic,reported to supervisor,,,updated procedures,,[Oct 4] Report by W-1484: Worker observed not wearing safety glasses at Offshore Platform 1.
3cd6de6b-6853-4c3a-b4e3-3ef1eae232d6,[Oct 9] Report by W-2163: Worker observed not wearing safety glasses at Unit B.,Unsafe Act,NO,Energy Isolation,LOW,,,,,Unit B,Electrical Panel,synthetic,,,,retrained staff,True,[Oct 9] Report by W-2163: Worker observed not wearing safety glasses at Unit B.
6a561618-764b-4c0a-b502-7219525be46f,[Oct 13] Report by W-3785: Small oil spill near Heat Exchanger at Unit B. Cleaned up promptly.,Unsafe Condition,NO,Working at Height,LOW,,,,,Unit B,Heat Exchanger,synthetic,,colleague intervened,cleaned up,updated procedures,True,[Oct 13] Report by W-3785: Small oil spill near Heat Exchanger at Unit B. Cleaned up promptly.
fdc32217-4d2f-49f5-9f06-41b8f3b2c78e,[Oct 16] Report by W-6547: Worker observed not wearing safety glasses at Unit B.,Unsafe Act,NO,Electrical,LOW,,,,,Unit B,Compressor,synthetic,stopped work,,replaced equipment,retrained staff,,[Oct 16] Report by W-6547: Worker observed not wearing safety glasses at Unit B.
d1ef485d-b8f2-40ef-b1fc-4a874ed38645,[Oct 27] Report by W-6582: Worker observed not wearing safety glasses at Unit B.,Unsafe Condition,NO,Slips/Trips,MEDIUM,,,,,Unit B,Heat Exchanger,synthetic,reported to supervisor,supervisor intervened,cleaned up,,,[Oct 27] Report by W-6582: Worker observed not wearing safety glasses at Unit B.
e474edb4-5537-41c2-8a0d-0641de372ec0,[Oct 21] Report by W-2315: Worker observed not wearing safety glasses at Offshore Platform 1.,Unsafe Act,NO,Confined Space,MEDIUM,,,,,Offshore Platform 1,Compressor,synthetic,stopped work,colleague intervened,,updated procedures,True,[Oct 21] Report by W-2315: Worker observed not wearing safety glasses at Offshore Platform 1.
6a7b5fde-c244-4529-b2be-46899c6c4a82,[Oct 28] Report by W-1898: Small oil spill near Valve at Unit B. Cleaned up promptly.,Unsafe Act,NO,Manual Handling,MEDIUM,,,,,Unit B,Valve,synthetic,reported to supervisor,colleague intervened,replaced equipment,updated procedures,,[Oct 28] Report by W-1898: Small oil spill near Valve at Unit B. Cleaned up promptly.
a711dd26-2757-4417-8de9-d3f374383e76,"[Oct 9] Report by W-8745: During maintenance of the Heat Exchanger at Unit A, the technician started work without isolating the equipment. The Heat Exchanger was still energized.",Unsafe Act,YES,Energy Isolation,HIGH,,,,,Unit A,Heat Exchanger,synthetic,,,cleaned up,retrained staff,True,"[Oct 9] Report by W-8745: During maintenance of the Heat Exchanger at Unit A, the technician started work without isolating the equipment. The Heat Exchanger was still energized."
3564df54-af0c-4977-91c0-06cc9a3c1d9f,[Oct 2] Report by W-5337: Trip hazard due to loose cables near Electrical Panel. Cables were immediately organized.,Unsafe Condition,NO,Pressure,LOW,,,,,Unit A,Electrical Panel,synthetic,,supervisor intervened,cleaned up,retrained staff,,[Oct 2] Report by W-5337: Trip hazard due to loose cables near Electrical Panel. Cables were immediately organized.
563d688a-bee5-4502-b3bf-d4593bf14b2c,[Oct 6] Report by W-3634: Worker used incorrect gloves for manual handling task. Supervisor corrected the action.,Unsafe Act,NO,Electrical,MEDIUM,,,,,Refinery Sector 4,Pump,synthetic,stopped work,colleague intervened,,updated procedures,False,[Oct 6] Report by W-3634: Worker used incorrect gloves for manual handling task. Supervisor corrected the action.
bc2234e5-bacc-40f5-a59b-f1cfc8b81456,[Oct 4] Report by W-6826: Worker observed not wearing safety glasses at Unit B.,Unsafe Condition,NO,Confined Space,LOW,,,,,Unit B,Pump,synthetic,stopped work,,,updated procedures,False,[Oct 4] Report by W-6826: Worker observed not wearing safety glasses at Unit B.
81a51616-fc93-40c8-8f8b-06ba45c86652,[Oct 11] Report by W-5303: Worker used incorrect gloves for manual handling task. Supervisor corrected the action.,Unsafe Condition,NO,Pressure,LOW,,,,,Offshore Platform 1,Heat Exchanger,synthetic,reported to supervisor,supervisor intervened,replaced equipment,retrained staff,False,[Oct 11] Report by W-5303: Worker used incorrect gloves for manual handling task. Supervisor corrected the action.
ea2f8f09-dd59-4ba6-9e74-e5f3352109d0,[Oct 20] Report by W-2521: Worker observed not wearing safety glasses at Unit A.,Unsafe Condition,NO,Pressure,MEDIUM,,,,,Unit A,Electrical Panel,synthetic,reported to supervisor,colleague intervened,,updated procedures,True,[Oct 20] Report by W-2521: Worker observed not wearing safety glasses at Unit A.
12258887-d291-4f32-b469-afd110514f81,[Oct 12] Report by W-2587: Trip hazard due to loose cables near Compressor. Cables were immediately organized.,Unsafe Act,NO,Pressure,LOW,,,,,Refinery Sector 4,Compressor,synthetic,stopped work,colleague intervened,cleaned up,updated procedures,True,[Oct 12] Report by W-2587: Trip hazard due to loose cables near Compressor. Cables were immediately organized.
6e916ee9-da3b-477b-ab68-1eeb427c7df4,[Oct 25] Report by W-8479: Worker observed not wearing safety glasses at Offshore Platform 1.,Unsafe Act,NO,Slips/Trips,LOW,,,,,Offshore Platform 1,Pump,synthetic,stopped work,colleague intervened,replaced equipment,updated procedures,False,[Oct 25] Report by W-8479: Worker observed not wearing safety glasses at Offshore Platform 1.
5b7d9be1-0ca3-4ff9-a146-46f39908675b,[Oct 21] Report by W-6530: Worker used incorrect gloves for manual handling task. Supervisor corrected the action.,Unsafe Condition,NO,Energy Isolation,MEDIUM,,,,,Unit A,Heat Exchanger,synthetic,,supervisor intervened,replaced equipment,updated procedures,True,[Oct 21] Report by W-6530: Worker used incorrect gloves for manual handling task. Supervisor corrected the action.
c911afb3-0496-4347-a4d4-444da9296ae1,[Oct 1] Report by W-3180: Trip hazard due to loose cables near Valve. Cables were immediately organized.,Unsafe Condition,NO,Manual Handling,MEDIUM,,,,,Unit B,Valve,synthetic,stopped work,supervisor intervened,replaced equipment,,,[Oct 1] Report by W-3180: Trip hazard due to loose cables near Valve. Cables were immediately organized.
8422d39d-6860-4d3e-8a79-f3b38e533117,[Oct 12] Report by W-7480: Worker used incorrect gloves for manual handling task. Supervisor corrected the action.,Unsafe Act,NO,Pressure,MEDIUM,,,,,Unit B,Electrical Panel,synthetic,,,cleaned up,retrained staff,False,[Oct 12] Report by W-7480: Worker used incorrect gloves for manual handling task. Supervisor corrected the action.
485dd6d2-7de3-4feb-be62-3eab697f3866,[Oct 19] Report by W-1277: Worker used incorrect gloves for manual handling task. Supervisor corrected the action.,Unsafe Condition,NO,Working at Height,LOW,,,,,Unit B,Electrical Panel,synthetic,stopped work,supervisor intervened,,,,[Oct 19] Report by W-1277: Worker used incorrect gloves for manual handling task. Supervisor corrected the action.
909ded6b-2e74-4f17-9c8e-240edb1f9993,[Oct 6] Report by W-3564: Small oil spill near Heat Exchanger at Refinery Sector 4. Cleaned up promptly.,Unsafe Act,NO,Energy Isolation,MEDIUM,,,,,Refinery Sector 4,Heat Exchanger,synthetic,stopped work,colleague intervened,replaced equipment,,,[Oct 6] Report by W-3564: Small oil spill near Heat Exchanger at Refinery Sector 4. Cleaned up promptly.
1fa38a8a-8f89-459b-bf88-7a2b84162453,[Oct 21] Report by W-7056: Small oil spill near Pump at Refinery Sector 4. Cleaned up promptly.,Unsafe Act,NO,Slips/Trips,MEDIUM,,,,,Refinery Sector 4,Pump,synthetic,reported to supervisor,supervisor intervened,,,False,[Oct 21] Report by W-7056: Small oil spill near Pump at Refinery Sector 4. Cleaned up promptly.
839f46ba-a668-458f-bfd4-93fb808c82dc,[Oct 1] Report by W-9955: Small oil spill near Electrical Panel at Unit A. Cleaned up promptly.,Unsafe Act,NO,Working at Height,LOW,,,,,Unit A,Electrical Panel,synthetic,stopped work,supervisor intervened,,retrained staff,True,[Oct 1] Report by W-9955: Small oil spill near Electrical Panel at Unit A. Cleaned up promptly.
962d8afe-5c02-4594-9da2-ac97719f034e,[Oct 22] Report by W-1809: Worker observed not wearing safety glasses at Refinery Sector 4.,Unsafe Act,NO,Energy Isolation,MEDIUM,,,,,Refinery Sector 4,Valve,synthetic,stopped work,supervisor intervened,,,,[Oct 22] Report by W-1809: Worker observed not wearing safety glasses at Refinery Sector 4.
da490bc5-3f3d-4e12-b269-68808a48958e,[Oct 24] Report by W-8985: Trip hazard due to loose cables near Valve. Cables were immediately organized.,Unsafe Condition,NO,Electrical,LOW,,,,,Unit A,Valve,synthetic,stopped work,supervisor intervened,replaced equipment,retrained staff,,[Oct 24] Report by W-8985: Trip hazard due to loose cables near Valve. Cables were immediately organized.
324e35f7-47d4-432d-bf8e-29b3bbb1aff6,<div><p>[Oct 21] Report by W-5289: Small oil spill near Pump at Unit B. Cleaned up promptly.</p></div>,Unsafe Act,NO,Confined Space,LOW,,,,,Unit B,Pump,synthetic,,colleague intervened,cleaned up,updated procedures,,[Oct 21] Report by W-5289: Small oil spill near Pump at Unit B. Cleaned up promptly.
6dbbcff5-c95e-4c3a-8131-34f7c21cd898,[Oct 18] Report by W-5929: Worker used incorrect gloves for manual handling task. Supervisor corrected the action.,Unsafe Condition,NO,Manual Handling,LOW,,,,,Offshore Platform 1,Heat Exchanger,synthetic,,supervisor intervened,,updated procedures,True,[Oct 18] Report by W-5929: Worker used incorrect gloves for manual handling task. Supervisor corrected the action.
6d356443-191f-4f03-9d53-57e09dc676aa,[Oct 16] Report by W-6202: Worker used incorrect gloves for manual handling task. Supervisor corrected the action.,Unsafe Act,NO,Slips/Trips,LOW,,,,,Offshore Platform 1,Pump,synthetic,,,replaced equipment,retrained staff,False,[Oct 16] Report by W-6202: Worker used incorrect gloves for manual handling task. Supervisor corrected the action.
d46955bf-fea6-40cf-a092-377b8d1bdb53,[Oct 11] Report by W-6883: Worker used incorrect gloves for manual handling task. Supervisor corrected the action.,Unsafe Condition,NO,Energy Isolation,MEDIUM,,,,,Refinery Sector 4,Valve,synthetic,stopped work,colleague intervened,cleaned up,,True,[Oct 11] Report by W-6883: Worker used incorrect gloves for manual handling task. Supervisor corrected the action.
b5e57243-0e8c-4c84-bb7e-52b8da3901d1,<div><p>[Oct 18] Report by W-5779: Small oil spill near Heat Exchanger at Offshore Platform 1. Cleaned up promptly.</p></div>,Unsafe Act,NO,Pressure,MEDIUM,,,,,Offshore Platform 1,Heat Exchanger,synthetic,reported to supervisor,colleague intervened,,retrained staff,True,[Oct 18] Report by W-5779: Small oil spill near Heat Exchanger at Offshore Platform 1. Cleaned up promptly.
1ceb89eb-a94a-48df-82ae-7fdcc4d9abf6,[Oct 20] Report by W-5706: Trip hazard due to loose cables near Electrical Panel. Cables were immediately organized.,Unsafe Condition,NO,Working at Height,LOW,,,,,Unit A,Electrical Panel,synthetic,stopped work,colleague intervened,replaced equipment,,False,[Oct 20] Report by W-5706: Trip hazard due to loose cables near Electrical Panel. Cables were immediately organized.
b5dce1c7-cf46-4154-a2b2-213e9d4aee0c,[Oct 18] Report by W-2033: Worker observed not wearing safety glasses at Refinery Sector 4.,Unsafe Condition,NO,Slips/Trips,MEDIUM,,,,,Refinery Sector 4,Compressor,synthetic,reported to supervisor,supervisor intervened,cleaned up,,False,[Oct 18] Report by W-2033: Worker observed not wearing safety glasses at Refinery Sector 4.
73ad6f64-06b8-4731-b1bc-a533773c1883,[Oct 10] Report by W-7391: Trip hazard due to loose cables near Electrical Panel. Cables were immediately organized.,Unsafe Condition,NO,Confined Space,MEDIUM,,,,,Offshore Platform 1,Electrical Panel,synthetic,,supervisor intervened,,,False,[Oct 10] Report by W-7391: Trip hazard due to loose cables near Electrical Panel. Cables were immediately organized.
660ecf19-767e-401b-8728-a2da690b219b,[Oct 7] Report by W-8713: Small oil spill near Compressor at Unit B. Cleaned up promptly.,Unsafe Condition,NO,Confined Space,LOW,,,,,Unit B,Compressor,synthetic,stopped work,,replaced equipment,retrained staff,,[Oct 7] Report by W-8713: Small oil spill near Compressor at Unit B. Cleaned up promptly.
f7ec1f96-7fb1-497e-9c3a-45124512490f,<div><p>[Oct 25] Report by W-3031: Trip hazard due to loose cables near Compressor. Cables were immediately organized.</p></div>,Unsafe Act,NO,Manual Handling,LOW,,,,,Unit A,Compressor,synthetic,,colleague intervened,,retrained staff,True,[Oct 25] Report by W-3031: Trip hazard due to loose cables near Compressor. Cables were immediately organized.
04f80e15-069a-4f8d-b96f-53c04bd73b1a,[Oct 2] Report by W-6703: Small oil spill near Compressor at Refinery Sector 4. Cleaned up promptly.,Unsafe Act,NO,Electrical,LOW,,,,,Refinery Sector 4,Compressor,synthetic,stopped work,supervisor intervened,,,False,[Oct 2] Report by W-6703: Small oil spill near Compressor at Refinery Sector 4. Cleaned up promptly.
ea6b6485-01f1-476c-a748-d9a33154a583,[Oct 18] Report by W-9547: Small oil spill near Valve at Offshore Platform 1. Cleaned up promptly.,Unsafe Act,NO,Energy Isolation,LOW,,,,,Offshore Platform 1,Valve,synthetic,stopped work,,,updated procedures,True,[Oct 18] Report by W-9547: Small oil spill near Valve at Offshore Platform 1. Cleaned up promptly.
