report_id,report_type,timestamp,location,department,equipment,raw_text,cleaned_text,metadata,sif_label,hazard_category,severity,immediate_action,intervention,corrective_action,preventive_action,work_stopped
82aa5263-34b2-4c83-9dc5-11ef9115dedd,Unsafe Act,,Unit B,,Electrical Panel,Worker observed not wearing safety glasses at Unit B.,Worker observed not wearing safety glasses at Unit B.,{},NO,Working at Height,LOW,stopped work,colleague intervened,,,
480f8dc3-261a-46ad-b4c3-a1259729f5c5,Unsafe Act,,Unit A,,Valve,Line opened with residual pressure on the Valve. High-energy release narrowly missed the operator.,Line opened with residual pressure on the Valve. High-energy release narrowly missed the operator.,{},YES,Energy Isolation,CRITICAL,reported to supervisor,,replaced equipment,retrained staff,True
0ae3d5a9-66dd-40fa-a448-89abe234301f,Unsafe Act,,Unit B,,Compressor,Worker used incorrect gloves for manual handling task. Supervisor corrected the action.,Worker used incorrect gloves for manual handling task. Supervisor corrected the action.,{},NO,Energy Isolation,LOW,,supervisor intervened,replaced equipment,updated procedures,
44296dba-c7a6-40f3-9a3a-c6cfa7c000bd,Unsafe Act,,Offshore Platform 1,,Pump,Worker observed not wearing safety glasses at Offshore Platform 1.,Worker observed not wearing safety glasses at Offshore Platform 1.,{},NO,Slips/Trips,LOW,reported to supervisor,supervisor intervened,,,True
6bb1bbba-991d-4eae-b6fc-29c9a932258a,Unsafe Act,,Refinery Sector 4,,Compressor,Small oil spill near Compressor at Refinery Sector 4. Cleaned up promptly.,Small oil spill near Compressor at Refinery Sector 4. Cleaned up promptly.,{},NO,Manual Handling,LOW,,colleague intervened,,,True
eff95fd7-f19b-4629-a549-e6c200121bdd,Unsafe Act,,Unit A,,Electrical Panel,Trip hazard due to loose cables near Electrical Panel. Cables were immediately organized.,Trip hazard due to loose cables near Electrical Panel. Cables were immediately organized.,{},NO,Electrical,LOW,,,,updated procedures,False
e494d840-1fa0-4ebe-a49a-f0b07147d073,Unsafe Act,,Refinery Sector 4,,Compressor,Worker observed not wearing safety glasses at Refinery Sector 4.,Worker observed not wearing safety glasses at Refinery Sector 4.,{},NO,Energy Isolation,MEDIUM,,colleague intervened,replaced equipment,updated procedures,
70bcbda1-4b98-4910-ac61-c3181144030a,Unsafe Act,,Unit B,,Compressor,"While working at Unit B, worker was at height without fall protection. Serious risk of fatal fall.","While working at Unit B, worker was at height without fall protection. Serious risk of fatal fall.",{},YES,Confined Space,CRITICAL,reported to supervisor,supervisor intervened,cleaned up,retrained staff,False
b4cb2f59-4c31-40bd-8866-cb615fb261cc,Unsafe Act,,Unit A,,Compressor,Worker used incorrect gloves for manual handling task. Supervisor corrected the action.,Worker used incorrect gloves for manual handling task. Supervisor corrected the action.,{},NO,Working at Height,MEDIUM,,,,,True
a5fa4547-1324-40ec-9e89-f8246abc43ea,Unsafe Condition,,Refinery Sector 4,,Pump,Worker observed not wearing safety glasses at Refinery Sector 4.,Worker observed not wearing safety glasses at Refinery Sector 4.,{},NO,Pressure,MEDIUM,stopped work,,,,
ba28f3fd-97a6-47db-a6cd-d5c8d3b0027c,Unsafe Act,,Refinery Sector 4,,Electrical Panel,Line opened with residual pressure on the Electrical Panel. High-energy release narrowly missed the operator.,Line opened with residual pressure on the Electrical Panel. High-energy release narrowly missed the operator.,{},YES,Energy Isolation,HIGH,reported to supervisor,,,updated procedures,True
05d75027-060f-46ea-a858-5085ab3efb98,Unsafe Condition,,Unit B,,Heat Exchanger,Worker used incorrect gloves for manual handling task. Supervisor corrected the action.,Worker used incorrect gloves for manual handling task. Supervisor corrected the action.,{},NO,Pressure,MEDIUM,stopped work,,replaced equipment,retrained staff,
dd0eae3d-8a7f-4ac5-8e16-b0cda42d56e1,Unsafe Condition,,Unit A,,Valve,Trip hazard due to loose cables near Valve. Cables were immediately organized.,Trip hazard due to loose cables near Valve. Cables were immediately organized.,{},NO,Energy Isolation,LOW,stopped work,colleague intervened,,,False
15ac57fe-247f-4922-9db2-b02107c285d1,Unsafe Act,,Unit B,,Electrical Panel,Small oil spill near Electrical Panel at Unit B. Cleaned up promptly.,Small oil spill near Electrical Panel at Unit B. Cleaned up promptly.,{},NO,Working at Height,LOW,,colleague intervened,replaced equipment,,
7fb332ee-daee-4c33-8979-0a4c88ca5c72,Unsafe Condition,,Unit B,,Electrical Panel,Worker observed not wearing safety glasses at Unit B.,Worker observed not wearing safety glasses at Unit B.,{},NO,Slips/Trips,LOW,stopped work,supervisor intervened,replaced equipment,retrained staff,False
0fe06c46-82f8-4ddf-a5ce-71edd2ea391c,Unsafe Act,,Refinery Sector 4,,Heat Exchanger,Small oil spill near Heat Exchanger at Refinery Sector 4. Cleaned up promptly.,Small oil spill near Heat Exchanger at Refinery Sector 4. Cleaned up promptly.,{},NO,Manual Handling,LOW,reported to supervisor,colleague intervened,replaced equipment,updated procedures,
8ab3305c-ed6f-44fe-9aed-00ca0385ce30,Unsafe Condition,,Refinery Sector 4,,Electrical Panel,Small oil spill near Electrical Panel at Refinery Sector 4. Cleaned up promptly.,Small oil spill near Electrical Panel at Refinery Sector 4. Cleaned up promptly.,{},NO,Pressure,LOW,stopped work,supervisor intervened,,retrained staff,True
62dcf83a-e6c9-4634-bff2-14b1d04df12a,Unsafe Condition,,Unit B,,Compressor,Trip hazard due to loose cables near Compressor. Cables were immediately organized.,Trip hazard due to loose cables near Compressor. Cables were immediately organized.,{},NO,Slips/Trips,MEDIUM,reported to supervisor,,,updated procedures,
f544b43a-a9db-4e5a-8529-ccf48d5cc182,Unsafe Act,,Offshore Platform 1,,Valve,Small oil spill near Valve at Offshore Platform 1. Cleaned up promptly.,Small oil spill near Valve at Offshore Platform 1. Cleaned up promptly.,{},NO,Working at Height,MEDIUM,,colleague intervened,replaced equipment,updated procedures,
48e72e88-7173-4bde-9a72-a92465ef8257,Unsafe Act,,Offshore Platform 1,,Valve,Worker used incorrect gloves for manual handling task. Supervisor corrected the action.,Worker used incorrect gloves for manual handling task. Supervisor corrected the action.,{},NO,Pressure,LOW,stopped work,,cleaned up,retrained staff,False
2f0058b7-af40-494f-85f0-93ed13acefe9,Unsafe Condition,,Unit A,,Compressor,,,{},NO,Confined Space,MEDIUM,,,,updated procedures,True
8d2d8347-b4c0-4888-990e-71a86bb86d51,Unsafe Condition,,Unit A,,Electrical Panel,Trip hazard due to loose cables near Electrical Panel. Cables were immediately organized.,Trip hazard due to loose cables near Electrical Panel. Cables were immediately organized.,{},NO,Energy Isolation,MEDIUM,,,,updated procedures,False
26f64e67-58ac-4401-987a-0413b52cc3fc,Unsafe Condition,,Refinery Sector 4,,Valve,Worker used incorrect gloves for manual handling task. Supervisor corrected the action.,Worker used incorrect gloves for manual handling task. Supervisor corrected the action.,{},NO,Energy Isolation,MEDIUM,,supervisor intervened,cleaned up,,False
41977200-2bda-460e-883b-318b9be49d27,Unsafe Act,,Unit B,,Electrical Panel,Worker observed not wearing safety glasses at Unit B.,Worker observed not wearing safety glasses at Unit B.,{},NO,Confined Space,LOW,reported to supervisor,,,,True
17958f4e-914a-42e9-96a4-483eabed41cc,Unsafe Act,,Refinery Sector 4,,Electrical Panel,Trip hazard due to loose cables near Electrical Panel. Cables were immediately organized.,Trip hazard due to loose cables near Electrical Panel. Cables were immediately organized.,{},NO,Working at Height,MEDIUM,stopped work,colleague intervened,replaced equipment,,False
0434f3e1-5541-497c-b829-c702c972c492,Unsafe Condition,,Refinery Sector 4,,Valve,Small oil spill near Valve at Refinery Sector 4. Cleaned up promptly.,Small oil spill near Valve at Refinery Sector 4. Cleaned up promptly.,{},NO,Working at Height,MEDIUM,stopped work,colleague intervened,cleaned up,retrained staff,False
d287ebef-9315-4de1-aa3b-a3640fc0c272,Unsafe Condition,,Refinery Sector 4,,Compressor,Trip hazard due to loose cables near Compressor. Cables were immediately organized.,Trip hazard due to loose cables near Compressor. Cables were immediately organized.,{},NO,Slips/Trips,MEDIUM,stopped work,,cleaned up,retrained staff,True
c316e557-a399-4375-b632-86918acf655e,Unsafe Act,,Unit B,,Valve,Trip hazard due to loose cables near Valve. Cables were immediately organized.,Trip hazard due to loose cables near Valve. Cables were immediately organized.,{},NO,Electrical,MEDIUM,reported to supervisor,supervisor intervened,replaced equipment,retrained staff,False
83086fcd-fe9c-4d6f-8771-bcd4021a5b6c,Unsafe Act,,Unit B,,Compressor,Small oil spill near Compressor at Unit B. Cleaned up promptly.,Small oil spill near Compressor at Unit B. Cleaned up promptly.,{},NO,Confined Space,MEDIUM,reported to supervisor,,cleaned up,,True
a46e110e-ec35-4a61-9ed3-d11d28fe09d2,Near Miss,,Refinery Sector 4,,Compressor,"During maintenance of the Compressor at Refinery Sector 4, the technician started work without isolating the equipment. The Compressor was still energized.","During maintenance of the Compressor at Refinery Sector 4, the technician started work without isolating the equipment. The Compressor was still energized.",{},YES,Working at Height,CRITICAL,reported to supervisor,supervisor intervened,replaced equipment,,False
384556be-d1f7-4f15-92a8-8e8cce8c2a8b,Unsafe Act,,Unit B,,Electrical Panel,Worker observed not wearing safety glasses at Unit B.,Worker observed not wearing safety glasses at Unit B.,{},NO,Electrical,LOW,reported to supervisor,,replaced equipment,,True
a975b09f-cf9d-4f69-8766-b8c13291dd8a,Unsafe Act,,Unit B,,Electrical Panel,Line opened with residual pressure on the Electrical Panel. High-energy release narrowly missed the operator.,Line opened with residual pressure on the Electrical Panel. High-energy release narrowly missed the operator.,{},YES,Confined Space,HIGH,reported to supervisor,colleague intervened,replaced equipment,,False
f1c3af38-6760-470c-b1f9-b3ae749ba11e,Unsafe Condition,,Refinery Sector 4,,Compressor,Worker observed not wearing safety glasses at Refinery Sector 4.,Worker observed not wearing safety glasses at Refinery Sector 4.,{},NO,Pressure,LOW,stopped work,,cleaned up,,
311580b9-a189-45a3-9aaa-b4904a1578b0,Unsafe Act,,Unit A,,Valve,Small oil spill near Valve at Unit A. Cleaned up promptly.,Small oil spill near Valve at Unit A. Cleaned up promptly.,{},NO,Pressure,MEDIUM,,,,retrained staff,True
85701770-b236-4e2c-aebe-5760c21db013,Unsafe Condition,,Offshore Platform 1,,Electrical Panel,Trip hazard due to loose cables near Electrical Panel. Cables were immediately organized.,Trip hazard due to loose cables near Electrical Panel. Cables were immediately organized.,{},NO,Pressure,LOW,reported to supervisor,supervisor intervened,replaced equipment,retrained staff,
c58c665d-93a8-4b04-99cd-9cf52efce4b5,Unsafe Act,,Unit B,,Valve,Worker observed not wearing safety glasses at Unit B.,Worker observed not wearing safety glasses at Unit B.,{},NO,Energy Isolation,MEDIUM,reported to supervisor,colleague intervened,cleaned up,retrained staff,False
98b59e42-ed60-4f98-8c0d-01e8376522ff,Unsafe Act,,Unit B,,Heat Exchanger,Worker used incorrect gloves for manual handling task. Supervisor corrected the action.,Worker used incorrect gloves for manual handling task. Supervisor corrected the action.,{},NO,Working at Height,MEDIUM,stopped work,supervisor intervened,replaced equipment,,False
1b7d2f95-6df4-4845-aed6-4a0d5f318cb9,Unsafe Condition,,Refinery Sector 4,,Heat Exchanger,Small oil spill near Heat Exchanger at Refinery Sector 4. Cleaned up promptly.,Small oil spill near Heat Exchanger at Refinery Sector 4. Cleaned up promptly.,{},NO,Working at Height,LOW,reported to supervisor,,replaced equipment,retrained staff,
ab4310af-82a2-4797-9c9e-4aebab88a0ec,Unsafe Act,,Offshore Platform 1,,Pump,Worker used incorrect gloves for manual handling task. Supervisor corrected the action.,Worker used incorrect gloves for manual handling task. Supervisor corrected the action.,{},NO,Working at Height,LOW,reported to supervisor,,,,
fea6f36a-3a96-4969-b91f-b8c592dfe8ed,Unsafe Act,,Offshore Platform 1,,Pump,Worker used incorrect gloves for manual handling task. Supervisor corrected the action.,Worker used incorrect gloves for manual handling task. Supervisor corrected the action.,{},NO,Working at Height,LOW,reported to supervisor,,,,
39125e01-ec4f-4da4-a58a-60ee0dbebe18,Unsafe Condition,,Offshore Platform 1,,Pump,Worker observed not wearing safety glasses at Offshore Platform 1.,Worker observed not wearing safety glasses at Offshore Platform 1.,{},NO,Pressure,LOW,stopped work,colleague intervened,,updated procedures,
55bc1503-5730-4e17-8376-194b3c70fab3,Unsafe Condition,,Unit A,,Pump,Trip hazard due to loose cables near Pump. Cables were immediately organized.,Trip hazard due to loose cables near Pump. Cables were immediately organized.,{},NO,Slips/Trips,LOW,,,,retrained staff,True
f05cacd0-b596-4a48-8610-b7fc991b739f,Unsafe Act,,Unit A,,Heat Exchanger,Worker used incorrect gloves for manual handling task. Supervisor corrected the action.,Worker used incorrect gloves for manual handling task. Supervisor corrected the action.,{},NO,Working at Height,MEDIUM,reported to supervisor,supervisor intervened,cleaned up,,False
7751b013-f174-4914-af75-0ed7483108cd,Unsafe Act,,Unit B,,Pump,Trip hazard due to loose cables near Pump. Cables were immediately organized.,Trip hazard due to loose cables near Pump. Cables were immediately organized.,{},NO,Manual Handling,MEDIUM,,colleague intervened,,retrained staff,
8c375ad8-fb86-4163-bf4a-4956ea8f4047,Unsafe Condition,,Unit B,,Heat Exchanger,Small oil spill near Heat Exchanger at Unit B. Cleaned up promptly.,Small oil spill near Heat Exchanger at Unit B. Cleaned up promptly.,{},NO,Working at Height,MEDIUM,reported to supervisor,colleague intervened,cleaned up,,
029c2700-44d2-4370-987a-4e922ed99e24,Unsafe Act,,Refinery Sector 4,,Pump,,,{},NO,Confined Space,LOW,,,cleaned up,retrained staff,False
ed9ec8e3-ec92-40c0-8616-0066bd8f319f,Unsafe Condition,,Unit A,,Electrical Panel,Worker observed not wearing safety glasses at Unit A.,Worker observed not wearing safety glasses at Unit A.,{},NO,Electrical,MEDIUM,,colleague intervened,replaced equipment,updated procedures,False
858acbae-ebe4-4b52-a4bb-b75cd44133b2,Unsafe Condition,,Unit B,,Compressor,Worker observed not wearing safety glasses at Unit B.,Worker observed not wearing safety glasses at Unit B.,{},NO,Confined Space,LOW,,colleague intervened,,,True
811e1c5e-aee6-4e6d-a826-d7bafaec567b,Unsafe Act,,Offshore Platform 1,,Valve,Small oil spill near Valve at Offshore Platform 1. Cleaned up promptly.,Small oil spill near Valve at Offshore Platform 1. Cleaned up promptly.,{},NO,Working at Height,MEDIUM,stopped work,supervisor intervened,replaced equipment,updated procedures,True
0bf1fd06-26ff-4f17-a4fc-68e2df878704,Unsafe Act,,Unit B,,Electrical Panel,Worker observed not wearing safety glasses at Unit B.,Worker observed not wearing safety glasses at Unit B.,{},NO,Electrical,LOW,reported to supervisor,,replaced equipment,updated procedures,True
1bef09a2-eb20-4065-97c9-b086b7c2efaf,Unsafe Condition,,Offshore Platform 1,,Compressor,Trip hazard due to loose cables near Compressor. Cables were immediately organized.,Trip hazard due to loose cables near Compressor. Cables were immediately organized.,{},NO,Energy Isolation,MEDIUM,stopped work,supervisor intervened,cleaned up,retrained staff,
7d3be623-ea4f-4540-b922-5bb60a7e1fec,Unsafe Condition,,Unit A,,Compressor,Trip hazard due to loose cables near Compressor. Cables were immediately organized.,Trip hazard due to loose cables near Compressor. Cables were immediately organized.,{},NO,Slips/Trips,LOW,stopped work,colleague intervened,cleaned up,updated procedures,
703ac3a9-4648-4908-b0bb-e7b3e6af8ff8,Unsafe Condition,,Refinery Sector 4,,Valve,Trip hazard due to loose cables near Valve. Cables were immediately organized.,Trip hazard due to loose cables near Valve. Cables were immediately organized.,{},NO,Manual Handling,LOW,stopped work,colleague intervened,,,False
db9e297d-a8f9-42e2-be44-e61b2076c725,Unsafe Condition,,Offshore Platform 1,,Heat Exchanger,Small oil spill near Heat Exchanger at Offshore Platform 1. Cleaned up promptly.,Small oil spill near Heat Exchanger at Offshore Platform 1. Cleaned up promptly.,{},NO,Confined Space,MEDIUM,reported to supervisor,colleague intervened,replaced equipment,,False
091ecbe2-170e-479d-b2b9-a418c66cf76a,Unsafe Condition,,Offshore Platform 1,,Heat Exchanger,Small oil spill near Heat Exchanger at Offshore Platform 1. Cleaned up promptly.,Small oil spill near Heat Exchanger at Offshore Platform 1. Cleaned up promptly.,{},NO,Confined Space,MEDIUM,reported to supervisor,colleague intervened,replaced equipment,,False
93a14a4a-20d9-45d1-badc-293ae443675d,Unsafe Condition,,Refinery Sector 4,,Electrical Panel,<div><p>Trip hazard due to loose cables near Electrical Panel. Cables were immediately organized.</p></div>,Trip hazard due to loose cables near Electrical Panel. Cables were immediately organized.,{},NO,Electrical,MEDIUM,,,,,True
8274a30d-fb9a-4940-bd3e-725439464ca6,Unsafe Condition,,Refinery Sector 4,,Pump,Trip hazard due to loose cables near Pump. Cables were immediately organized.,Trip hazard due to loose cables near Pump. Cables were immediately organized.,{},NO,Manual Handling,MEDIUM,,supervisor intervened,cleaned up,,False
11b3cb1a-5fb8-4636-9117-2d2c10dbdf8c,Unsafe Act,,Refinery Sector 4,,Heat Exchanger,Small oil spill near Heat Exchanger at Refinery Sector 4. Cleaned up promptly.,Small oil spill near Heat Exchanger at Refinery Sector 4. Cleaned up promptly.,{},NO,Energy Isolation,MEDIUM,stopped work,colleague intervened,,,True
75029ebe-2641-4ca1-af43-5a70ced1fa93,Unsafe Condition,,Unit A,,Valve,Worker observed not wearing safety glasses at Unit A.,Worker observed not wearing safety glasses at Unit A.,{},NO,Working at Height,MEDIUM,stopped work,,cleaned up,,False
0b05bb92-8996-444a-a08f-3ddb8e98ab9e,Unsafe Act,,Unit A,,Pump,Small oil spill near Pump at Unit A. Cleaned up promptly.,Small oil spill near Pump at Unit A. Cleaned up promptly.,{},NO,Confined Space,LOW,stopped work,supervisor intervened,cleaned up,updated procedures,
6bc100f3-c42a-47fb-8b85-09d939beaa64,Unsafe Act,,Unit A,,Pump,Small oil spill near Pump at Unit A. Cleaned up promptly.,Small oil spill near Pump at Unit A. Cleaned up promptly.,{},NO,Confined Space,LOW,stopped work,supervisor intervened,cleaned up,updated procedures,
14bd26b6-59a3-40a7-8fbd-66d827fd7f23,Unsafe Act,,Offshore Platform 1,,Compressor,<div><p>Worker used incorrect gloves for manual handling task. Supervisor corrected the action.</p></div>,Worker used incorrect gloves for manual handling task. Supervisor corrected the action.,{},NO,Manual Handling,MEDIUM,reported to supervisor,colleague intervened,cleaned up,,
ff3c65e9-7a3f-48c1-a5bc-5ffcea5e7f04,Unsafe Condition,,Unit B,,Electrical Panel,Trip hazard due to loose cables near Electrical Panel. Cables were immediately organized.,Trip hazard due to loose cables near Electrical Panel. Cables were immediately organized.,{},NO,Working at Height,MEDIUM,reported to supervisor,colleague intervened,cleaned up,retrained staff,False
1d832b3f-9699-4610-aa60-28371a76181d,Unsafe Act,,Refinery Sector 4,,Pump,Line opened with residual pressure on the Pump. High-energy release narrowly missed the operator.,Line opened with residual pressure on the Pump. High-energy release narrowly missed the operator.,{},YES,Pressure,HIGH,reported to supervisor,supervisor intervened,cleaned up,updated procedures,False
c9f5287c-fe77-462d-9ccc-efe2848fe312,Unsafe Condition,,Refinery Sector 4,,Valve,Worker observed not wearing safety glasses at Refinery Sector 4.,Worker observed not wearing safety glasses at Refinery Sector 4.,{},NO,Pressure,MEDIUM,,,cleaned up,,
3cb2cae5-aa54-47ce-9fd8-1afa3fa6a841,Unsafe Condition,,Offshore Platform 1,,Electrical Panel,Trip hazard due to loose cables near Electrical Panel. Cables were immediately organized.,Trip hazard due to loose cables near Electrical Panel. Cables were immediately organized.,{},NO,Working at Height,MEDIUM,,colleague intervened,cleaned up,,False
06c6d4d0-11c9-40ac-8960-8210540757a8,Unsafe Condition,,Unit A,,Pump,Small oil spill near Pump at Unit A. Cleaned up promptly.,Small oil spill near Pump at Unit A. Cleaned up promptly.,{},NO,Pressure,MEDIUM,reported to supervisor,,,retrained staff,False
86a9b977-e51a-45ba-b7d4-dfc11bad75fb,Unsafe Condition,,Unit A,,Electrical Panel,Worker observed not wearing safety glasses at Unit A.,Worker observed not wearing safety glasses at Unit A.,{},NO,Electrical,MEDIUM,reported to supervisor,,,retrained staff,True
6a28952f-9066-4cba-93c5-80088bb5ff45,Unsafe Act,,Offshore Platform 1,,Valve,Worker observed not wearing safety glasses at Offshore Platform 1.,Worker observed not wearing safety glasses at Offshore Platform 1.,{},NO,Working at Height,MEDIUM,reported to supervisor,colleague intervened,cleaned up,updated procedures,True
e041bbfc-ba29-4bc5-8297-85b43c2a4b23,Unsafe Act,,Unit B,,Compressor,Worker used incorrect gloves for manual handling task. Supervisor corrected the action.,Worker used incorrect gloves for manual handling task. Supervisor corrected the action.,{},NO,Pressure,LOW,,supervisor intervened,cleaned up,updated procedures,
dd563db1-69b3-4954-9d9f-83b9100fe4b5,Unsafe Condition,,Refinery Sector 4,,Pump,Worker observed not wearing safety glasses at Refinery Sector 4.,Worker observed not wearing safety glasses at Refinery Sector 4.,{},NO,Electrical,LOW,,supervisor intervened,replaced equipment,updated procedures,
578e0765-b0f9-4b54-b48c-bb43db4c444d,Unsafe Act,,Refinery Sector 4,,Heat Exchanger,Worker used incorrect gloves for manual handling task. Supervisor corrected the action.,Worker used incorrect gloves for manual handling task. Supervisor corrected the action.,{},NO,Slips/Trips,MEDIUM,stopped work,,cleaned up,retrained staff,False
c1cd39e1-0474-4ba8-9b5e-56db6d34bfaa,Unsafe Condition,,Refinery Sector 4,,Valve,Worker used incorrect gloves for manual handling task. Supervisor corrected the action.,Worker used incorrect gloves for manual handling task. Supervisor corrected the action.,{},NO,Confined Space,LOW,,colleague intervened,,updated procedures,True
f6dd5d41-9b0b-40a1-a666-ba95658a6c3b,Unsafe Condition,,Refinery Sector 4,,Pump,Trip hazard due to loose cables near Pump. Cables were immediately organized.,Trip hazard due to loose cables near Pump. Cables were immediately organized.,{},NO,Energy Isolation,MEDIUM,,supervisor intervened,cleaned up,,False
3ee8f13f-40c7-499e-b442-2e839c9621f0,Unsafe Condition,,Refinery Sector 4,,Pump,Trip hazard due to loose cables near Pump. Cables were immediately organized.,Trip hazard due to loose cables near Pump. Cables were immediately organized.,{},NO,Energy Isolation,MEDIUM,,supervisor intervened,cleaned up,,False
42dfe404-478c-4b6e-8c97-212b9c6730f7,Unsafe Condition,,Unit A,,Heat Exchanger,Worker used incorrect gloves for manual handling task. Supervisor corrected the action.,Worker used incorrect gloves for manual handling task. Supervisor corrected the action.,{},NO,Confined Space,LOW,stopped work,,replaced equipment,,True
76cc2efe-0064-4d17-a917-f27b45d6ff36,Unsafe Condition,,Unit A,,Valve,Small oil spill near Valve at Unit A. Cleaned up promptly.,Small oil spill near Valve at Unit A. Cleaned up promptly.,{},NO,Slips/Trips,MEDIUM,,colleague intervened,cleaned up,,False
a2890aa6-e2b7-4cd5-8a61-0942e6078e3d,Unsafe Condition,,Offshore Platform 1,,Heat Exchanger,Small oil spill near Heat Exchanger at Offshore Platform 1. Cleaned up promptly.,Small oil spill near Heat Exchanger at Offshore Platform 1. Cleaned up promptly.,{},NO,Slips/Trips,MEDIUM,stopped work,supervisor intervened,cleaned up,updated procedures,False
03eccbd0-9c7b-47c3-909c-6b0037c9e3c1,Unsafe Act,,Unit A,,Pump,Trip hazard due to loose cables near Pump. Cables were immediately organized.,Trip hazard due to loose cables near Pump. Cables were immediately organized.,{},NO,Manual Handling,LOW,,,replaced equipment,updated procedures,False
36a6f87b-3fbd-4d82-8751-35eb3731e880,Unsafe Act,,Refinery Sector 4,,Pump,Small oil spill near Pump at Refinery Sector 4. Cleaned up promptly.,Small oil spill near Pump at Refinery Sector 4. Cleaned up promptly.,{},NO,Energy Isolation,LOW,,colleague intervened,replaced equipment,updated procedures,False
bd16075b-1576-4b95-b749-c93c90f0db33,Unsafe Act,,Refinery Sector 4,,Valve,Trip hazard due to loose cables near Valve. Cables were immediately organized.,Trip hazard due to loose cables near Valve. Cables were immediately organized.,{},NO,Pressure,MEDIUM,,colleague intervened,,retrained staff,
02dddc30-80c0-424f-8382-d81aec53a4d2,Unsafe Act,,Refinery Sector 4,,Pump,Worker used incorrect gloves for manual handling task. Supervisor corrected the action.,Worker used incorrect gloves for manual handling task. Supervisor corrected the action.,{},NO,Confined Space,LOW,reported to supervisor,supervisor intervened,cleaned up,,False
fb351272-d130-42fa-af91-33e3787f41f6,Unsafe Condition,,Refinery Sector 4,,Compressor,Worker observed not wearing safety glasses at Refinery Sector 4.,Worker observed not wearing safety glasses at Refinery Sector 4.,{},NO,Working at Height,LOW,,supervisor intervened,replaced equipment,,True
f9022177-d3a1-43a3-bcf7-34052fc2faeb,Unsafe Act,,Unit A,,Valve,Trip hazard due to loose cables near Valve. Cables were immediately organized.,Trip hazard due to loose cables near Valve. Cables were immediately organized.,{},NO,Manual Handling,MEDIUM,,supervisor intervened,cleaned up,,False
17289919-b272-45e2-9c6f-c79bd4d2227c,Unsafe Act,,Offshore Platform 1,,Valve,Small oil spill near Valve at Offshore Platform 1. Cleaned up promptly.,Small oil spill near Valve at Offshore Platform 1. Cleaned up promptly.,{},NO,Slips/Trips,MEDIUM,,colleague intervened,,,False
6245a64f-1b38-4251-894f-4427f01c18f7,Unsafe Act,,Offshore Platform 1,,Compressor,Small oil spill near Compressor at Offshore Platform 1. Cleaned up promptly.,Small oil spill near Compressor at Offshore Platform 1. Cleaned up promptly.,{},NO,Manual Handling,LOW,reported to supervisor,colleague intervened,replaced equipment,,
b0ecffce-6bfa-4f33-970e-f68e49fe1a55,Unsafe Condition,,Offshore Platform 1,,Valve,Worker observed not wearing safety glasses at Offshore Platform 1.,Worker observed not wearing safety glasses at Offshore Platform 1.,{},NO,Working at Height,MEDIUM,reported to supervisor,,replaced equipment,,
4a0eeacf-2df8-4a27-b1ad-958e3a124013,Unsafe Act,,Offshore Platform 1,,Electrical Panel,Worker used incorrect gloves for manual handling task. Supervisor corrected the action.,Worker used incorrect gloves for manual handling task. Supervisor corrected the action.,{},NO,Slips/Trips,MEDIUM,stopped work,colleague intervened,cleaned up,updated procedures,False
3fa323ab-84e3-4d78-91a4-865e8f142c75,Unsafe Act,,Offshore Platform 1,,Electrical Panel,Worker used incorrect gloves for manual handling task. Supervisor corrected the action.,Worker used incorrect gloves for manual handling task. Supervisor corrected the action.,{},NO,Slips/Trips,MEDIUM,stopped work,colleague intervened,cleaned up,updated procedures,False
a2fca1d6-b95a-4c19-84fa-6c7948147650,Unsafe Act,,Unit A,,Electrical Panel,Small oil spill near Electrical Panel at Unit A. Cleaned up promptly.,Small oil spill near Electrical Panel at Unit A. Cleaned up promptly.,{},NO,Energy Isolation,MEDIUM,stopped work,supervisor intervened,,,True
a449a159-1650-4817-bc20-1a9c0fcaf684,Unsafe Act,,Refinery Sector 4,,Electrical Panel,Small oil spill near Electrical Panel at Refinery Sector 4. Cleaned up promptly.,Small oil spill near Electrical Panel at Refinery Sector 4. Cleaned up promptly.,{},NO,Slips/Trips,LOW,,supervisor intervened,,retrained staff,False
1e083350-cf7c-4419-908a-95640c6b94e5,Unsafe Act,,Offshore Platform 1,,Compressor,Small oil spill near Compressor at Offshore Platform 1. Cleaned up promptly.,Small oil spill near Compressor at Offshore Platform 1. Cleaned up promptly.,{},NO,Working at Height,MEDIUM,stopped work,colleague intervened,cleaned up,retrained staff,False
e27fc3cf-3c1f-405e-bc30-376efc4354ac,Unsafe Condition,,Unit A,,Valve,Worker used incorrect gloves for manual handling task. Supervisor corrected the action.,Worker used incorrect gloves for manual handling task. Supervisor corrected the action.,{},NO,Energy Isolation,MEDIUM,,colleague intervened,replaced equipment,,
84932a77-1a32-477b-8ef0-ae7e57553de2,Unsafe Act,,Unit A,,Heat Exchanger,Trip hazard due to loose cables near Heat Exchanger. Cables were immediately organized.,Trip hazard due to loose cables near Heat Exchanger. Cables were immediately organized.,{},NO,Manual Handling,MEDIUM,stopped work,colleague intervened,cleaned up,,True
b16dbb5a-b85b-42a4-93f2-afb92f986465,Unsafe Condition,,Offshore Platform 1,,Pump,Trip hazard due to loose cables near Pump. Cables were immediately organized.,Trip hazard due to loose cables near Pump. Cables were immediately organized.,{},NO,Pressure,MEDIUM,reported to supervisor,,replaced equipment,,True
386402af-e298-412a-a0f5-ac355373335e,Unsafe Condition,,Refinery Sector 4,,Heat Exchanger,Trip hazard due to loose cables near Heat Exchanger. Cables were immediately organized.,Trip hazard due to loose cables near Heat Exchanger. Cables were immediately organized.,{},NO,Confined Space,LOW,,supervisor intervened,,,True
dee5bc57-5c72-4a09-9cb0-23447b873030,Unsafe Act,,Unit A,,Valve,Worker observed not wearing safety glasses at Unit A.,Worker observed not wearing safety glasses at Unit A.,{},NO,Working at Height,MEDIUM,reported to supervisor,supervisor intervened,replaced equipment,,False
dfc09c60-de31-4c67-8460-c87b5a366bda,Unsafe Condition,,Refinery Sector 4,,Electrical Panel,Trip hazard due to loose cables near Electrical Panel. Cables were immediately organized.,Trip hazard due to loose cables near Electrical Panel. Cables were immediately organized.,{},NO,Pressure,LOW,reported to supervisor,supervisor intervened,replaced equipment,retrained staff,True
c23ef94a-f68c-403c-a79a-76d51b1e7ace,Unsafe Act,,Offshore Platform 1,,Valve,Trip hazard due to loose cables near Valve. Cables were immediately organized.,Trip hazard due to loose cables near Valve. Cables were immediately organized.,{},NO,Energy Isolation,LOW,,,cleaned up,,False
a623261d-6ee7-4e16-9e3b-0cf6feac91af,Unsafe Act,,Unit A,,Valve,Worker observed not wearing safety glasses at Unit A.,Worker observed not wearing safety glasses at Unit A.,{},NO,Electrical,LOW,,supervisor intervened,,retrained staff,False
19237831-b8d2-4aec-800e-e0f61b881d66,Unsafe Condition,,Refinery Sector 4,,Compressor,Worker used incorrect gloves for manual handling task. Supervisor corrected the action.,Worker used incorrect gloves for manual handling task. Supervisor corrected the action.,{},NO,Slips/Trips,LOW,reported to supervisor,supervisor intervened,,retrained staff,
7e5e453b-a72a-451e-8b57-81b4d238689f,Unsafe Act,,Unit B,,Compressor,Worker observed not wearing safety glasses at Unit B.,Worker observed not wearing safety glasses at Unit B.,{},NO,Working at Height,LOW,,supervisor intervened,,updated procedures,True
20e75fa6-70a8-4c47-9f76-aa563e71ddd6,Unsafe Condition,,Offshore Platform 1,,Heat Exchanger,Worker used incorrect gloves for manual handling task. Supervisor corrected the action.,Worker used incorrect gloves for manual handling task. Supervisor corrected the action.,{},NO,Pressure,LOW,reported to supervisor,,cleaned up,retrained staff,
4f97e80b-f6f3-47d2-8301-489d7ccfef91,Unsafe Condition,,Offshore Platform 1,,Valve,Trip hazard due to loose cables near Valve. Cables were immediately organized.,Trip hazard due to loose cables near Valve. Cables were immediately organized.,{},NO,Electrical,LOW,reported to supervisor,,replaced equipment,updated procedures,False
854f4f83-d9c8-43bb-9c28-e93ff78a6ca5,Unsafe Condition,,Unit A,,Heat Exchanger,Trip hazard due to loose cables near Heat Exchanger. Cables were immediately organized.,Trip hazard due to loose cables near Heat Exchanger. Cables were immediately organized.,{},NO,Pressure,MEDIUM,reported to supervisor,supervisor intervened,,retrained staff,False
277f4ddb-0958-48f5-81a7-c088c9ef93fa,Unsafe Act,,Unit A,,Electrical Panel,Worker observed not wearing safety glasses at Unit A.,Worker observed not wearing safety glasses at Unit A.,{},NO,Confined Space,MEDIUM,reported to supervisor,,replaced equipment,,
b5b989f8-78c5-41c1-8ebd-45f9941096f1,Unsafe Act,,Unit B,,Heat Exchanger,Small oil spill near Heat Exchanger at Unit B. Cleaned up promptly.,Small oil spill near Heat Exchanger at Unit B. Cleaned up promptly.,{},NO,Energy Isolation,LOW,reported to supervisor,colleague intervened,replaced equipment,retrained staff,False
f5c48410-f7ec-463b-ab52-cf641c9f2e80,Unsafe Act,,Offshore Platform 1,,Compressor,Worker observed not wearing safety glasses at Offshore Platform 1.,Worker observed not wearing safety glasses at Offshore Platform 1.,{},NO,Working at Height,LOW,,,cleaned up,,False
997ad1fd-5fd2-4dd7-9778-60792cbdf3db,Unsafe Act,,Unit A,,Valve,Line opened with residual pressure on the Valve. High-energy release narrowly missed the operator.,Line opened with residual pressure on the Valve. High-energy release narrowly missed the operator.,{},YES,Confined Space,CRITICAL,stopped work,supervisor intervened,replaced equipment,updated procedures,
c5ae8b9e-c086-41b8-9671-50c1dcd10ccd,Unsafe Act,,Unit B,,Electrical Panel,Worker used incorrect gloves for manual handling task. Supervisor corrected the action.,Worker used incorrect gloves for manual handling task. Supervisor corrected the action.,{},NO,Manual Handling,MEDIUM,reported to supervisor,supervisor intervened,cleaned up,updated procedures,False
51361619-bdaa-4760-afb8-75c27c5dcdd7,Unsafe Act,,Refinery Sector 4,,Valve,Trip hazard due to loose cables near Valve. Cables were immediately organized.,Trip hazard due to loose cables near Valve. Cables were immediately organized.,{},NO,Slips/Trips,MEDIUM,reported to supervisor,,cleaned up,retrained staff,False
bcdce123-8dc0-4273-afbf-75d2faa23de2,Unsafe Act,,Unit B,,Electrical Panel,Small oil spill near Electrical Panel at Unit B. Cleaned up promptly.,Small oil spill near Electrical Panel at Unit B. Cleaned up promptly.,{},NO,Manual Handling,LOW,stopped work,,replaced equipment,updated procedures,False
6db0498e-567d-4616-b6dc-61e700172d1f,Unsafe Condition,,Unit B,,Electrical Panel,Worker observed not wearing safety glasses at Unit B.,Worker observed not wearing safety glasses at Unit B.,{},NO,Energy Isolation,MEDIUM,reported to supervisor,,,retrained staff,False
be6ab64c-8084-49e6-b4e7-c6d176a24044,Unsafe Condition,,Unit B,,Pump,Trip hazard due to loose cables near Pump. Cables were immediately organized.,Trip hazard due to loose cables near Pump. Cables were immediately organized.,{},NO,Manual Handling,LOW,stopped work,supervisor intervened,,retrained staff,True
4e38d86b-92d6-4341-82ff-851bead2c0e8,Unsafe Condition,,Unit A,,Valve,Worker observed not wearing safety glasses at Unit A.,Worker observed not wearing safety glasses at Unit A.,{},NO,Energy Isolation,LOW,stopped work,colleague intervened,,,
4e6fb7f5-8c4d-45e9-a289-61435b160363,Unsafe Act,,Unit B,,Heat Exchanger,Worker used incorrect gloves for manual handling task. Supervisor corrected the action.,Worker used incorrect gloves for manual handling task. Supervisor corrected the action.,{},NO,Working at Height,LOW,reported to supervisor,colleague intervened,cleaned up,retrained staff,False
720e9b9d-80e5-425e-8ed2-d3baa61fce21,Unsafe Condition,,Unit B,,Pump,Worker observed not wearing safety glasses at Unit B.,Worker observed not wearing safety glasses at Unit B.,{},NO,Electrical,LOW,stopped work,supervisor intervened,replaced equipment,retrained staff,True
b65282cf-56ee-48ce-b040-bbf7410cfb36,Unsafe Act,,Offshore Platform 1,,Pump,Trip hazard due to loose cables near Pump. Cables were immediately organized.,Trip hazard due to loose cables near Pump. Cables were immediately organized.,{},NO,Energy Isolation,MEDIUM,,supervisor intervened,cleaned up,updated procedures,True
dec9fb6b-071c-4fe7-8a52-18c15214a776,Unsafe Act,,Offshore Platform 1,,Electrical Panel,Worker used incorrect gloves for manual handling task. Supervisor corrected the action.,Worker used incorrect gloves for manual handling task. Supervisor corrected the action.,{},NO,Slips/Trips,MEDIUM,stopped work,supervisor intervened,cleaned up,updated procedures,True
2746a9ac-eb9e-4537-a2c9-61b3ba17b198,Unsafe Condition,,Refinery Sector 4,,Compressor,Worker observed not wearing safety glasses at Refinery Sector 4.,Worker observed not wearing safety glasses at Refinery Sector 4.,{},NO,Manual Handling,LOW,,supervisor intervened,,retrained staff,True
2d99848b-1545-4b73-9eb9-ed40110c7d2a,Unsafe Act,,Refinery Sector 4,,Valve,Trip hazard due to loose cables near Valve. Cables were immediately organized.,Trip hazard due to loose cables near Valve. Cables were immediately organized.,{},NO,Pressure,LOW,,supervisor intervened,replaced equipment,updated procedures,False
0617487d-198c-479f-b737-0ac1d99632da,Near Miss,,Unit B,,Heat Exchanger,Line opened with residual pressure on the Heat Exchanger. High-energy release narrowly missed the operator.,Line opened with residual pressure on the Heat Exchanger. High-energy release narrowly missed the operator.,{},YES,Confined Space,CRITICAL,,,replaced equipment,updated procedures,
06d03492-16cf-4aec-90ec-a13ce690a7ff,Unsafe Act,,Unit A,,Electrical Panel,Worker observed not wearing safety glasses at Unit A.,Worker observed not wearing safety glasses at Unit A.,{},NO,Pressure,MEDIUM,stopped work,colleague intervened,replaced equipment,retrained staff,False
433789bf-7bf2-48a8-8202-8838fe8af754,Unsafe Act,,Refinery Sector 4,,Compressor,Line opened with residual pressure on the Compressor. High-energy release narrowly missed the operator.,Line opened with residual pressure on the Compressor. High-energy release narrowly missed the operator.,{},YES,Energy Isolation,HIGH,stopped work,supervisor intervened,replaced equipment,updated procedures,False
c466c34e-1099-4cdf-b47b-443f807ffa28,Unsafe Condition,,Unit B,,Heat Exchanger,Small oil spill near Heat Exchanger at Unit B. Cleaned up promptly.,Small oil spill near Heat Exchanger at Unit B. Cleaned up promptly.,{},NO,Pressure,MEDIUM,stopped work,supervisor intervened,replaced equipment,updated procedures,
a34a0b75-ea7a-43ca-ae62-69bf568568cf,Unsafe Condition,,Refinery Sector 4,,Heat Exchanger,Worker observed not wearing safety glasses at Refinery Sector 4.,Worker observed not wearing safety glasses at Refinery Sector 4.,{},NO,Confined Space,LOW,stopped work,supervisor intervened,,updated procedures,
5b4e14d1-cf75-4feb-91d4-cf8c239163fe,Unsafe Condition,,Offshore Platform 1,,Valve,Trip hazard due to loose cables near Valve. Cables were immediately organized.,Trip hazard due to loose cables near Valve. Cables were immediately organized.,{},NO,Energy Isolation,LOW,,colleague intervened,cleaned up,updated procedures,True
01932eb3-749c-4e27-b6dc-c684a6f3a778,Unsafe Act,,Unit A,,Heat Exchanger,Worker observed not wearing safety glasses at Unit A.,Worker observed not wearing safety glasses at Unit A.,{},NO,Working at Height,MEDIUM,,supervisor intervened,cleaned up,updated procedures,True
9c2e8bac-a799-484c-bb5a-0ae7ba851a2b,Unsafe Condition,,Unit B,,Compressor,Small oil spill near Compressor at Unit B. Cleaned up promptly.,Small oil spill near Compressor at Unit B. Cleaned up promptly.,{},NO,Working at Height,MEDIUM,stopped work,supervisor intervened,replaced equipment,,True
1c002e55-80e2-4a58-9c96-57243e13a450,Unsafe Act,,Unit A,,Valve,Worker observed not wearing safety glasses at Unit A.,Worker observed not wearing safety glasses at Unit A.,{},NO,Energy Isolation,MEDIUM,,colleague intervened,cleaned up,,True
cf346187-1225-40b2-8cfe-0a39643ebdfe,Unsafe Condition,,Refinery Sector 4,,Heat Exchanger,Worker used incorrect gloves for manual handling task. Supervisor corrected the action.,Worker used incorrect gloves for manual handling task. Supervisor corrected the action.,{},NO,Manual Handling,MEDIUM,,,replaced equipment,updated procedures,
f73e8c9f-0dc9-4fbd-b526-92456a688b15,Unsafe Act,,Offshore Platform 1,,Compressor,Worker observed not wearing safety glasses at Offshore Platform 1.,Worker observed not wearing safety glasses at Offshore Platform 1.,{},NO,Electrical,LOW,,,replaced equipment,updated procedures,True
9b297b07-1af5-40a0-bd2c-b258bac030f2,Unsafe Act,,Unit B,,Valve,Small oil spill near Valve at Unit B. Cleaned up promptly.,Small oil spill near Valve at Unit B. Cleaned up promptly.,{},NO,Working at Height,LOW,reported to supervisor,supervisor intervened,cleaned up,retrained staff,
25098b53-ebca-49a0-bed4-d353a135360c,Unsafe Condition,,Refinery Sector 4,,Valve,Small oil spill near Valve at Refinery Sector 4. Cleaned up promptly.,Small oil spill near Valve at Refinery Sector 4. Cleaned up promptly.,{},NO,Energy Isolation,MEDIUM,reported to supervisor,supervisor intervened,replaced equipment,,False
68aec9da-c5dd-435c-beeb-2206edc573df,Unsafe Condition,,Refinery Sector 4,,Valve,Worker used incorrect gloves for manual handling task. Supervisor corrected the action.,Worker used incorrect gloves for manual handling task. Supervisor corrected the action.,{},NO,Manual Handling,LOW,stopped work,supervisor intervened,,updated procedures,False
11eda648-874f-4778-ad54-b4bcc63478bc,Unsafe Act,,Refinery Sector 4,,Compressor,Worker observed not wearing safety glasses at Refinery Sector 4.,Worker observed not wearing safety glasses at Refinery Sector 4.,{},NO,Electrical,MEDIUM,reported to supervisor,,replaced equipment,,False
657fa7f9-d657-4f68-a9f2-fb14aecb9cc7,Unsafe Act,,Offshore Platform 1,,Compressor,Worker used incorrect gloves for manual handling task. Supervisor corrected the action.,Worker used incorrect gloves for manual handling task. Supervisor corrected the action.,{},NO,Energy Isolation,LOW,reported to supervisor,supervisor intervened,,retrained staff,
f63effc1-c549-417a-bf53-b100d2656863,Near Miss,,Unit A,,Pump,Worker entered the confined space at Unit A without conducting a gas test. No standby person was present.,Worker entered the confined space at Unit A without conducting a gas test. No standby person was present.,{},YES,Pressure,CRITICAL,reported to supervisor,colleague intervened,,,False
19eb07d5-dd47-4b87-b2dc-700402089ef3,Unsafe Act,,Unit A,,Compressor,Worker observed not wearing safety glasses at Unit A.,Worker observed not wearing safety glasses at Unit A.,{},NO,Manual Handling,LOW,stopped work,,cleaned up,,True
bf0d5bd9-922d-449d-be23-4955a7b96f54,Unsafe Condition,,Offshore Platform 1,,Pump,<div><p>Worker used incorrect gloves for manual handling task. Supervisor corrected the action.</p></div>,Worker used incorrect gloves for manual handling task. Supervisor corrected the action.,{},NO,Pressure,MEDIUM,,,cleaned up,updated procedures,
75876445-841c-4b21-bee7-5aa1baeef4d3,Unsafe Act,,Offshore Platform 1,,Heat Exchanger,Worker observed not wearing safety glasses at Offshore Platform 1.,Worker observed not wearing safety glasses at Offshore Platform 1.,{},NO,Pressure,LOW,,,replaced equipment,updated procedures,
c1085d64-37b8-467b-8209-869810fbfd66,Unsafe Act,,Refinery Sector 4,,Heat Exchanger,Worker observed not wearing safety glasses at Refinery Sector 4.,Worker observed not wearing safety glasses at Refinery Sector 4.,{},NO,Manual Handling,LOW,,supervisor intervened,cleaned up,updated procedures,False
a87f8e40-dab8-4aab-8377-f6291b0c3b99,Unsafe Condition,,Unit B,,Valve,Worker used incorrect gloves for manual handling task. Supervisor corrected the action.,Worker used incorrect gloves for manual handling task. Supervisor corrected the action.,{},NO,Electrical,LOW,,supervisor intervened,,updated procedures,
82298484-5c8a-4b58-9cdd-f5fa6e76888c,Unsafe Condition,,Refinery Sector 4,,Pump,Trip hazard due to loose cables near Pump. Cables were immediately organized.,Trip hazard due to loose cables near Pump. Cables were immediately organized.,{},NO,Slips/Trips,LOW,stopped work,,replaced equipment,retrained staff,
6251f1e2-1d91-44a2-a896-75f11ed95d83,Unsafe Condition,,Refinery Sector 4,,Valve,Worker observed not wearing safety glasses at Refinery Sector 4.,Worker observed not wearing safety glasses at Refinery Sector 4.,{},NO,Confined Space,LOW,reported to supervisor,colleague intervened,,updated procedures,False
c1ced60e-e77f-4d7c-94d7-2e09a12434ac,Unsafe Act,,Unit A,,Electrical Panel,Small oil spill near Electrical Panel at Unit A. Cleaned up promptly.,Small oil spill near Electrical Panel at Unit A. Cleaned up promptly.,{},NO,Manual Handling,MEDIUM,stopped work,,cleaned up,retrained staff,False
5edc49a9-5dcc-4946-8b55-b6d6e3af9ef3,Unsafe Act,,Unit A,,Pump,Worker observed not wearing safety glasses at Unit A.,Worker observed not wearing safety glasses at Unit A.,{},NO,Slips/Trips,LOW,reported to supervisor,supervisor intervened,replaced equipment,,False
31438ff2-e270-4d31-b5b8-98d314ffabc5,Unsafe Act,,Unit A,,Heat Exchanger,Small oil spill near Heat Exchanger at Unit A. Cleaned up promptly.,Small oil spill near Heat Exchanger at Unit A. Cleaned up promptly.,{},NO,Energy Isolation,MEDIUM,stopped work,colleague intervened,,retrained staff,False
f9827f91-32a8-4f5c-ac79-c0b654d25b51,Unsafe Act,,Offshore Platform 1,,Pump,Worker used incorrect gloves for manual handling task. Supervisor corrected the action.,Worker used incorrect gloves for manual handling task. Supervisor corrected the action.,{},NO,Electrical,MEDIUM,stopped work,colleague intervened,,,False
ff2a2e16-bdbe-4f6d-95ba-d4b7dad49c98,Unsafe Condition,,Refinery Sector 4,,Compressor,Worker used incorrect gloves for manual handling task. Supervisor corrected the action.,Worker used incorrect gloves for manual handling task. Supervisor corrected the action.,{},NO,Confined Space,MEDIUM,reported to supervisor,supervisor intervened,,updated procedures,
f73aba78-77bc-40b8-a7fa-b313a2ec95c6,Unsafe Condition,,Offshore Platform 1,,Heat Exchanger,Worker used incorrect gloves for manual handling task. Supervisor corrected the action.,Worker used incorrect gloves for manual handling task. Supervisor corrected the action.,{},NO,Energy Isolation,MEDIUM,reported to supervisor,,cleaned up,retrained staff,True
3b3ce609-9388-4cf8-93d3-d2d22f1caee6,Near Miss,,Unit B,,Pump,Line opened with residual pressure on the Pump. High-energy release narrowly missed the operator.,Line opened with residual pressure on the Pump. High-energy release narrowly missed the operator.,{},YES,Energy Isolation,CRITICAL,,colleague intervened,cleaned up,,True
c48a5d99-54c4-4bc4-a39b-dc43d0c19489,Unsafe Act,,Unit B,,Compressor,Worker used incorrect gloves for manual handling task. Supervisor corrected the action.,Worker used incorrect gloves for manual handling task. Supervisor corrected the action.,{},NO,Pressure,MEDIUM,,supervisor intervened,cleaned up,retrained staff,
ec97bbdf-7d2a-482d-b673-250082a24008,Unsafe Condition,,Unit B,,Heat Exchanger,Small oil spill near Heat Exchanger at Unit B. Cleaned up promptly.,Small oil spill near Heat Exchanger at Unit B. Cleaned up promptly.,{},NO,Working at Height,LOW,reported to supervisor,,replaced equipment,retrained staff,
72d39e1c-2b18-458a-a0bb-8620a2ec6ac3,Unsafe Condition,,Offshore Platform 1,,Heat Exchanger,Worker observed not wearing safety glasses at Offshore Platform 1.,Worker observed not wearing safety glasses at Offshore Platform 1.,{},NO,Manual Handling,LOW,reported to supervisor,supervisor intervened,,updated procedures,False
b34b50ca-b158-4ffd-ae61-7d0aa4f3f5bd,Unsafe Act,,Refinery Sector 4,,Electrical Panel,Small oil spill near Electrical Panel at Refinery Sector 4. Cleaned up promptly.,Small oil spill near Electrical Panel at Refinery Sector 4. Cleaned up promptly.,{},NO,Working at Height,MEDIUM,,,,,True
21bd9fbd-ebae-42a6-9b4d-dbb2b4896598,Unsafe Act,,Unit A,,Pump,Worker used incorrect gloves for manual handling task. Supervisor corrected the action.,Worker used incorrect gloves for manual handling task. Supervisor corrected the action.,{},NO,Energy Isolation,MEDIUM,reported to supervisor,,,,True
7193a2d9-b4f5-4fde-bdea-030e01c89342,Unsafe Condition,,Unit A,,Valve,,,{},NO,Pressure,MEDIUM,,supervisor intervened,cleaned up,,True
91c49de7-7b43-4c95-8bfe-bd3ab799c864,Unsafe Condition,,Unit A,,Valve,,,{},NO,Pressure,MEDIUM,,supervisor intervened,cleaned up,,True
50ec77d7-a8e3-462f-a954-d8ddf0bc6c0f,Unsafe Act,,Offshore Platform 1,,Heat Exchanger,Trip hazard due to loose cables near Heat Exchanger. Cables were immediately organized.,Trip hazard due to loose cables near Heat Exchanger. Cables were immediately organized.,{},NO,Electrical,MEDIUM,reported to supervisor,,cleaned up,updated procedures,
afb38356-3580-4772-9e86-0fff5d9d5771,Unsafe Act,,Offshore Platform 1,,Pump,Worker used incorrect gloves for manual handling task. Supervisor corrected the action.,Worker used incorrect gloves for manual handling task. Supervisor corrected the action.,{},NO,Pressure,LOW,,colleague intervened,cleaned up,updated procedures,True
06a0785f-2502-4039-854f-61370a696d55,Unsafe Condition,,Unit B,,Compressor,Worker observed not wearing safety glasses at Unit B.,Worker observed not wearing safety glasses at Unit B.,{},NO,Working at Height,LOW,reported to supervisor,supervisor intervened,,updated procedures,True
87928f00-30d5-4699-94ea-b0135c7da0c7,Unsafe Condition,,Unit A,,Valve,Worker used incorrect gloves for manual handling task. Supervisor corrected the action.,Worker used incorrect gloves for manual handling task. Supervisor corrected the action.,{},NO,Electrical,MEDIUM,,supervisor intervened,cleaned up,updated procedures,True
4a13313d-4a8c-49a3-8864-e8c861c7c385,Unsafe Act,,Unit B,,Electrical Panel,Line opened with residual pressure on the Electrical Panel. High-energy release narrowly missed the operator.,Line opened with residual pressure on the Electrical Panel. High-energy release narrowly missed the operator.,{},YES,Pressure,CRITICAL,stopped work,colleague intervened,replaced equipment,,True
810af66f-2c8f-4fc4-a255-9685da4143ca,Unsafe Condition,,Offshore Platform 1,,Electrical Panel,,,{},NO,Electrical,MEDIUM,reported to supervisor,colleague intervened,replaced equipment,updated procedures,False
80de6896-e295-48ef-a845-68daa0205818,Unsafe Condition,,Unit B,,Valve,Worker used incorrect gloves for manual handling task. Supervisor corrected the action.,Worker used incorrect gloves for manual handling task. Supervisor corrected the action.,{},NO,Working at Height,MEDIUM,,supervisor intervened,cleaned up,,False
bfc06509-52db-42ac-bb8e-8cb5e24a1338,Unsafe Act,,Offshore Platform 1,,Heat Exchanger,Worker observed not wearing safety glasses at Offshore Platform 1.,Worker observed not wearing safety glasses at Offshore Platform 1.,{},NO,Electrical,MEDIUM,,,,retrained staff,False
988b54f5-22c7-46ff-ad63-ef3d5315f309,Unsafe Act,,Unit B,,Pump,Trip hazard due to loose cables near Pump. Cables were immediately organized.,Trip hazard due to loose cables near Pump. Cables were immediately organized.,{},NO,Pressure,MEDIUM,reported to supervisor,colleague intervened,cleaned up,retrained staff,True
bce5e982-3147-462a-b7c4-9d86b5e03381,Unsafe Act,,Refinery Sector 4,,Compressor,Worker used incorrect gloves for manual handling task. Supervisor corrected the action.,Worker used incorrect gloves for manual handling task. Supervisor corrected the action.,{},NO,Energy Isolation,MEDIUM,stopped work,,,updated procedures,
3a12348d-f522-43b7-87e7-bba998d768a8,Unsafe Act,,Unit B,,Electrical Panel,Worker used incorrect gloves for manual handling task. Supervisor corrected the action.,Worker used incorrect gloves for manual handling task. Supervisor corrected the action.,{},NO,Working at Height,MEDIUM,,colleague intervened,cleaned up,,True
fb5acd33-68d7-478a-bf18-2a488de77e09,Unsafe Condition,,Offshore Platform 1,,Electrical Panel,Trip hazard due to loose cables near Electrical Panel. Cables were immediately organized.,Trip hazard due to loose cables near Electrical Panel. Cables were immediately organized.,{},NO,Pressure,MEDIUM,stopped work,supervisor intervened,,,
6ad87aa1-59ab-4eb9-a837-44124bbbebce,Unsafe Act,,Refinery Sector 4,,Electrical Panel,Trip hazard due to loose cables near Electrical Panel. Cables were immediately organized.,Trip hazard due to loose cables near Electrical Panel. Cables were immediately organized.,{},NO,Energy Isolation,LOW,reported to supervisor,supervisor intervened,cleaned up,,False
dc6a914a-5fea-48ce-a070-a02888f23773,Unsafe Condition,,Refinery Sector 4,,Pump,Trip hazard due to loose cables near Pump. Cables were immediately organized.,Trip hazard due to loose cables near Pump. Cables were immediately organized.,{},NO,Confined Space,MEDIUM,reported to supervisor,,,retrained staff,True
88825ffe-902d-4f89-8e1a-c809c8e26743,Unsafe Act,,Refinery Sector 4,,Pump,Worker observed not wearing safety glasses at Refinery Sector 4.,Worker observed not wearing safety glasses at Refinery Sector 4.,{},NO,Pressure,LOW,,colleague intervened,,updated procedures,False
5fd652fa-da6e-4927-af5d-7d078d0d76b3,Unsafe Act,,Refinery Sector 4,,Pump,Worker observed not wearing safety glasses at Refinery Sector 4.,Worker observed not wearing safety glasses at Refinery Sector 4.,{},NO,Pressure,LOW,,colleague intervened,,updated procedures,False
6d76ff73-3153-455f-9207-be32c5049c2a,Unsafe Act,,Refinery Sector 4,,Heat Exchanger,Worker observed not wearing safety glasses at Refinery Sector 4.,Worker observed not wearing safety glasses at Refinery Sector 4.,{},NO,Energy Isolation,MEDIUM,reported to supervisor,colleague intervened,,,
73bec3c7-8ee5-48a4-948c-bf705e556a35,Unsafe Act,,Unit B,,Compressor,Small oil spill near Compressor at Unit B. Cleaned up promptly.,Small oil spill near Compressor at Unit B. Cleaned up promptly.,{},NO,Working at Height,MEDIUM,stopped work,supervisor intervened,replaced equipment,,
9152aaaa-e80a-4070-98ba-a1414d3a0d94,Unsafe Act,,Refinery Sector 4,,Valve,Trip hazard due to loose cables near Valve. Cables were immediately organized.,Trip hazard due to loose cables near Valve. Cables were immediately organized.,{},NO,Energy Isolation,LOW,,supervisor intervened,,retrained staff,False
a0d5f9e6-c567-44bb-a1fb-8d06e0a2ffd1,Unsafe Act,,Unit A,,Pump,Small oil spill near Pump at Unit A. Cleaned up promptly.,Small oil spill near Pump at Unit A. Cleaned up promptly.,{},NO,Confined Space,MEDIUM,,,,retrained staff,True
116ad9c0-d465-4248-80ed-66b59728610a,Unsafe Condition,,Offshore Platform 1,,Compressor,Trip hazard due to loose cables near Compressor. Cables were immediately organized.,Trip hazard due to loose cables near Compressor. Cables were immediately organized.,{},NO,Confined Space,MEDIUM,,supervisor intervened,cleaned up,updated procedures,True
a7e84433-ec95-49f9-92eb-147a71dab882,Unsafe Condition,,Refinery Sector 4,,Valve,Worker used incorrect gloves for manual handling task. Supervisor corrected the action.,Worker used incorrect gloves for manual handling task. Supervisor corrected the action.,{},NO,Manual Handling,MEDIUM,stopped work,,cleaned up,retrained staff,True
dd9ce467-0bdf-4882-940f-d6f0a35d5003,Unsafe Condition,,Unit B,,Heat Exchanger,Worker observed not wearing safety glasses at Unit B.,Worker observed not wearing safety glasses at Unit B.,{},NO,Energy Isolation,MEDIUM,,,,retrained staff,False
9947866c-e95c-4284-9899-11c4561eb841,Unsafe Act,,Unit B,,Heat Exchanger,Worker used incorrect gloves for manual handling task. Supervisor corrected the action.,Worker used incorrect gloves for manual handling task. Supervisor corrected the action.,{},NO,Pressure,LOW,stopped work,colleague intervened,,,
b0bbacce-ec06-4063-8709-5a4c3b8554e1,Unsafe Condition,,Unit B,,Heat Exchanger,Worker used incorrect gloves for manual handling task. Supervisor corrected the action.,Worker used incorrect gloves for manual handling task. Supervisor corrected the action.,{},NO,Electrical,LOW,stopped work,,cleaned up,,False
a3042cda-6c2a-4048-a550-ca7a32479ee2,Unsafe Act,,Refinery Sector 4,,Electrical Panel,Small oil spill near Electrical Panel at Refinery Sector 4. Cleaned up promptly.,Small oil spill near Electrical Panel at Refinery Sector 4. Cleaned up promptly.,{},NO,Working at Height,LOW,reported to supervisor,supervisor intervened,,,False
91ffd356-44a8-4dbf-aac6-6fad3a945686,Unsafe Act,,Refinery Sector 4,,Electrical Panel,Worker observed not wearing safety glasses at Refinery Sector 4.,Worker observed not wearing safety glasses at Refinery Sector 4.,{},NO,Manual Handling,LOW,stopped work,,cleaned up,updated procedures,True
a4e81544-5f20-4f8f-86bf-b1a79e5d988e,Unsafe Condition,,Unit A,,Compressor,Worker used incorrect gloves for manual handling task. Supervisor corrected the action.,Worker used incorrect gloves for manual handling task. Supervisor corrected the action.,{},NO,Pressure,LOW,reported to supervisor,supervisor intervened,,,True
ecc25302-2909-4077-a8fb-ad39f595db05,Unsafe Act,,Unit B,,Heat Exchanger,Small oil spill near Heat Exchanger at Unit B. Cleaned up promptly.,Small oil spill near Heat Exchanger at Unit B. Cleaned up promptly.,{},NO,Working at Height,LOW,reported to supervisor,colleague intervened,cleaned up,,False
61d9c4e6-b4ef-4af9-aa3d-a72b62a0ad02,Unsafe Condition,,Unit B,,Compressor,Worker observed not wearing safety glasses at Unit B.,Worker observed not wearing safety glasses at Unit B.,{},NO,Working at Height,MEDIUM,stopped work,supervisor intervened,,,
b59210f5-6d32-48b4-aa48-1ad6aa11acb5,Unsafe Condition,,Offshore Platform 1,,Heat Exchanger,Trip hazard due to loose cables near Heat Exchanger. Cables were immediately organized.,Trip hazard due to loose cables near Heat Exchanger. Cables were immediately organized.,{},NO,Electrical,LOW,reported to supervisor,colleague intervened,replaced equipment,retrained staff,False
6b139a44-8b3d-44d8-af4d-12d8cf3b8586,Unsafe Act,,Unit A,,Compressor,Small oil spill near Compressor at Unit A. Cleaned up promptly.,Small oil spill near Compressor at Unit A. Cleaned up promptly.,{},NO,Working at Height,MEDIUM,,supervisor intervened,replaced equipment,retrained staff,False
1f1033ef-8470-4b06-8c22-f179aa523be1,Unsafe Condition,,Refinery Sector 4,,Compressor,Worker used incorrect gloves for manual handling task. Supervisor corrected the action.,Worker used incorrect gloves for manual handling task. Supervisor corrected the action.,{},NO,Pressure,MEDIUM,,colleague intervened,,retrained staff,True
b7dd7573-e4bc-4c22-b779-7fca6ffee84b,Unsafe Condition,,Unit A,,Valve,Trip hazard due to loose cables near Valve. Cables were immediately organized.,Trip hazard due to loose cables near Valve. Cables were immediately organized.,{},NO,Working at Height,MEDIUM,reported to supervisor,colleague intervened,cleaned up,updated procedures,False
c461e065-20d0-49fc-8c67-68fc920f6932,Unsafe Act,,Unit A,,Valve,Trip hazard due to loose cables near Valve. Cables were immediately organized.,Trip hazard due to loose cables near Valve. Cables were immediately organized.,{},NO,Confined Space,LOW,,colleague intervened,,,
0bdedd3f-da64-4c07-bb61-778d96bd4b24,Unsafe Act,,Unit A,,Valve,Trip hazard due to loose cables near Valve. Cables were immediately organized.,Trip hazard due to loose cables near Valve. Cables were immediately organized.,{},NO,Confined Space,LOW,,colleague intervened,,,
eb30f4b4-0cc4-455a-a571-4446e2ad1671,Unsafe Act,,Unit A,,Valve,Trip hazard due to loose cables near Valve. Cables were immediately organized.,Trip hazard due to loose cables near Valve. Cables were immediately organized.,{},NO,Manual Handling,MEDIUM,reported to supervisor,supervisor intervened,,updated procedures,
52cdf91c-478f-4353-a9f2-bafa2c25666c,Unsafe Condition,,Unit A,,Valve,Worker used incorrect gloves for manual handling task. Supervisor corrected the action.,Worker used incorrect gloves for manual handling task. Supervisor corrected the action.,{},NO,Confined Space,MEDIUM,stopped work,colleague intervened,replaced equipment,retrained staff,False
26e0a0fb-7e02-4ac7-aeeb-633bb9717663,Unsafe Act,,Unit A,,Valve,Worker observed not wearing safety glasses at Unit A.,Worker observed not wearing safety glasses at Unit A.,{},NO,Pressure,MEDIUM,,supervisor intervened,cleaned up,,False
e2ea8ad6-1a76-4393-8416-539b6a103249,Unsafe Condition,,Unit A,,Heat Exchanger,Small oil spill near Heat Exchanger at Unit A. Cleaned up promptly.,Small oil spill near Heat Exchanger at Unit A. Cleaned up promptly.,{},NO,Manual Handling,MEDIUM,stopped work,colleague intervened,replaced equipment,updated procedures,
a2896be7-3ff1-44cf-baea-9d374ed1131c,Unsafe Condition,,Refinery Sector 4,,Electrical Panel,<div><p>Trip hazard due to loose cables near Electrical Panel. Cables were immediately organized.</p></div>,Trip hazard due to loose cables near Electrical Panel. Cables were immediately organized.,{},NO,Manual Handling,LOW,reported to supervisor,supervisor intervened,cleaned up,,
b0c26ddc-e133-461c-8948-195066797780,Unsafe Condition,,Refinery Sector 4,,Heat Exchanger,Trip hazard due to loose cables near Heat Exchanger. Cables were immediately organized.,Trip hazard due to loose cables near Heat Exchanger. Cables were immediately organized.,{},NO,Manual Handling,LOW,stopped work,,replaced equipment,retrained staff,False
170b2795-17e5-4f41-9cc1-551fa555dc6f,Unsafe Condition,,Unit B,,Pump,Worker used incorrect gloves for manual handling task. Supervisor corrected the action.,Worker used incorrect gloves for manual handling task. Supervisor corrected the action.,{},NO,Slips/Trips,LOW,,supervisor intervened,replaced equipment,,True
2cbea1ba-d297-4d18-92fd-d9a41fbc9010,Unsafe Act,,Unit A,,Pump,Worker observed not wearing safety glasses at Unit A.,Worker observed not wearing safety glasses at Unit A.,{},NO,Confined Space,MEDIUM,reported to supervisor,supervisor intervened,cleaned up,retrained staff,False
d4564f79-e617-4d6a-b537-e192e0e62b27,Unsafe Condition,,Refinery Sector 4,,Electrical Panel,Worker used incorrect gloves for manual handling task. Supervisor corrected the action.,Worker used incorrect gloves for manual handling task. Supervisor corrected the action.,{},NO,Confined Space,MEDIUM,reported to supervisor,colleague intervened,cleaned up,updated procedures,
7413c234-66b0-4fc9-9df7-d971c66e8150,Unsafe Act,,Unit A,,Pump,Line opened with residual pressure on the Pump. High-energy release narrowly missed the operator.,Line opened with residual pressure on the Pump. High-energy release narrowly missed the operator.,{},YES,Working at Height,CRITICAL,stopped work,,replaced equipment,,True
d8749356-5c86-446c-a99d-6e226e9efe17,Unsafe Condition,,Unit B,,Compressor,Small oil spill near Compressor at Unit B. Cleaned up promptly.,Small oil spill near Compressor at Unit B. Cleaned up promptly.,{},NO,Pressure,LOW,reported to supervisor,colleague intervened,cleaned up,retrained staff,
578b92cb-383a-443b-9335-7fb70a862152,Unsafe Act,,Refinery Sector 4,,Valve,Worker observed not wearing safety glasses at Refinery Sector 4.,Worker observed not wearing safety glasses at Refinery Sector 4.,{},NO,Electrical,LOW,,,,retrained staff,
596408ae-fa05-4430-8ce4-7484df5928ff,Unsafe Act,,Unit A,,Pump,Worker used incorrect gloves for manual handling task. Supervisor corrected the action.,Worker used incorrect gloves for manual handling task. Supervisor corrected the action.,{},NO,Slips/Trips,MEDIUM,,supervisor intervened,replaced equipment,retrained staff,
e24bcebe-aead-414f-99a5-a236ce70d837,Unsafe Condition,,Unit A,,Pump,Worker observed not wearing safety glasses at Unit A.,Worker observed not wearing safety glasses at Unit A.,{},NO,Pressure,LOW,reported to supervisor,,replaced equipment,,False
cb0efa67-5fed-4646-a3fb-09c55722c465,Unsafe Condition,,Refinery Sector 4,,Valve,Worker observed not wearing safety glasses at Refinery Sector 4.,Worker observed not wearing safety glasses at Refinery Sector 4.,{},NO,Working at Height,LOW,,colleague intervened,cleaned up,,False
730e7f4a-8884-46b4-a701-6ee635dd1f27,Unsafe Condition,,Unit B,,Compressor,Small oil spill near Compressor at Unit B. Cleaned up promptly.,Small oil spill near Compressor at Unit B. Cleaned up promptly.,{},NO,Electrical,MEDIUM,reported to supervisor,,replaced equipment,updated procedures,True
3dd85a52-3c92-4efe-adaf-53c7a2dbb42c,Unsafe Condition,,Offshore Platform 1,,Valve,Worker observed not wearing safety glasses at Offshore Platform 1.,Worker observed not wearing safety glasses at Offshore Platform 1.,{},NO,Manual Handling,MEDIUM,,colleague intervened,replaced equipment,,True
ae198db7-6e6d-41bd-9d96-802327581e20,Unsafe Condition,,Offshore Platform 1,,Valve,Worker observed not wearing safety glasses at Offshore Platform 1.,Worker observed not wearing safety glasses at Offshore Platform 1.,{},NO,Manual Handling,MEDIUM,,colleague intervened,replaced equipment,,True
ff55e2ef-d019-44c3-9917-60237cf023a6,Unsafe Condition,,Unit B,,Heat Exchanger,Worker observed not wearing safety glasses at Unit B.,Worker observed not wearing safety glasses at Unit B.,{},NO,Working at Height,LOW,,colleague intervened,replaced equipment,updated procedures,False
bc7e8427-4bc2-4a2d-b888-6be03081be0a,Unsafe Condition,,Offshore Platform 1,,Electrical Panel,Small oil spill near Electrical Panel at Offshore Platform 1. Cleaned up promptly.,Small oil spill near Electrical Panel at Offshore Platform 1. Cleaned up promptly.,{},NO,Pressure,LOW,stopped work,colleague intervened,,retrained staff,True
a670f5f0-4264-4c2d-acad-ca8e670c801f,Unsafe Condition,,Offshore Platform 1,,Valve,Trip hazard due to loose cables near Valve. Cables were immediately organized.,Trip hazard due to loose cables near Valve. Cables were immediately organized.,{},NO,Pressure,LOW,,,cleaned up,updated procedures,True
57954027-ccff-4eda-92a2-fe080a077821,Unsafe Act,,Unit A,,Pump,,,{},NO,Energy Isolation,MEDIUM,,colleague intervened,,updated procedures,True
b635ff5f-541d-47ed-907c-1aa5740c38f6,Unsafe Act,,Unit A,,Pump,,,{},NO,Energy Isolation,MEDIUM,,colleague intervened,,updated procedures,True
d4c9d91b-c169-49a1-89e2-83126691c776,Unsafe Condition,,Unit B,,Heat Exchanger,Small oil spill near Heat Exchanger at Unit B. Cleaned up promptly.,Small oil spill near Heat Exchanger at Unit B. Cleaned up promptly.,{},NO,Slips/Trips,LOW,reported to supervisor,colleague intervened,replaced equipment,updated procedures,True
fcf5611a-4bf3-4121-97d8-2dac42f8bd9d,Unsafe Condition,,Refinery Sector 4,,Pump,Worker used incorrect gloves for manual handling task. Supervisor corrected the action.,Worker used incorrect gloves for manual handling task. Supervisor corrected the action.,{},NO,Electrical,LOW,,supervisor intervened,,retrained staff,
0894ac91-ce7b-4e7a-a5a3-444924d8c8ef,Unsafe Condition,,Unit A,,Valve,Worker used incorrect gloves for manual handling task. Supervisor corrected the action.,Worker used incorrect gloves for manual handling task. Supervisor corrected the action.,{},NO,Pressure,LOW,stopped work,,,updated procedures,False
8dd6526f-c77c-43ac-b98f-6724d1b19747,Unsafe Condition,,Unit A,,Valve,Worker used incorrect gloves for manual handling task. Supervisor corrected the action.,Worker used incorrect gloves for manual handling task. Supervisor corrected the action.,{},NO,Pressure,LOW,stopped work,,,updated procedures,False
c1444282-0bf4-4a22-9bf0-68fda688f046,Unsafe Condition,,Refinery Sector 4,,Valve,Small oil spill near Valve at Refinery Sector 4. Cleaned up promptly.,Small oil spill near Valve at Refinery Sector 4. Cleaned up promptly.,{},NO,Confined Space,LOW,,colleague intervened,replaced equipment,updated procedures,True
fb9a1bb9-8129-4734-9289-e71953f1da51,Unsafe Act,,Offshore Platform 1,,Heat Exchanger,Trip hazard due to loose cables near Heat Exchanger. Cables were immediately organized.,Trip hazard due to loose cables near Heat Exchanger. Cables were immediately organized.,{},NO,Electrical,LOW,reported to supervisor,supervisor intervened,replaced equipment,,True
c5750333-8fba-45b9-910f-44c4e5b7a0e2,Unsafe Act,,Unit B,,Valve,Worker observed not wearing safety glasses at Unit B.,Worker observed not wearing safety glasses at Unit B.,{},NO,Manual Handling,MEDIUM,,,,,
c5ef1135-d02b-47e0-9448-f498a74652a8,Unsafe Act,,Offshore Platform 1,,Heat Exchanger,Trip hazard due to loose cables near Heat Exchanger. Cables were immediately organized.,Trip hazard due to loose cables near Heat Exchanger. Cables were immediately organized.,{},NO,Electrical,MEDIUM,,,cleaned up,retrained staff,True
798f1839-31c1-4d9b-bb7f-c2212972908d,Unsafe Condition,,Unit B,,Electrical Panel,Worker used incorrect gloves for manual handling task. Supervisor corrected the action.,Worker used incorrect gloves for manual handling task. Supervisor corrected the action.,{},NO,Confined Space,LOW,stopped work,supervisor intervened,cleaned up,,True
821a728f-37b6-4d4d-8fdf-1435f5650138,Near Miss,,Offshore Platform 1,,Compressor,Line opened with residual pressure on the Compressor. High-energy release narrowly missed the operator.,Line opened with residual pressure on the Compressor. High-energy release narrowly missed the operator.,{},YES,Energy Isolation,HIGH,,,cleaned up,,False
12bfd1be-3972-4fed-9611-b776c1d84439,Unsafe Act,,Unit B,,Pump,<div><p>Worker observed not wearing safety glasses at Unit B.</p></div>,Worker observed not wearing safety glasses at Unit B.,{},NO,Pressure,LOW,reported to supervisor,colleague intervened,replaced equipment,,True
cf390b7c-de39-477a-a1bc-45630e62a99c,Unsafe Act,,Refinery Sector 4,,Heat Exchanger,Trip hazard due to loose cables near Heat Exchanger. Cables were immediately organized.,Trip hazard due to loose cables near Heat Exchanger. Cables were immediately organized.,{},NO,Manual Handling,MEDIUM,reported to supervisor,colleague intervened,,updated procedures,False
6b54425f-4f16-40de-b28a-d5801ee63960,Unsafe Condition,,Unit A,,Pump,Worker observed not wearing safety glasses at Unit A.,Worker observed not wearing safety glasses at Unit A.,{},NO,Pressure,MEDIUM,,colleague intervened,,updated procedures,True
aeb06bb2-2716-42ae-b271-001bae298743,Unsafe Condition,,Offshore Platform 1,,Electrical Panel,Worker observed not wearing safety glasses at Offshore Platform 1.,Worker observed not wearing safety glasses at Offshore Platform 1.,{},NO,Electrical,MEDIUM,reported to supervisor,colleague intervened,replaced equipment,retrained staff,False
56f2bf35-bd8c-44dc-b00a-b33fb34a74e5,Unsafe Condition,,Unit B,,Compressor,Worker observed not wearing safety glasses at Unit B.,Worker observed not wearing safety glasses at Unit B.,{},NO,Working at Height,MEDIUM,reported to supervisor,supervisor intervened,replaced equipment,retrained staff,False
aeeae45d-482c-4712-9026-320845ab7245,Unsafe Condition,,Unit A,,Pump,Small oil spill near Pump at Unit A. Cleaned up promptly.,Small oil spill near Pump at Unit A. Cleaned up promptly.,{},NO,Electrical,LOW,reported to supervisor,,replaced equipment,retrained staff,
82297ee6-a5fa-489e-b8f9-0e5e46be992e,Unsafe Condition,,Refinery Sector 4,,Electrical Panel,Small oil spill near Electrical Panel at Refinery Sector 4. Cleaned up promptly.,Small oil spill near Electrical Panel at Refinery Sector 4. Cleaned up promptly.,{},NO,Working at Height,LOW,reported to supervisor,colleague intervened,cleaned up,updated procedures,
844069c8-c850-4405-bd6c-ffca14578049,Unsafe Act,,Offshore Platform 1,,Valve,<div><p>Worker observed not wearing safety glasses at Offshore Platform 1.</p></div>,Worker observed not wearing safety glasses at Offshore Platform 1.,{},NO,Pressure,MEDIUM,reported to supervisor,,cleaned up,updated procedures,False
5cb4fb9e-65c7-4cab-b728-45cca62e6093,Unsafe Condition,,Unit B,,Electrical Panel,Worker used incorrect gloves for manual handling task. Supervisor corrected the action.,Worker used incorrect gloves for manual handling task. Supervisor corrected the action.,{},NO,Manual Handling,MEDIUM,,supervisor intervened,replaced equipment,retrained staff,False
98e71239-615f-4d9b-9f1b-729ab05c813a,Unsafe Act,,Unit A,,Compressor,Worker observed not wearing safety glasses at Unit A.,Worker observed not wearing safety glasses at Unit A.,{},NO,Pressure,MEDIUM,reported to supervisor,,,retrained staff,
fd55c1ee-f536-43fc-a1cc-02100ddc5346,Unsafe Act,,Refinery Sector 4,,Valve,Worker observed not wearing safety glasses at Refinery Sector 4.,Worker observed not wearing safety glasses at Refinery Sector 4.,{},NO,Energy Isolation,LOW,reported to supervisor,,,,False
46f506bc-ba33-42b7-9129-428600d770e9,Unsafe Act,,Offshore Platform 1,,Pump,Trip hazard due to loose cables near Pump. Cables were immediately organized.,Trip hazard due to loose cables near Pump. Cables were immediately organized.,{},NO,Working at Height,MEDIUM,,colleague intervened,cleaned up,,False
cb535297-97e2-474a-9af0-0eb8067fe23d,Unsafe Act,,Unit A,,Electrical Panel,<div><p>Trip hazard due to loose cables near Electrical Panel. Cables were immediately organized.</p></div>,Trip hazard due to loose cables near Electrical Panel. Cables were immediately organized.,{},NO,Electrical,MEDIUM,reported to supervisor,supervisor intervened,cleaned up,,True
512b8017-7d7a-4006-b9f6-0112b1ad61d0,Unsafe Act,,Unit B,,Valve,Worker used incorrect gloves for manual handling task. Supervisor corrected the action.,Worker used incorrect gloves for manual handling task. Supervisor corrected the action.,{},NO,Working at Height,LOW,reported to supervisor,supervisor intervened,,updated procedures,
7bcb4341-a292-4a20-971d-ae8d67040430,Unsafe Act,,Unit A,,Electrical Panel,Small oil spill near Electrical Panel at Unit A. Cleaned up promptly.,Small oil spill near Electrical Panel at Unit A. Cleaned up promptly.,{},NO,Working at Height,MEDIUM,reported to supervisor,supervisor intervened,replaced equipment,updated procedures,
dfbdc758-5d7a-41cf-a19e-dac7bb916b56,Unsafe Act,,Refinery Sector 4,,Heat Exchanger,Worker observed not wearing safety glasses at Refinery Sector 4.,Worker observed not wearing safety glasses at Refinery Sector 4.,{},NO,Pressure,LOW,stopped work,supervisor intervened,replaced equipment,updated procedures,False
7ccf399a-9702-4d37-9873-ac57a26df446,Unsafe Act,,Unit B,,Electrical Panel,Worker used incorrect gloves for manual handling task. Supervisor corrected the action.,Worker used incorrect gloves for manual handling task. Supervisor corrected the action.,{},NO,Energy Isolation,LOW,stopped work,colleague intervened,cleaned up,,False
fd3c8546-6612-4cf0-8d01-880a9a158993,Unsafe Act,,Refinery Sector 4,,Pump,Small oil spill near Pump at Refinery Sector 4. Cleaned up promptly.,Small oil spill near Pump at Refinery Sector 4. Cleaned up promptly.,{},NO,Manual Handling,MEDIUM,stopped work,colleague intervened,replaced equipment,,
1d5e1a86-038b-495c-856b-13b9a7762625,Unsafe Condition,,Offshore Platform 1,,Compressor,Trip hazard due to loose cables near Compressor. Cables were immediately organized.,Trip hazard due to loose cables near Compressor. Cables were immediately organized.,{},NO,Manual Handling,LOW,reported to supervisor,supervisor intervened,replaced equipment,updated procedures,False
c6a1cd96-2574-432f-90d6-5b49e7f32fa0,Unsafe Condition,,Unit A,,Valve,Worker used incorrect gloves for manual handling task. Supervisor corrected the action.,Worker used incorrect gloves for manual handling task. Supervisor corrected the action.,{},NO,Confined Space,MEDIUM,reported to supervisor,colleague intervened,cleaned up,updated procedures,
bdc0a981-47a8-4ae9-acd4-e37b854fb18e,Unsafe Act,,Unit B,,Heat Exchanger,Worker entered the confined space at Unit B without conducting a gas test. No standby person was present.,Worker entered the confined space at Unit B without conducting a gas test. No standby person was present.,{},YES,Energy Isolation,HIGH,,supervisor intervened,replaced equipment,retrained staff,
2378ab50-eaa3-451d-8076-6953569fc921,Unsafe Act,,Unit A,,Valve,,,{},NO,Electrical,LOW,reported to supervisor,supervisor intervened,replaced equipment,retrained staff,
72acfea4-217c-4d09-a9a5-bfde0d2b9b28,Unsafe Condition,,Unit B,,Heat Exchanger,Small oil spill near Heat Exchanger at Unit B. Cleaned up promptly.,Small oil spill near Heat Exchanger at Unit B. Cleaned up promptly.,{},NO,Confined Space,LOW,stopped work,colleague intervened,replaced equipment,updated procedures,False
71d7a0d5-36c3-4b84-be39-fa74a551963a,Unsafe Condition,,Unit B,,Heat Exchanger,Worker observed not wearing safety glasses at Unit B.,Worker observed not wearing safety glasses at Unit B.,{},NO,Energy Isolation,LOW,stopped work,supervisor intervened,cleaned up,,
5961074b-8231-46c2-99d1-14c9b986c022,Unsafe Condition,,Unit A,,Valve,Worker observed not wearing safety glasses at Unit A.,Worker observed not wearing safety glasses at Unit A.,{},NO,Manual Handling,MEDIUM,stopped work,colleague intervened,cleaned up,retrained staff,False
0953d9c9-8bc6-4a30-9df9-a5664c5ee164,Unsafe Act,,Refinery Sector 4,,Compressor,Small oil spill near Compressor at Refinery Sector 4. Cleaned up promptly.,Small oil spill near Compressor at Refinery Sector 4. Cleaned up promptly.,{},NO,Confined Space,MEDIUM,reported to supervisor,supervisor intervened,cleaned up,updated procedures,
ab2fe9d6-5f32-41fa-9f37-b51b5ba6b547,Unsafe Condition,,Unit B,,Valve,<div><p>Worker observed not wearing safety glasses at Unit B.</p></div>,Worker observed not wearing safety glasses at Unit B.,{},NO,Confined Space,MEDIUM,stopped work,colleague intervened,,retrained staff,
513290e5-a9c4-4209-8d37-6ebf85cb7b52,Unsafe Condition,,Unit B,,Valve,<div><p>Worker observed not wearing safety glasses at Unit B.</p></div>,Worker observed not wearing safety glasses at Unit B.,{},NO,Confined Space,MEDIUM,stopped work,colleague intervened,,retrained staff,
9dfcccbc-1eb2-4ff3-95b5-809c45f919da,Near Miss,,Unit A,,Valve,"<div><p>During maintenance of the Valve at Unit A, the technician started work without isolating the equipment. The Valve was still energized.</p></div>","During maintenance of the Valve at Unit A, the technician started work without isolating the equipment. The Valve was still energized.",{},YES,Confined Space,HIGH,,supervisor intervened,cleaned up,updated procedures,False
85bb4a79-41d4-4428-8cf3-9b5121572940,Near Miss,,Unit A,,Valve,"<div><p>During maintenance of the Valve at Unit A, the technician started work without isolating the equipment. The Valve was still energized.</p></div>","During maintenance of the Valve at Unit A, the technician started work without isolating the equipment. The Valve was still energized.",{},YES,Confined Space,HIGH,,supervisor intervened,cleaned up,updated procedures,False
29185324-f48f-4bde-8325-5ef9d0c4d565,Unsafe Condition,,Unit A,,Pump,Trip hazard due to loose cables near Pump. Cables were immediately organized.,Trip hazard due to loose cables near Pump. Cables were immediately organized.,{},NO,Working at Height,LOW,,,,retrained staff,
2b5783c6-d3b8-47a8-8f6d-510b51bfd058,Unsafe Condition,,Unit B,,Compressor,Worker observed not wearing safety glasses at Unit B.,Worker observed not wearing safety glasses at Unit B.,{},NO,Working at Height,LOW,,,cleaned up,,
624684f9-ee1d-4111-bc59-a99305b8ac0c,Near Miss,,Unit A,,Heat Exchanger,"During maintenance of the Heat Exchanger at Unit A, the technician started work without isolating the equipment. The Heat Exchanger was still energized.","During maintenance of the Heat Exchanger at Unit A, the technician started work without isolating the equipment. The Heat Exchanger was still energized.",{},YES,Energy Isolation,HIGH,,,cleaned up,,
80fe6ee7-4796-4bdc-bcab-f148c7417e35,Unsafe Condition,,Unit B,,Valve,Small oil spill near Valve at Unit B. Cleaned up promptly.,Small oil spill near Valve at Unit B. Cleaned up promptly.,{},NO,Working at Height,LOW,reported to supervisor,,cleaned up,,False
cf90d71b-4822-4d37-9b2d-479d489abdca,Unsafe Act,,Refinery Sector 4,,Heat Exchanger,Worker used incorrect gloves for manual handling task. Supervisor corrected the action.,Worker used incorrect gloves for manual handling task. Supervisor corrected the action.,{},NO,Pressure,LOW,stopped work,supervisor intervened,,,
41471528-e8f0-4af0-8758-1c2e8603eab0,Unsafe Act,,Offshore Platform 1,,Electrical Panel,Worker observed not wearing safety glasses at Offshore Platform 1.,Worker observed not wearing safety glasses at Offshore Platform 1.,{},NO,Energy Isolation,MEDIUM,reported to supervisor,supervisor intervened,cleaned up,updated procedures,True
508f3a39-67a2-4cd4-a683-8ebf0e854767,Unsafe Condition,,Refinery Sector 4,,Pump,<div><p>Worker used incorrect gloves for manual handling task. Supervisor corrected the action.</p></div>,Worker used incorrect gloves for manual handling task. Supervisor corrected the action.,{},NO,Manual Handling,LOW,stopped work,colleague intervened,cleaned up,,
f6cb1ea0-09ca-4074-b364-986d4a4bc19b,Unsafe Condition,,Refinery Sector 4,,Heat Exchanger,,,{},NO,Energy Isolation,MEDIUM,stopped work,supervisor intervened,replaced equipment,retrained staff,False
aee955d6-4d58-4528-a124-92bc10478686,Unsafe Condition,,Unit B,,Electrical Panel,Worker used incorrect gloves for manual handling task. Supervisor corrected the action.,Worker used incorrect gloves for manual handling task. Supervisor corrected the action.,{},NO,Pressure,LOW,,,replaced equipment,updated procedures,
b0a646a6-1d50-4958-b8c4-4899613b0820,Unsafe Act,,Unit A,,Pump,Small oil spill near Pump at Unit A. Cleaned up promptly.,Small oil spill near Pump at Unit A. Cleaned up promptly.,{},NO,Pressure,LOW,stopped work,colleague intervened,cleaned up,retrained staff,True
2c50c936-16c2-44f7-94f2-6d7e5c8aa610,Unsafe Condition,,Offshore Platform 1,,Electrical Panel,Worker used incorrect gloves for manual handling task. Supervisor corrected the action.,Worker used incorrect gloves for manual handling task. Supervisor corrected the action.,{},NO,Working at Height,MEDIUM,reported to supervisor,colleague intervened,replaced equipment,retrained staff,True
9b8cedee-eb35-4a63-84a1-0b66e0ed320c,Unsafe Condition,,Offshore Platform 1,,Electrical Panel,Small oil spill near Electrical Panel at Offshore Platform 1. Cleaned up promptly.,Small oil spill near Electrical Panel at Offshore Platform 1. Cleaned up promptly.,{},NO,Pressure,MEDIUM,stopped work,supervisor intervened,cleaned up,,True
f97e59bc-f028-4212-9c1d-581216ceba07,Unsafe Act,,Refinery Sector 4,,Valve,Trip hazard due to loose cables near Valve. Cables were immediately organized.,Trip hazard due to loose cables near Valve. Cables were immediately organized.,{},NO,Energy Isolation,LOW,,supervisor intervened,,,
c4218183-f6e4-4d1f-8e7b-64aa058dfc84,Unsafe Act,,Unit A,,Pump,Worker observed not wearing safety glasses at Unit A.,Worker observed not wearing safety glasses at Unit A.,{},NO,Manual Handling,MEDIUM,,colleague intervened,replaced equipment,updated procedures,False
17806eea-60db-4a67-a58e-321fe3d5aa25,Near Miss,,Refinery Sector 4,,Pump,"While working at Refinery Sector 4, worker was at height without fall protection. Serious risk of fatal fall.","While working at Refinery Sector 4, worker was at height without fall protection. Serious risk of fatal fall.",{},YES,Pressure,CRITICAL,,,,updated procedures,True
42b49be3-0c56-4832-b9fb-de964c59092a,Unsafe Act,,Offshore Platform 1,,Electrical Panel,Worker used incorrect gloves for manual handling task. Supervisor corrected the action.,Worker used incorrect gloves for manual handling task. Supervisor corrected the action.,{},NO,Slips/Trips,LOW,reported to supervisor,,cleaned up,,False
a66f13dc-d9bb-4749-af2f-d8f374a6a4a6,Unsafe Condition,,Offshore Platform 1,,Compressor,Trip hazard due to loose cables near Compressor. Cables were immediately organized.,Trip hazard due to loose cables near Compressor. Cables were immediately organized.,{},NO,Pressure,MEDIUM,,,,retrained staff,True
abe6004e-cf18-4bef-bbac-988a1862754f,Unsafe Act,,Unit B,,Electrical Panel,Trip hazard due to loose cables near Electrical Panel. Cables were immediately organized.,Trip hazard due to loose cables near Electrical Panel. Cables were immediately organized.,{},NO,Manual Handling,MEDIUM,,supervisor intervened,cleaned up,retrained staff,False
4188a87c-9bbf-44d8-8bd4-ee44fc6c2254,Unsafe Condition,,Unit B,,Electrical Panel,Worker used incorrect gloves for manual handling task. Supervisor corrected the action.,Worker used incorrect gloves for manual handling task. Supervisor corrected the action.,{},NO,Pressure,MEDIUM,,supervisor intervened,cleaned up,updated procedures,True
f99bbd9c-70c6-491e-ab62-768f56e0c7e3,Unsafe Condition,,Refinery Sector 4,,Valve,Worker observed not wearing safety glasses at Refinery Sector 4.,Worker observed not wearing safety glasses at Refinery Sector 4.,{},NO,Manual Handling,MEDIUM,,supervisor intervened,cleaned up,updated procedures,True
dd9b97a3-a93e-4a3d-81d2-8e752f56d14e,Unsafe Act,,Refinery Sector 4,,Pump,Worker observed not wearing safety glasses at Refinery Sector 4.,Worker observed not wearing safety glasses at Refinery Sector 4.,{},NO,Slips/Trips,MEDIUM,stopped work,,,,True
8b30ce59-6897-45a2-8c97-e9d59b708fd1,Unsafe Condition,,Unit B,,Valve,Trip hazard due to loose cables near Valve. Cables were immediately organized.,Trip hazard due to loose cables near Valve. Cables were immediately organized.,{},NO,Pressure,LOW,,supervisor intervened,,,
8b4ba2ac-7c46-43a1-ac5c-8ec9bf15617e,Unsafe Act,,Refinery Sector 4,,Heat Exchanger,Worker used incorrect gloves for manual handling task. Supervisor corrected the action.,Worker used incorrect gloves for manual handling task. Supervisor corrected the action.,{},NO,Pressure,MEDIUM,reported to supervisor,,replaced equipment,retrained staff,False
18444f39-1603-4a4f-bd01-3cc6250a0733,Unsafe Act,,Offshore Platform 1,,Pump,Worker observed not wearing safety glasses at Offshore Platform 1.,Worker observed not wearing safety glasses at Offshore Platform 1.,{},NO,Slips/Trips,MEDIUM,,supervisor intervened,replaced equipment,,False
f31d73b2-f8bc-46e1-810f-189f8dd13d01,Unsafe Act,,Unit B,,Compressor,Worker observed not wearing safety glasses at Unit B.,Worker observed not wearing safety glasses at Unit B.,{},NO,Slips/Trips,LOW,reported to supervisor,colleague intervened,replaced equipment,retrained staff,False
1d507992-321c-4c8a-9033-21e16cb4a627,Unsafe Condition,,Offshore Platform 1,,Valve,Small oil spill near Valve at Offshore Platform 1. Cleaned up promptly.,Small oil spill near Valve at Offshore Platform 1. Cleaned up promptly.,{},NO,Confined Space,MEDIUM,reported to supervisor,supervisor intervened,replaced equipment,updated procedures,True
7685275b-dc7a-4a69-96e0-761132978345,Unsafe Condition,,Unit A,,Pump,Small oil spill near Pump at Unit A. Cleaned up promptly.,Small oil spill near Pump at Unit A. Cleaned up promptly.,{},NO,Working at Height,LOW,stopped work,supervisor intervened,,retrained staff,False
d60ed1ca-9e09-4c34-9e9e-be671548add1,Unsafe Condition,,Unit A,,Heat Exchanger,Worker observed not wearing safety glasses at Unit A.,Worker observed not wearing safety glasses at Unit A.,{},NO,Working at Height,MEDIUM,,supervisor intervened,,retrained staff,True
7fea5a64-3659-4aad-b721-e651d613dfbc,Unsafe Act,,Unit B,,Pump,Small oil spill near Pump at Unit B. Cleaned up promptly.,Small oil spill near Pump at Unit B. Cleaned up promptly.,{},NO,Confined Space,MEDIUM,stopped work,,,,False
879695c1-000e-4bda-b9d8-d328b271d272,Unsafe Condition,,Unit B,,Electrical Panel,Worker observed not wearing safety glasses at Unit B.,Worker observed not wearing safety glasses at Unit B.,{},NO,Energy Isolation,LOW,reported to supervisor,,cleaned up,,True
d37ff4d2-4689-492e-9be9-ac959b6721fb,Unsafe Act,,Unit B,,Pump,Trip hazard due to loose cables near Pump. Cables were immediately organized.,Trip hazard due to loose cables near Pump. Cables were immediately organized.,{},NO,Energy Isolation,LOW,reported to supervisor,supervisor intervened,cleaned up,updated procedures,
a5a43704-7f4d-419c-8be7-7cd6c35f9969,Unsafe Condition,,Offshore Platform 1,,Compressor,Worker used incorrect gloves for manual handling task. Supervisor corrected the action.,Worker used incorrect gloves for manual handling task. Supervisor corrected the action.,{},NO,Manual Handling,LOW,,colleague intervened,replaced equipment,retrained staff,True
13d02cb4-8c70-4c6f-8786-9178f490c683,Unsafe Act,,Offshore Platform 1,,Compressor,"During maintenance of the Compressor at Offshore Platform 1, the technician started work without isolating the equipment. The Compressor was still energized.","During maintenance of the Compressor at Offshore Platform 1, the technician started work without isolating the equipment. The Compressor was still energized.",{},YES,Energy Isolation,HIGH,stopped work,,,retrained staff,True
a78024a6-fc9b-4b9e-8675-93ea1a60e690,Unsafe Condition,,Unit B,,Heat Exchanger,Small oil spill near Heat Exchanger at Unit B. Cleaned up promptly.,Small oil spill near Heat Exchanger at Unit B. Cleaned up promptly.,{},NO,Working at Height,LOW,,colleague intervened,cleaned up,retrained staff,False
132cf628-c147-4c16-b494-f562add2bd4f,Unsafe Act,,Refinery Sector 4,,Heat Exchanger,Small oil spill near Heat Exchanger at Refinery Sector 4. Cleaned up promptly.,Small oil spill near Heat Exchanger at Refinery Sector 4. Cleaned up promptly.,{},NO,Pressure,LOW,reported to supervisor,colleague intervened,replaced equipment,retrained staff,
e9140dfe-9eae-46a8-aaad-f3b4c54d6972,Unsafe Condition,,Unit A,,Valve,Small oil spill near Valve at Unit A. Cleaned up promptly.,Small oil spill near Valve at Unit A. Cleaned up promptly.,{},NO,Working at Height,LOW,stopped work,colleague intervened,cleaned up,updated procedures,True
9f159088-3fc3-48ac-9056-1c1631689e76,Near Miss,,Unit A,,Heat Exchanger,"During maintenance of the Heat Exchanger at Unit A, the technician started work without isolating the equipment. The Heat Exchanger was still energized.","During maintenance of the Heat Exchanger at Unit A, the technician started work without isolating the equipment. The Heat Exchanger was still energized.",{},YES,Energy Isolation,CRITICAL,,,replaced equipment,updated procedures,False
900fd93b-00f3-47f9-8009-d339acf73823,Unsafe Condition,,Offshore Platform 1,,Valve,Worker used incorrect gloves for manual handling task. Supervisor corrected the action.,Worker used incorrect gloves for manual handling task. Supervisor corrected the action.,{},NO,Confined Space,LOW,,supervisor intervened,cleaned up,retrained staff,False
987df789-6277-4d1f-a0b6-85db50cf3d6a,Unsafe Act,,Unit B,,Compressor,Trip hazard due to loose cables near Compressor. Cables were immediately organized.,Trip hazard due to loose cables near Compressor. Cables were immediately organized.,{},NO,Pressure,MEDIUM,,,cleaned up,updated procedures,False
4292fb3a-37d9-481e-a1fa-45d66176322b,Unsafe Condition,,Unit B,,Compressor,Trip hazard due to loose cables near Compressor. Cables were immediately organized.,Trip hazard due to loose cables near Compressor. Cables were immediately organized.,{},NO,Confined Space,MEDIUM,stopped work,colleague intervened,,retrained staff,True
312c49cd-f370-4cac-b27a-a545a75b1998,Unsafe Act,,Unit B,,Compressor,Worker entered the confined space at Unit B without conducting a gas test. No standby person was present.,Worker entered the confined space at Unit B without conducting a gas test. No standby person was present.,{},YES,Working at Height,CRITICAL,stopped work,supervisor intervened,replaced equipment,updated procedures,True
c905a146-04c4-498a-b1a4-3ef325060f9b,Unsafe Condition,,Refinery Sector 4,,Heat Exchanger,Trip hazard due to loose cables near Heat Exchanger. Cables were immediately organized.,Trip hazard due to loose cables near Heat Exchanger. Cables were immediately organized.,{},NO,Electrical,MEDIUM,stopped work,colleague intervened,replaced equipment,retrained staff,True
a026d223-f5aa-4b0c-9343-503e363ef6fe,Unsafe Act,,Refinery Sector 4,,Pump,,,{},NO,Slips/Trips,LOW,reported to supervisor,colleague intervened,replaced equipment,updated procedures,False
b70b99ab-f3d6-4746-afd1-3e29d4024c5c,Unsafe Act,,Unit B,,Valve,Trip hazard due to loose cables near Valve. Cables were immediately organized.,Trip hazard due to loose cables near Valve. Cables were immediately organized.,{},NO,Slips/Trips,LOW,reported to supervisor,,replaced equipment,updated procedures,False
48d39a1b-5594-4d0f-b57c-7d007c98206e,Unsafe Condition,,Unit B,,Compressor,Trip hazard due to loose cables near Compressor. Cables were immediately organized.,Trip hazard due to loose cables near Compressor. Cables were immediately organized.,{},NO,Manual Handling,MEDIUM,stopped work,supervisor intervened,,updated procedures,True
0c9463c2-124d-4244-8191-9e05783dbef3,Unsafe Condition,,Unit A,,Valve,<div><p>Trip hazard due to loose cables near Valve. Cables were immediately organized.</p></div>,Trip hazard due to loose cables near Valve. Cables were immediately organized.,{},NO,Confined Space,LOW,stopped work,colleague intervened,,updated procedures,False
b0b6d6b8-10a4-49ac-b275-0634febd2744,Unsafe Act,,Refinery Sector 4,,Compressor,"During maintenance of the Compressor at Refinery Sector 4, the technician started work without isolating the equipment. The Compressor was still energized.","During maintenance of the Compressor at Refinery Sector 4, the technician started work without isolating the equipment. The Compressor was still energized.",{},YES,Working at Height,CRITICAL,reported to supervisor,colleague intervened,replaced equipment,retrained staff,
dd8f0513-ea63-4cbc-9f0d-c7344b880f38,Near Miss,,Unit B,,Compressor,Line opened with residual pressure on the Compressor. High-energy release narrowly missed the operator.,Line opened with residual pressure on the Compressor. High-energy release narrowly missed the operator.,{},YES,Pressure,CRITICAL,stopped work,colleague intervened,replaced equipment,updated procedures,True
088d4783-01dd-4f40-a5b3-bb0df6f76faf,Unsafe Act,,Offshore Platform 1,,Heat Exchanger,Trip hazard due to loose cables near Heat Exchanger. Cables were immediately organized.,Trip hazard due to loose cables near Heat Exchanger. Cables were immediately organized.,{},NO,Manual Handling,LOW,reported to supervisor,colleague intervened,cleaned up,updated procedures,False
6b62481c-0176-4080-8e5a-387bd8ba24d2,Unsafe Act,,Offshore Platform 1,,Heat Exchanger,Trip hazard due to loose cables near Heat Exchanger. Cables were immediately organized.,Trip hazard due to loose cables near Heat Exchanger. Cables were immediately organized.,{},NO,Manual Handling,LOW,reported to supervisor,colleague intervened,cleaned up,updated procedures,False
9db6774f-ad4b-46c4-a86a-552291ebed5c,Unsafe Condition,,Refinery Sector 4,,Heat Exchanger,Worker used incorrect gloves for manual handling task. Supervisor corrected the action.,Worker used incorrect gloves for manual handling task. Supervisor corrected the action.,{},NO,Pressure,LOW,stopped work,supervisor intervened,,updated procedures,
50564ce4-d27f-4ba8-b8b8-30eb59b1f4d6,Unsafe Act,,Unit B,,Compressor,Small oil spill near Compressor at Unit B. Cleaned up promptly.,Small oil spill near Compressor at Unit B. Cleaned up promptly.,{},NO,Working at Height,MEDIUM,,colleague intervened,cleaned up,,False
d92b785b-16d2-4a16-a0b5-e50e8db45554,Unsafe Act,,Refinery Sector 4,,Heat Exchanger,Worker observed not wearing safety glasses at Refinery Sector 4.,Worker observed not wearing safety glasses at Refinery Sector 4.,{},NO,Pressure,MEDIUM,,supervisor intervened,,retrained staff,False
86e03c2b-fc6d-47a2-a8df-931f225574fc,Unsafe Act,,Refinery Sector 4,,Heat Exchanger,Worker observed not wearing safety glasses at Refinery Sector 4.,Worker observed not wearing safety glasses at Refinery Sector 4.,{},NO,Pressure,MEDIUM,,supervisor intervened,,retrained staff,False
87d00f6b-9777-424b-9534-e286d3c21b9b,Unsafe Condition,,Refinery Sector 4,,Pump,Trip hazard due to loose cables near Pump. Cables were immediately organized.,Trip hazard due to loose cables near Pump. Cables were immediately organized.,{},NO,Pressure,LOW,,,cleaned up,retrained staff,
48f1b7b7-0434-41e9-9858-6a5f41e29922,Unsafe Act,,Offshore Platform 1,,Valve,,,{},NO,Manual Handling,LOW,stopped work,colleague intervened,cleaned up,,
209da122-3146-47e2-b04f-c0a0329dabfe,Unsafe Act,,Offshore Platform 1,,Valve,Worker used incorrect gloves for manual handling task. Supervisor corrected the action.,Worker used incorrect gloves for manual handling task. Supervisor corrected the action.,{},NO,Working at Height,MEDIUM,reported to supervisor,,,retrained staff,False
76a1dfa6-4be2-4440-8f19-292e2d6baae9,Unsafe Condition,,Refinery Sector 4,,Valve,Worker used incorrect gloves for manual handling task. Supervisor corrected the action.,Worker used incorrect gloves for manual handling task. Supervisor corrected the action.,{},NO,Working at Height,LOW,,colleague intervened,replaced equipment,retrained staff,False
d73ddc6f-e499-4b14-8fe0-1b789f9612c2,Unsafe Act,,Refinery Sector 4,,Electrical Panel,Worker used incorrect gloves for manual handling task. Supervisor corrected the action.,Worker used incorrect gloves for manual handling task. Supervisor corrected the action.,{},NO,Energy Isolation,LOW,reported to supervisor,colleague intervened,cleaned up,,True
fcaf8c1a-a5ff-4a8e-9166-f3d48c94a3f0,Unsafe Act,,Offshore Platform 1,,Valve,Trip hazard due to loose cables near Valve. Cables were immediately organized.,Trip hazard due to loose cables near Valve. Cables were immediately organized.,{},NO,Manual Handling,LOW,stopped work,supervisor intervened,,retrained staff,
f7d9c1be-42a1-48bc-a96f-47696ec2395a,Unsafe Act,,Refinery Sector 4,,Pump,Worker observed not wearing safety glasses at Refinery Sector 4.,Worker observed not wearing safety glasses at Refinery Sector 4.,{},NO,Pressure,MEDIUM,,,cleaned up,,True
6af6ca6f-825e-4000-ad0f-6942c83794eb,Unsafe Act,,Refinery Sector 4,,Electrical Panel,Worker used incorrect gloves for manual handling task. Supervisor corrected the action.,Worker used incorrect gloves for manual handling task. Supervisor corrected the action.,{},NO,Confined Space,MEDIUM,reported to supervisor,colleague intervened,,retrained staff,
50ee22ef-4eba-4989-90b9-6da67670b81a,Unsafe Act,,Unit B,,Electrical Panel,,,{},NO,Working at Height,MEDIUM,reported to supervisor,supervisor intervened,cleaned up,retrained staff,
02ef97dd-5e08-4f89-8c18-59dfd641d457,Unsafe Act,,Unit B,,Compressor,Worker used incorrect gloves for manual handling task. Supervisor corrected the action.,Worker used incorrect gloves for manual handling task. Supervisor corrected the action.,{},NO,Pressure,LOW,reported to supervisor,supervisor intervened,,updated procedures,True
3be6150a-588d-479c-890b-59423ebbc60d,Unsafe Condition,,Unit A,,Valve,Worker observed not wearing safety glasses at Unit A.,Worker observed not wearing safety glasses at Unit A.,{},NO,Slips/Trips,LOW,,supervisor intervened,replaced equipment,updated procedures,
d0de358e-2159-4f34-9fda-9533a7af4bae,Unsafe Act,,Offshore Platform 1,,Valve,Trip hazard due to loose cables near Valve. Cables were immediately organized.,Trip hazard due to loose cables near Valve. Cables were immediately organized.,{},NO,Pressure,MEDIUM,,,,,True
f6067eb1-6d7b-4c7c-a22f-50427f0aa4b2,Unsafe Condition,,Offshore Platform 1,,Heat Exchanger,Small oil spill near Heat Exchanger at Offshore Platform 1. Cleaned up promptly.,Small oil spill near Heat Exchanger at Offshore Platform 1. Cleaned up promptly.,{},NO,Confined Space,MEDIUM,,supervisor intervened,,updated procedures,True
1e603297-6652-44fe-937c-878481f405d7,Unsafe Condition,,Unit A,,Electrical Panel,Small oil spill near Electrical Panel at Unit A. Cleaned up promptly.,Small oil spill near Electrical Panel at Unit A. Cleaned up promptly.,{},NO,Working at Height,LOW,,colleague intervened,replaced equipment,,
a47659c7-b86c-43b7-9a5a-8334fb2d1f0a,Unsafe Condition,,Unit B,,Pump,Worker used incorrect gloves for manual handling task. Supervisor corrected the action.,Worker used incorrect gloves for manual handling task. Supervisor corrected the action.,{},NO,Confined Space,LOW,stopped work,,,retrained staff,True
7daba1a3-5065-4800-8572-0e92420b5ddb,Unsafe Condition,,Refinery Sector 4,,Compressor,Small oil spill near Compressor at Refinery Sector 4. Cleaned up promptly.,Small oil spill near Compressor at Refinery Sector 4. Cleaned up promptly.,{},NO,Manual Handling,MEDIUM,stopped work,supervisor intervened,cleaned up,,
ffe3102d-a7bb-4648-8ff6-73f7b589e457,Unsafe Condition,,Unit A,,Heat Exchanger,,,{},NO,Pressure,LOW,stopped work,,,,
c29bffff-f955-4a7f-ad70-fdec1725d62d,Unsafe Act,,Unit B,,Pump,Trip hazard due to loose cables near Pump. Cables were immediately organized.,Trip hazard due to loose cables near Pump. Cables were immediately organized.,{},NO,Energy Isolation,LOW,reported to supervisor,,cleaned up,,False
58694b84-b5b0-4bc5-afd5-8e2ae07c3649,Unsafe Condition,,Unit A,,Compressor,Small oil spill near Compressor at Unit A. Cleaned up promptly.,Small oil spill near Compressor at Unit A. Cleaned up promptly.,{},NO,Electrical,LOW,reported to supervisor,,cleaned up,retrained staff,
23fb357a-2efc-4098-acf7-b585ea00dd52,Unsafe Condition,,Offshore Platform 1,,Heat Exchanger,Small oil spill near Heat Exchanger at Offshore Platform 1. Cleaned up promptly.,Small oil spill near Heat Exchanger at Offshore Platform 1. Cleaned up promptly.,{},NO,Energy Isolation,LOW,,supervisor intervened,replaced equipment,updated procedures,False
b55d3f8b-adb4-4da6-8f83-bfa0aebc215d,Unsafe Act,,Refinery Sector 4,,Heat Exchanger,Trip hazard due to loose cables near Heat Exchanger. Cables were immediately organized.,Trip hazard due to loose cables near Heat Exchanger. Cables were immediately organized.,{},NO,Slips/Trips,MEDIUM,reported to supervisor,supervisor intervened,replaced equipment,updated procedures,True
d3eb3e2a-2ca7-414c-bd94-463309385d55,Unsafe Condition,,Unit A,,Valve,Trip hazard due to loose cables near Valve. Cables were immediately organized.,Trip hazard due to loose cables near Valve. Cables were immediately organized.,{},NO,Energy Isolation,LOW,reported to supervisor,colleague intervened,,,
1582ef3c-65ac-46d1-851a-e0cfd5efc95a,Unsafe Act,,Unit B,,Compressor,Worker observed not wearing safety glasses at Unit B.,Worker observed not wearing safety glasses at Unit B.,{},NO,Energy Isolation,LOW,,supervisor intervened,,,
77913a5a-9639-4789-a37f-494c8f0afdf9,Unsafe Act,,Unit B,,Compressor,Worker observed not wearing safety glasses at Unit B.,Worker observed not wearing safety glasses at Unit B.,{},NO,Energy Isolation,LOW,,supervisor intervened,,,
0d6d75eb-2a58-4ce5-9032-54da292112e2,Unsafe Condition,,Unit A,,Valve,Trip hazard due to loose cables near Valve. Cables were immediately organized.,Trip hazard due to loose cables near Valve. Cables were immediately organized.,{},NO,Manual Handling,LOW,,,cleaned up,updated procedures,
9a1b57f0-9c50-46a3-a463-7ff686890a26,Unsafe Act,,Offshore Platform 1,,Valve,Worker used incorrect gloves for manual handling task. Supervisor corrected the action.,Worker used incorrect gloves for manual handling task. Supervisor corrected the action.,{},NO,Energy Isolation,MEDIUM,,supervisor intervened,replaced equipment,,
66855e6c-a99e-432d-ab77-e6d44de196da,Unsafe Act,,Offshore Platform 1,,Pump,Worker observed not wearing safety glasses at Offshore Platform 1.,Worker observed not wearing safety glasses at Offshore Platform 1.,{},NO,Electrical,MEDIUM,,,replaced equipment,retrained staff,
52a11188-1349-4ab3-8ab0-3d2a091bf461,Unsafe Condition,,Refinery Sector 4,,Compressor,Trip hazard due to loose cables near Compressor. Cables were immediately organized.,Trip hazard due to loose cables near Compressor. Cables were immediately organized.,{},NO,Slips/Trips,MEDIUM,reported to supervisor,,cleaned up,updated procedures,
a57b313e-9de9-4ded-bc71-13459e46351e,Unsafe Act,,Unit A,,Compressor,Trip hazard due to loose cables near Compressor. Cables were immediately organized.,Trip hazard due to loose cables near Compressor. Cables were immediately organized.,{},NO,Manual Handling,LOW,stopped work,colleague intervened,replaced equipment,updated procedures,False
310f34fc-5bc9-4fd0-ad12-2c662ac2ed36,Unsafe Condition,,Refinery Sector 4,,Compressor,Worker observed not wearing safety glasses at Refinery Sector 4.,Worker observed not wearing safety glasses at Refinery Sector 4.,{},NO,Working at Height,LOW,,colleague intervened,,,
800d595a-10dd-410b-ad0e-0223a4adeb15,Unsafe Condition,,Unit A,,Valve,Worker used incorrect gloves for manual handling task. Supervisor corrected the action.,Worker used incorrect gloves for manual handling task. Supervisor corrected the action.,{},NO,Working at Height,LOW,stopped work,colleague intervened,replaced equipment,updated procedures,False
671f914c-bacc-470b-ba1a-e99bccc56361,Unsafe Act,,Offshore Platform 1,,Heat Exchanger,Worker observed not wearing safety glasses at Offshore Platform 1.,Worker observed not wearing safety glasses at Offshore Platform 1.,{},NO,Energy Isolation,LOW,stopped work,colleague intervened,replaced equipment,retrained staff,False
4553fbc7-a645-40a1-ba58-35e9da139fae,Unsafe Condition,,Refinery Sector 4,,Heat Exchanger,Trip hazard due to loose cables near Heat Exchanger. Cables were immediately organized.,Trip hazard due to loose cables near Heat Exchanger. Cables were immediately organized.,{},NO,Working at Height,LOW,,supervisor intervened,cleaned up,,True
1fd0d803-3074-469f-98da-b983ca8ba931,Unsafe Condition,,Unit B,,Electrical Panel,Worker used incorrect gloves for manual handling task. Supervisor corrected the action.,Worker used incorrect gloves for manual handling task. Supervisor corrected the action.,{},NO,Pressure,LOW,reported to supervisor,supervisor intervened,replaced equipment,retrained staff,False
a59f689f-40ed-41c0-b727-ff793b156153,Unsafe Condition,,Offshore Platform 1,,Electrical Panel,<div><p>Trip hazard due to loose cables near Electrical Panel. Cables were immediately organized.</p></div>,Trip hazard due to loose cables near Electrical Panel. Cables were immediately organized.,{},NO,Slips/Trips,LOW,reported to supervisor,supervisor intervened,replaced equipment,,False
4d245731-fdbc-49bb-a0a8-7d232ef27233,Unsafe Act,,Offshore Platform 1,,Compressor,Small oil spill near Compressor at Offshore Platform 1. Cleaned up promptly.,Small oil spill near Compressor at Offshore Platform 1. Cleaned up promptly.,{},NO,Confined Space,MEDIUM,,,replaced equipment,retrained staff,True
f7f79e10-62ff-4422-a0ce-8f8fca351239,Unsafe Act,,Offshore Platform 1,,Compressor,Small oil spill near Compressor at Offshore Platform 1. Cleaned up promptly.,Small oil spill near Compressor at Offshore Platform 1. Cleaned up promptly.,{},NO,Confined Space,MEDIUM,,,replaced equipment,retrained staff,True
ee525b4d-4aa5-400a-ac0f-38fbb71b82ef,Unsafe Act,,Unit B,,Pump,Worker observed not wearing safety glasses at Unit B.,Worker observed not wearing safety glasses at Unit B.,{},NO,Working at Height,MEDIUM,reported to supervisor,colleague intervened,,,
583cb2d6-3819-4cd5-a7b2-42cc875378ab,Near Miss,,Unit B,,Heat Exchanger,"During maintenance of the Heat Exchanger at Unit B, the technician started work without isolating the equipment. The Heat Exchanger was still energized.","During maintenance of the Heat Exchanger at Unit B, the technician started work without isolating the equipment. The Heat Exchanger was still energized.",{},YES,Confined Space,HIGH,stopped work,supervisor intervened,,updated procedures,False
39238ef6-60e1-48d5-a26e-5fc75150db0f,Unsafe Act,,Unit A,,Heat Exchanger,Trip hazard due to loose cables near Heat Exchanger. Cables were immediately organized.,Trip hazard due to loose cables near Heat Exchanger. Cables were immediately organized.,{},NO,Pressure,LOW,,,,retrained staff,
c04d77fb-184b-441f-918f-21fcbb5777ef,Unsafe Condition,,Refinery Sector 4,,Heat Exchanger,Worker used incorrect gloves for manual handling task. Supervisor corrected the action.,Worker used incorrect gloves for manual handling task. Supervisor corrected the action.,{},NO,Confined Space,MEDIUM,stopped work,colleague intervened,replaced equipment,retrained staff,
66375088-a74a-43ec-a67f-939d1ddf0e92,Unsafe Act,,Unit A,,Pump,Trip hazard due to loose cables near Pump. Cables were immediately organized.,Trip hazard due to loose cables near Pump. Cables were immediately organized.,{},NO,Confined Space,MEDIUM,stopped work,colleague intervened,,,
9f475b4a-94d8-4815-abd5-4bc411633bb3,Unsafe Act,,Unit A,,Compressor,Worker observed not wearing safety glasses at Unit A.,Worker observed not wearing safety glasses at Unit A.,{},NO,Pressure,LOW,stopped work,supervisor intervened,,retrained staff,True
64394129-ebdb-4710-ada8-b8d678777c22,Unsafe Act,,Offshore Platform 1,,Compressor,Worker observed not wearing safety glasses at Offshore Platform 1.,Worker observed not wearing safety glasses at Offshore Platform 1.,{},NO,Working at Height,LOW,,colleague intervened,cleaned up,,
357a0b2c-ae3e-4955-ac16-6c96530cffd9,Unsafe Condition,,Unit A,,Pump,Trip hazard due to loose cables near Pump. Cables were immediately organized.,Trip hazard due to loose cables near Pump. Cables were immediately organized.,{},NO,Energy Isolation,LOW,,supervisor intervened,cleaned up,,True
dd71656a-a64e-4498-b78e-547649f1938d,Unsafe Act,,Unit A,,Heat Exchanger,Trip hazard due to loose cables near Heat Exchanger. Cables were immediately organized.,Trip hazard due to loose cables near Heat Exchanger. Cables were immediately organized.,{},NO,Pressure,MEDIUM,reported to supervisor,colleague intervened,replaced equipment,updated procedures,False
3ba705b9-a6f3-446d-9b93-1dce6ca7932a,Unsafe Act,,Unit A,,Compressor,Trip hazard due to loose cables near Compressor. Cables were immediately organized.,Trip hazard due to loose cables near Compressor. Cables were immediately organized.,{},NO,Manual Handling,MEDIUM,stopped work,,cleaned up,retrained staff,
2085341e-a97b-4dd2-a6ad-0c019a485b62,Unsafe Condition,,Unit B,,Pump,Worker observed not wearing safety glasses at Unit B.,Worker observed not wearing safety glasses at Unit B.,{},NO,Working at Height,MEDIUM,reported to supervisor,,replaced equipment,,True
d5b52c12-56ee-4d3f-b517-19664edbcd99,Unsafe Act,,Refinery Sector 4,,Pump,Worker observed not wearing safety glasses at Refinery Sector 4.,Worker observed not wearing safety glasses at Refinery Sector 4.,{},NO,Electrical,MEDIUM,,supervisor intervened,cleaned up,updated procedures,
731440f6-7358-4cbf-8860-a355550a7366,Unsafe Act,,Refinery Sector 4,,Compressor,Worker used incorrect gloves for manual handling task. Supervisor corrected the action.,Worker used incorrect gloves for manual handling task. Supervisor corrected the action.,{},NO,Manual Handling,LOW,reported to supervisor,colleague intervened,,updated procedures,
9f54789a-a270-44a7-beb0-277466ab6eb9,Near Miss,,Refinery Sector 4,,Heat Exchanger,Line opened with residual pressure on the Heat Exchanger. High-energy release narrowly missed the operator.,Line opened with residual pressure on the Heat Exchanger. High-energy release narrowly missed the operator.,{},YES,Energy Isolation,HIGH,stopped work,,cleaned up,updated procedures,
787a20cb-b363-40f1-8055-210b8260943b,Unsafe Act,,Unit A,,Compressor,Worker entered the confined space at Unit A without conducting a gas test. No standby person was present.,Worker entered the confined space at Unit A without conducting a gas test. No standby person was present.,{},YES,Energy Isolation,HIGH,stopped work,supervisor intervened,,retrained staff,
60e4345f-8827-4c62-81a0-9e56f92775c0,Unsafe Condition,,Offshore Platform 1,,Heat Exchanger,Worker used incorrect gloves for manual handling task. Supervisor corrected the action.,Worker used incorrect gloves for manual handling task. Supervisor corrected the action.,{},NO,Manual Handling,MEDIUM,reported to supervisor,supervisor intervened,replaced equipment,,False
71b2b5c4-8c3e-4321-adf8-4106ade62e46,Unsafe Condition,,Offshore Platform 1,,Compressor,Worker observed not wearing safety glasses at Offshore Platform 1.,Worker observed not wearing safety glasses at Offshore Platform 1.,{},NO,Energy Isolation,LOW,reported to supervisor,colleague intervened,cleaned up,,
2118428c-77fc-4637-b15a-243913d16811,Unsafe Condition,,Unit B,,Valve,<div><p>Worker used incorrect gloves for manual handling task. Supervisor corrected the action.</p></div>,Worker used incorrect gloves for manual handling task. Supervisor corrected the action.,{},NO,Electrical,MEDIUM,,colleague intervened,replaced equipment,updated procedures,True
e3eeda91-6f43-441b-b5ca-55fb4b38b35c,Unsafe Act,,Refinery Sector 4,,Electrical Panel,Trip hazard due to loose cables near Electrical Panel. Cables were immediately organized.,Trip hazard due to loose cables near Electrical Panel. Cables were immediately organized.,{},NO,Working at Height,LOW,reported to supervisor,,,,False
1257bcf9-bc16-4593-a4ca-39d3b638e8e8,Unsafe Condition,,Offshore Platform 1,,Electrical Panel,Worker observed not wearing safety glasses at Offshore Platform 1.,Worker observed not wearing safety glasses at Offshore Platform 1.,{},NO,Energy Isolation,LOW,reported to supervisor,supervisor intervened,,,False
94825eea-3856-4019-a814-a3033f7ade8c,Unsafe Condition,,Unit A,,Heat Exchanger,Small oil spill near Heat Exchanger at Unit A. Cleaned up promptly.,Small oil spill near Heat Exchanger at Unit A. Cleaned up promptly.,{},NO,Confined Space,MEDIUM,reported to supervisor,colleague intervened,cleaned up,,False
dc12fc66-79b2-48c2-872c-cc4976c5e2e4,Unsafe Condition,,Offshore Platform 1,,Electrical Panel,Worker observed not wearing safety glasses at Offshore Platform 1.,Worker observed not wearing safety glasses at Offshore Platform 1.,{},NO,Manual Handling,LOW,reported to supervisor,supervisor intervened,replaced equipment,retrained staff,True
00d9c935-e8e7-4cc8-a534-a461b1337150,Unsafe Condition,,Unit B,,Valve,Worker observed not wearing safety glasses at Unit B.,Worker observed not wearing safety glasses at Unit B.,{},NO,Confined Space,LOW,reported to supervisor,colleague intervened,replaced equipment,updated procedures,
7406327e-f6fa-4f43-800f-92b0157e641a,Unsafe Act,,Refinery Sector 4,,Valve,Worker used incorrect gloves for manual handling task. Supervisor corrected the action.,Worker used incorrect gloves for manual handling task. Supervisor corrected the action.,{},NO,Slips/Trips,MEDIUM,stopped work,,replaced equipment,updated procedures,True
9bad4fa5-1c90-47a6-8d96-1c2f69d7167d,Unsafe Act,,Unit A,,Valve,Small oil spill near Valve at Unit A. Cleaned up promptly.,Small oil spill near Valve at Unit A. Cleaned up promptly.,{},NO,Slips/Trips,LOW,,colleague intervened,replaced equipment,,True
514edec2-abbd-4f81-90d6-f03aa14f9b7b,Unsafe Condition,,Unit B,,Valve,Worker observed not wearing safety glasses at Unit B.,Worker observed not wearing safety glasses at Unit B.,{},NO,Manual Handling,MEDIUM,stopped work,,cleaned up,updated procedures,
8c6113af-68e3-42e7-a67a-15cf3779e2a9,Unsafe Act,,Unit A,,Compressor,Trip hazard due to loose cables near Compressor. Cables were immediately organized.,Trip hazard due to loose cables near Compressor. Cables were immediately organized.,{},NO,Slips/Trips,LOW,,supervisor intervened,replaced equipment,retrained staff,True
c84e748e-0746-478d-b271-593edf4ed7e5,Unsafe Act,,Unit A,,Heat Exchanger,Worker used incorrect gloves for manual handling task. Supervisor corrected the action.,Worker used incorrect gloves for manual handling task. Supervisor corrected the action.,{},NO,Manual Handling,MEDIUM,stopped work,supervisor intervened,cleaned up,retrained staff,True
a12876cd-d9ec-4e5a-adda-6bf4524c2369,Unsafe Condition,,Unit B,,Compressor,Worker used incorrect gloves for manual handling task. Supervisor corrected the action.,Worker used incorrect gloves for manual handling task. Supervisor corrected the action.,{},NO,Electrical,MEDIUM,,colleague intervened,cleaned up,retrained staff,False
819bda23-42c0-4768-9651-5883a4427e93,Unsafe Condition,,Unit A,,Compressor,<div><p>Small oil spill near Compressor at Unit A. Cleaned up promptly.</p></div>,Small oil spill near Compressor at Unit A. Cleaned up promptly.,{},NO,Working at Height,MEDIUM,stopped work,,,updated procedures,False
8c073015-970c-4d6d-b5c7-7db7a84d38b5,Unsafe Condition,,Unit B,,Electrical Panel,Small oil spill near Electrical Panel at Unit B. Cleaned up promptly.,Small oil spill near Electrical Panel at Unit B. Cleaned up promptly.,{},NO,Electrical,MEDIUM,stopped work,supervisor intervened,,updated procedures,False
0c2f55c7-c06d-4f4c-99f5-ea09c78125a0,Unsafe Act,,Offshore Platform 1,,Heat Exchanger,Small oil spill near Heat Exchanger at Offshore Platform 1. Cleaned up promptly.,Small oil spill near Heat Exchanger at Offshore Platform 1. Cleaned up promptly.,{},NO,Energy Isolation,LOW,,supervisor intervened,replaced equipment,,True
80a422f6-a3dc-43dd-b08d-1894e369e797,Unsafe Act,,Refinery Sector 4,,Valve,Trip hazard due to loose cables near Valve. Cables were immediately organized.,Trip hazard due to loose cables near Valve. Cables were immediately organized.,{},NO,Electrical,LOW,,supervisor intervened,replaced equipment,,False
5499a815-e36e-45b9-bff2-672022dc9976,Unsafe Condition,,Refinery Sector 4,,Heat Exchanger,Worker observed not wearing safety glasses at Refinery Sector 4.,Worker observed not wearing safety glasses at Refinery Sector 4.,{},NO,Electrical,LOW,,,cleaned up,,False
6c4dad6e-52ca-4d0f-aff7-ba4dd0a66467,Unsafe Act,,Unit A,,Valve,Trip hazard due to loose cables near Valve. Cables were immediately organized.,Trip hazard due to loose cables near Valve. Cables were immediately organized.,{},NO,Pressure,MEDIUM,stopped work,,,,False
3f252b47-a150-4ec5-87e7-c3973e7425e7,Unsafe Act,,Unit B,,Compressor,Worker observed not wearing safety glasses at Unit B.,Worker observed not wearing safety glasses at Unit B.,{},NO,Confined Space,LOW,stopped work,colleague intervened,replaced equipment,updated procedures,True
2cda98df-50ae-494f-b623-d5ee19a285f2,Unsafe Act,,Unit B,,Compressor,,,{},NO,Electrical,MEDIUM,,,cleaned up,,
cd6b7e54-49ad-4970-bad7-6dd470a7c0e2,Unsafe Condition,,Unit B,,Heat Exchanger,Worker used incorrect gloves for manual handling task. Supervisor corrected the action.,Worker used incorrect gloves for manual handling task. Supervisor corrected the action.,{},NO,Confined Space,LOW,reported to supervisor,supervisor intervened,cleaned up,,False
43048e5b-3574-4f01-9ad1-cf13d153a7eb,Unsafe Act,,Unit B,,Valve,Worker used incorrect gloves for manual handling task. Supervisor corrected the action.,Worker used incorrect gloves for manual handling task. Supervisor corrected the action.,{},NO,Energy Isolation,LOW,reported to supervisor,supervisor intervened,cleaned up,updated procedures,False
6f1bedd3-3493-46db-8401-9dd86ce31b2d,Unsafe Act,,Unit B,,Valve,Worker used incorrect gloves for manual handling task. Supervisor corrected the action.,Worker used incorrect gloves for manual handling task. Supervisor corrected the action.,{},NO,Energy Isolation,LOW,reported to supervisor,supervisor intervened,cleaned up,updated procedures,False
52025617-1c22-4e60-bcf1-c895a7106469,Unsafe Act,,Offshore Platform 1,,Heat Exchanger,Small oil spill near Heat Exchanger at Offshore Platform 1. Cleaned up promptly.,Small oil spill near Heat Exchanger at Offshore Platform 1. Cleaned up promptly.,{},NO,Working at Height,LOW,stopped work,colleague intervened,,retrained staff,False
fb3ee65d-0387-4339-8ab7-3097e7752f05,Unsafe Condition,,Unit A,,Valve,Small oil spill near Valve at Unit A. Cleaned up promptly.,Small oil spill near Valve at Unit A. Cleaned up promptly.,{},NO,Pressure,MEDIUM,stopped work,supervisor intervened,,,True
f68aaefd-a325-4162-900a-b1ce69ce3811,Unsafe Condition,,Unit A,,Pump,Small oil spill near Pump at Unit A. Cleaned up promptly.,Small oil spill near Pump at Unit A. Cleaned up promptly.,{},NO,Manual Handling,MEDIUM,,supervisor intervened,replaced equipment,,
2e5563ef-ecea-412f-9f8e-561351f6a139,Unsafe Condition,,Unit A,,Valve,Trip hazard due to loose cables near Valve. Cables were immediately organized.,Trip hazard due to loose cables near Valve. Cables were immediately organized.,{},NO,Energy Isolation,LOW,stopped work,,replaced equipment,,
a0c10d88-d39f-4779-b908-fad7a786f345,Unsafe Act,,Offshore Platform 1,,Valve,Worker used incorrect gloves for manual handling task. Supervisor corrected the action.,Worker used incorrect gloves for manual handling task. Supervisor corrected the action.,{},NO,Working at Height,LOW,reported to supervisor,,,retrained staff,False
5472621e-e2a0-4e8a-84dc-b9a4d8483f81,Unsafe Act,,Unit A,,Heat Exchanger,Trip hazard due to loose cables near Heat Exchanger. Cables were immediately organized.,Trip hazard due to loose cables near Heat Exchanger. Cables were immediately organized.,{},NO,Slips/Trips,MEDIUM,,supervisor intervened,replaced equipment,,
e37555b0-9fa0-4d61-ab31-958ea9d47e3e,Unsafe Condition,,Offshore Platform 1,,Electrical Panel,Worker observed not wearing safety glasses at Offshore Platform 1.,Worker observed not wearing safety glasses at Offshore Platform 1.,{},NO,Pressure,LOW,reported to supervisor,,cleaned up,,
2a2bcb35-b3cc-49d8-888e-27c7f636ff8d,Unsafe Condition,,Offshore Platform 1,,Electrical Panel,Worker used incorrect gloves for manual handling task. Supervisor corrected the action.,Worker used incorrect gloves for manual handling task. Supervisor corrected the action.,{},NO,Manual Handling,MEDIUM,,supervisor intervened,cleaned up,retrained staff,
9b887de6-2c4d-41b0-b746-c519e4385a78,Unsafe Act,,Offshore Platform 1,,Heat Exchanger,Worker used incorrect gloves for manual handling task. Supervisor corrected the action.,Worker used incorrect gloves for manual handling task. Supervisor corrected the action.,{},NO,Confined Space,LOW,,colleague intervened,cleaned up,updated procedures,
9d668ffa-e811-4ec4-8077-c4700b848ec7,Unsafe Act,,Offshore Platform 1,,Heat Exchanger,Small oil spill near Heat Exchanger at Offshore Platform 1. Cleaned up promptly.,Small oil spill near Heat Exchanger at Offshore Platform 1. Cleaned up promptly.,{},NO,Confined Space,LOW,,colleague intervened,cleaned up,updated procedures,True
938b42c8-6a08-4969-8fb3-67a24a4bab29,Unsafe Condition,,Offshore Platform 1,,Heat Exchanger,Worker observed not wearing safety glasses at Offshore Platform 1.,Worker observed not wearing safety glasses at Offshore Platform 1.,{},NO,Manual Handling,MEDIUM,stopped work,supervisor intervened,replaced equipment,updated procedures,False
c6beb6c3-0edf-401d-8897-73755c5bec51,Unsafe Condition,,Unit B,,Valve,Trip hazard due to loose cables near Valve. Cables were immediately organized.,Trip hazard due to loose cables near Valve. Cables were immediately organized.,{},NO,Electrical,MEDIUM,reported to supervisor,supervisor intervened,cleaned up,,
f068ad9f-8b56-439e-a5a4-a18bd3b02e97,Unsafe Condition,,Unit B,,Compressor,Trip hazard due to loose cables near Compressor. Cables were immediately organized.,Trip hazard due to loose cables near Compressor. Cables were immediately organized.,{},NO,Working at Height,MEDIUM,,,cleaned up,updated procedures,
8e9d4cd7-476d-4681-80da-22194f300099,Unsafe Condition,,Offshore Platform 1,,Heat Exchanger,Small oil spill near Heat Exchanger at Offshore Platform 1. Cleaned up promptly.,Small oil spill near Heat Exchanger at Offshore Platform 1. Cleaned up promptly.,{},NO,Slips/Trips,LOW,reported to supervisor,colleague intervened,cleaned up,updated procedures,False
3f1ff013-1c74-4f2f-8490-04a253911e73,Unsafe Condition,,Offshore Platform 1,,Compressor,Trip hazard due to loose cables near Compressor. Cables were immediately organized.,Trip hazard due to loose cables near Compressor. Cables were immediately organized.,{},NO,Energy Isolation,MEDIUM,stopped work,,cleaned up,,True
96adebb5-2459-4f11-bfe4-b84abf61e862,Unsafe Act,,Refinery Sector 4,,Valve,Small oil spill near Valve at Refinery Sector 4. Cleaned up promptly.,Small oil spill near Valve at Refinery Sector 4. Cleaned up promptly.,{},NO,Pressure,MEDIUM,stopped work,colleague intervened,cleaned up,retrained staff,False
d1d43841-4d9b-4d70-bd43-4903085b2804,Unsafe Act,,Unit B,,Heat Exchanger,Small oil spill near Heat Exchanger at Unit B. Cleaned up promptly.,Small oil spill near Heat Exchanger at Unit B. Cleaned up promptly.,{},NO,Slips/Trips,MEDIUM,stopped work,colleague intervened,replaced equipment,updated procedures,False
fdb8b74c-f394-423f-97b7-de711da7ff9f,Unsafe Act,,Refinery Sector 4,,Pump,Worker observed not wearing safety glasses at Refinery Sector 4.,Worker observed not wearing safety glasses at Refinery Sector 4.,{},NO,Confined Space,MEDIUM,reported to supervisor,,replaced equipment,retrained staff,True
9c601839-0ee0-4efd-990f-6450067c1b02,Unsafe Act,,Unit B,,Pump,Small oil spill near Pump at Unit B. Cleaned up promptly.,Small oil spill near Pump at Unit B. Cleaned up promptly.,{},NO,Working at Height,LOW,,,,,
48f10eef-25a9-4936-8dd7-cd6537a4224f,Unsafe Act,,Refinery Sector 4,,Valve,Small oil spill near Valve at Refinery Sector 4. Cleaned up promptly.,Small oil spill near Valve at Refinery Sector 4. Cleaned up promptly.,{},NO,Energy Isolation,LOW,reported to supervisor,supervisor intervened,cleaned up,updated procedures,True
1ef46613-6ad4-4001-a980-86a9cd56b0a5,Unsafe Act,,Refinery Sector 4,,Heat Exchanger,"During maintenance of the Heat Exchanger at Refinery Sector 4, the technician started work without isolating the equipment. The Heat Exchanger was still energized.","During maintenance of the Heat Exchanger at Refinery Sector 4, the technician started work without isolating the equipment. The Heat Exchanger was still energized.",{},YES,Pressure,HIGH,,supervisor intervened,replaced equipment,retrained staff,
66cb9c77-c5bf-42d3-889c-712d734cacb2,Unsafe Act,,Refinery Sector 4,,Valve,Small oil spill near Valve at Refinery Sector 4. Cleaned up promptly.,Small oil spill near Valve at Refinery Sector 4. Cleaned up promptly.,{},NO,Working at Height,LOW,reported to supervisor,colleague intervened,cleaned up,updated procedures,True
ff5a7a0f-ca9b-45a1-89c5-0b6d72001dbe,Unsafe Condition,,Offshore Platform 1,,Valve,Trip hazard due to loose cables near Valve. Cables were immediately organized.,Trip hazard due to loose cables near Valve. Cables were immediately organized.,{},NO,Slips/Trips,LOW,stopped work,supervisor intervened,,retrained staff,True
3500a99e-c8c9-4cfd-96a7-86696f4b54be,Unsafe Condition,,Refinery Sector 4,,Compressor,Worker observed not wearing safety glasses at Refinery Sector 4.,Worker observed not wearing safety glasses at Refinery Sector 4.,{},NO,Electrical,LOW,stopped work,supervisor intervened,replaced equipment,updated procedures,False
87bb8bdb-32df-43a3-9790-5d5b94fd33be,Unsafe Act,,Unit B,,Valve,Worker used incorrect gloves for manual handling task. Supervisor corrected the action.,Worker used incorrect gloves for manual handling task. Supervisor corrected the action.,{},NO,Slips/Trips,MEDIUM,reported to supervisor,colleague intervened,replaced equipment,retrained staff,
b8d75b30-db9f-4d9e-b093-972afb4f509c,Unsafe Condition,,Refinery Sector 4,,Valve,Worker observed not wearing safety glasses at Refinery Sector 4.,Worker observed not wearing safety glasses at Refinery Sector 4.,{},NO,Energy Isolation,MEDIUM,stopped work,,,retrained staff,
e1373d2a-73fa-429c-949f-ffb1e27f8323,Unsafe Act,,Unit A,,Valve,Small oil spill near Valve at Unit A. Cleaned up promptly.,Small oil spill near Valve at Unit A. Cleaned up promptly.,{},NO,Working at Height,LOW,reported to supervisor,supervisor intervened,replaced equipment,,
5274741a-183c-4f91-b761-13e23cacd039,Unsafe Act,,Offshore Platform 1,,Heat Exchanger,Worker observed not wearing safety glasses at Offshore Platform 1.,Worker observed not wearing safety glasses at Offshore Platform 1.,{},NO,Pressure,MEDIUM,stopped work,supervisor intervened,cleaned up,retrained staff,False
8e89770e-b259-4d62-b5bf-aec8705f6923,Unsafe Act,,Unit B,,Pump,Worker observed not wearing safety glasses at Unit B.,Worker observed not wearing safety glasses at Unit B.,{},NO,Manual Handling,LOW,,supervisor intervened,replaced equipment,updated procedures,
e949251a-181a-4eb3-8f06-9138545c165b,Unsafe Act,,Unit A,,Electrical Panel,Trip hazard due to loose cables near Electrical Panel. Cables were immediately organized.,Trip hazard due to loose cables near Electrical Panel. Cables were immediately organized.,{},NO,Manual Handling,MEDIUM,stopped work,,,retrained staff,False
fb01f420-d4c2-4b04-9e34-4925bea97f9f,Unsafe Condition,,Unit B,,Heat Exchanger,Trip hazard due to loose cables near Heat Exchanger. Cables were immediately organized.,Trip hazard due to loose cables near Heat Exchanger. Cables were immediately organized.,{},NO,Pressure,MEDIUM,reported to supervisor,supervisor intervened,cleaned up,updated procedures,False
ddf3b430-4048-418c-9966-4eabd79475c1,Unsafe Act,,Unit A,,Heat Exchanger,,,{},NO,Working at Height,MEDIUM,stopped work,colleague intervened,cleaned up,,True
b5f8cb5e-3336-4769-bb09-73ca226bcd7c,Unsafe Act,,Offshore Platform 1,,Heat Exchanger,Trip hazard due to loose cables near Heat Exchanger. Cables were immediately organized.,Trip hazard due to loose cables near Heat Exchanger. Cables were immediately organized.,{},NO,Slips/Trips,LOW,stopped work,colleague intervened,,updated procedures,True
f0d80b3d-4bf4-4095-bfef-4a1512898751,Unsafe Act,,Offshore Platform 1,,Electrical Panel,Worker used incorrect gloves for manual handling task. Supervisor corrected the action.,Worker used incorrect gloves for manual handling task. Supervisor corrected the action.,{},NO,Slips/Trips,MEDIUM,,supervisor intervened,,,True
4c0e30d0-d0fb-408e-8abb-1e4c26b67039,Unsafe Act,,Offshore Platform 1,,Compressor,Worker used incorrect gloves for manual handling task. Supervisor corrected the action.,Worker used incorrect gloves for manual handling task. Supervisor corrected the action.,{},NO,Working at Height,LOW,,supervisor intervened,replaced equipment,retrained staff,True
bb6d349a-c00f-489d-9bcc-0ff3b27b39df,Unsafe Act,,Unit B,,Heat Exchanger,Small oil spill near Heat Exchanger at Unit B. Cleaned up promptly.,Small oil spill near Heat Exchanger at Unit B. Cleaned up promptly.,{},NO,Slips/Trips,LOW,reported to supervisor,,,,False
672b41e8-be4c-4262-b109-8dcba34f8ded,Unsafe Condition,,Refinery Sector 4,,Heat Exchanger,Small oil spill near Heat Exchanger at Refinery Sector 4. Cleaned up promptly.,Small oil spill near Heat Exchanger at Refinery Sector 4. Cleaned up promptly.,{},NO,Confined Space,LOW,,supervisor intervened,cleaned up,retrained staff,False
5c798860-48ab-42b1-948a-3202d94c9944,Unsafe Condition,,Offshore Platform 1,,Pump,Worker used incorrect gloves for manual handling task. Supervisor corrected the action.,Worker used incorrect gloves for manual handling task. Supervisor corrected the action.,{},NO,Confined Space,MEDIUM,,supervisor intervened,replaced equipment,,False
65391fc5-b32f-4741-a1bc-c863310c05d8,Unsafe Act,,Offshore Platform 1,,Compressor,Small oil spill near Compressor at Offshore Platform 1. Cleaned up promptly.,Small oil spill near Compressor at Offshore Platform 1. Cleaned up promptly.,{},NO,Slips/Trips,LOW,,supervisor intervened,replaced equipment,,
cc16c15b-9701-4b2d-ba67-818f1f0f0cd5,Unsafe Act,,Offshore Platform 1,,Electrical Panel,Trip hazard due to loose cables near Electrical Panel. Cables were immediately organized.,Trip hazard due to loose cables near Electrical Panel. Cables were immediately organized.,{},NO,Pressure,LOW,reported to supervisor,,,updated procedures,False
66054059-df02-48eb-96fe-4e38796176eb,Unsafe Condition,,Offshore Platform 1,,Compressor,Worker observed not wearing safety glasses at Offshore Platform 1.,Worker observed not wearing safety glasses at Offshore Platform 1.,{},NO,Energy Isolation,LOW,stopped work,supervisor intervened,,retrained staff,
683c3329-ada2-451c-96e0-09dc53abac08,Unsafe Condition,,Unit A,,Valve,Worker observed not wearing safety glasses at Unit A.,Worker observed not wearing safety glasses at Unit A.,{},NO,Energy Isolation,MEDIUM,stopped work,supervisor intervened,replaced equipment,updated procedures,False
95817194-196b-4246-a78f-6e3471cdfe0f,Unsafe Condition,,Unit A,,Compressor,Small oil spill near Compressor at Unit A. Cleaned up promptly.,Small oil spill near Compressor at Unit A. Cleaned up promptly.,{},NO,Working at Height,LOW,,supervisor intervened,replaced equipment,,
7061f9c4-f9a8-4665-b0ff-846bc1d78dd3,Unsafe Condition,,Refinery Sector 4,,Heat Exchanger,Small oil spill near Heat Exchanger at Refinery Sector 4. Cleaned up promptly.,Small oil spill near Heat Exchanger at Refinery Sector 4. Cleaned up promptly.,{},NO,Energy Isolation,LOW,stopped work,supervisor intervened,replaced equipment,updated procedures,
b204b051-d176-492e-a2a9-c6ad28f4c2f5,Unsafe Condition,,Offshore Platform 1,,Electrical Panel,Small oil spill near Electrical Panel at Offshore Platform 1. Cleaned up promptly.,Small oil spill near Electrical Panel at Offshore Platform 1. Cleaned up promptly.,{},NO,Pressure,MEDIUM,,,cleaned up,updated procedures,
f7cc7c4f-60eb-4b74-b45f-132be5e9981d,Unsafe Act,,Offshore Platform 1,,Heat Exchanger,Worker used incorrect gloves for manual handling task. Supervisor corrected the action.,Worker used incorrect gloves for manual handling task. Supervisor corrected the action.,{},NO,Energy Isolation,LOW,reported to supervisor,,replaced equipment,,True
5739e882-6614-4161-9b17-a79c2afb0b0d,Unsafe Act,,Unit A,,Compressor,Worker used incorrect gloves for manual handling task. Supervisor corrected the action.,Worker used incorrect gloves for manual handling task. Supervisor corrected the action.,{},NO,Energy Isolation,LOW,reported to supervisor,colleague intervened,,updated procedures,
2c7542b5-1e89-42ab-bba1-7f1a9fe7e2ae,Unsafe Act,,Unit B,,Compressor,,,{},NO,Electrical,MEDIUM,,supervisor intervened,replaced equipment,retrained staff,True
bd60c2b2-f80f-4c46-9ff3-e8b5d541b31c,Unsafe Condition,,Refinery Sector 4,,Pump,Small oil spill near Pump at Refinery Sector 4. Cleaned up promptly.,Small oil spill near Pump at Refinery Sector 4. Cleaned up promptly.,{},NO,Energy Isolation,MEDIUM,reported to supervisor,,cleaned up,,
ea93486d-48f0-4c8f-b643-955f164910f8,Unsafe Act,,Unit B,,Compressor,Worker observed not wearing safety glasses at Unit B.,Worker observed not wearing safety glasses at Unit B.,{},NO,Working at Height,LOW,,supervisor intervened,cleaned up,,False
fa22d9c5-3fd1-469e-aa73-09e49fddf03f,Unsafe Act,,Unit B,,Valve,Trip hazard due to loose cables near Valve. Cables were immediately organized.,Trip hazard due to loose cables near Valve. Cables were immediately organized.,{},NO,Energy Isolation,MEDIUM,reported to supervisor,colleague intervened,,retrained staff,
6b7250a0-b792-4df0-8a5d-5362136e5111,Unsafe Condition,,Offshore Platform 1,,Electrical Panel,Small oil spill near Electrical Panel at Offshore Platform 1. Cleaned up promptly.,Small oil spill near Electrical Panel at Offshore Platform 1. Cleaned up promptly.,{},NO,Slips/Trips,LOW,reported to supervisor,supervisor intervened,cleaned up,,True
d923d74d-0fb9-4d19-970b-3f1c6338ee9e,Unsafe Condition,,Offshore Platform 1,,Electrical Panel,Small oil spill near Electrical Panel at Offshore Platform 1. Cleaned up promptly.,Small oil spill near Electrical Panel at Offshore Platform 1. Cleaned up promptly.,{},NO,Slips/Trips,LOW,reported to supervisor,supervisor intervened,cleaned up,,True
dd7a17b5-c1cc-4a46-ac8a-24ba2ded1f91,Unsafe Condition,,Unit B,,Pump,Worker used incorrect gloves for manual handling task. Supervisor corrected the action.,Worker used incorrect gloves for manual handling task. Supervisor corrected the action.,{},NO,Pressure,MEDIUM,reported to supervisor,colleague intervened,cleaned up,,False
930382d3-ce51-4600-a4e5-ba28821bf3f7,Unsafe Condition,,Refinery Sector 4,,Electrical Panel,Trip hazard due to loose cables near Electrical Panel. Cables were immediately organized.,Trip hazard due to loose cables near Electrical Panel. Cables were immediately organized.,{},NO,Slips/Trips,MEDIUM,stopped work,supervisor intervened,replaced equipment,,
42619151-a163-4b52-b48a-ea9c6100bbc6,Unsafe Act,,Offshore Platform 1,,Heat Exchanger,Worker used incorrect gloves for manual handling task. Supervisor corrected the action.,Worker used incorrect gloves for manual handling task. Supervisor corrected the action.,{},NO,Working at Height,MEDIUM,reported to supervisor,colleague intervened,,updated procedures,True
f92c6525-9604-44fe-93fc-6f0af19ea70b,Unsafe Condition,,Offshore Platform 1,,Compressor,Trip hazard due to loose cables near Compressor. Cables were immediately organized.,Trip hazard due to loose cables near Compressor. Cables were immediately organized.,{},NO,Slips/Trips,MEDIUM,stopped work,,,retrained staff,
4b33ba27-96ee-4ca5-9f78-61ee9f31b067,Unsafe Condition,,Unit B,,Electrical Panel,Trip hazard due to loose cables near Electrical Panel. Cables were immediately organized.,Trip hazard due to loose cables near Electrical Panel. Cables were immediately organized.,{},NO,Slips/Trips,LOW,stopped work,colleague intervened,replaced equipment,retrained staff,
3b8014f1-4230-4b7b-9905-5f60989813a0,Unsafe Act,,Unit A,,Electrical Panel,Small oil spill near Electrical Panel at Unit A. Cleaned up promptly.,Small oil spill near Electrical Panel at Unit A. Cleaned up promptly.,{},NO,Electrical,LOW,stopped work,colleague intervened,cleaned up,updated procedures,
371ae5a6-63a5-4929-ae21-e30cc61199dd,Unsafe Condition,,Offshore Platform 1,,Electrical Panel,Worker used incorrect gloves for manual handling task. Supervisor corrected the action.,Worker used incorrect gloves for manual handling task. Supervisor corrected the action.,{},NO,Slips/Trips,LOW,reported to supervisor,supervisor intervened,,updated procedures,False
d0dafe2d-9dee-4824-a9d0-c7092b7a77af,Unsafe Act,,Unit B,,Electrical Panel,Trip hazard due to loose cables near Electrical Panel. Cables were immediately organized.,Trip hazard due to loose cables near Electrical Panel. Cables were immediately organized.,{},NO,Manual Handling,LOW,reported to supervisor,supervisor intervened,,updated procedures,
45acd853-6587-44dd-829e-5abdc88cd632,Unsafe Act,,Offshore Platform 1,,Compressor,"During maintenance of the Compressor at Offshore Platform 1, the technician started work without isolating the equipment. The Compressor was still energized.","During maintenance of the Compressor at Offshore Platform 1, the technician started work without isolating the equipment. The Compressor was still energized.",{},YES,Confined Space,HIGH,,supervisor intervened,,,True
81675257-6e3c-4e66-a5a8-f504b997527b,Unsafe Act,,Refinery Sector 4,,Valve,Small oil spill near Valve at Refinery Sector 4. Cleaned up promptly.,Small oil spill near Valve at Refinery Sector 4. Cleaned up promptly.,{},NO,Manual Handling,MEDIUM,,,replaced equipment,,False
e57e6e25-8ab5-4390-85d0-82a81face2e9,Unsafe Condition,,Refinery Sector 4,,Electrical Panel,Small oil spill near Electrical Panel at Refinery Sector 4. Cleaned up promptly.,Small oil spill near Electrical Panel at Refinery Sector 4. Cleaned up promptly.,{},NO,Electrical,MEDIUM,stopped work,,cleaned up,retrained staff,
c64c9ed6-1840-437e-af8c-e16f2d68eaa5,Unsafe Condition,,Refinery Sector 4,,Pump,<div><p>Small oil spill near Pump at Refinery Sector 4. Cleaned up promptly.</p></div>,Small oil spill near Pump at Refinery Sector 4. Cleaned up promptly.,{},NO,Working at Height,LOW,stopped work,supervisor intervened,,updated procedures,True
6bef105b-dfb5-477a-8ced-4aa2f0731ba7,Unsafe Act,,Unit A,,Electrical Panel,Trip hazard due to loose cables near Electrical Panel. Cables were immediately organized.,Trip hazard due to loose cables near Electrical Panel. Cables were immediately organized.,{},NO,Slips/Trips,LOW,,supervisor intervened,cleaned up,retrained staff,
fa15ea4a-9ca9-466e-ba2b-6ecae2f41a0a,Unsafe Act,,Offshore Platform 1,,Electrical Panel,Small oil spill near Electrical Panel at Offshore Platform 1. Cleaned up promptly.,Small oil spill near Electrical Panel at Offshore Platform 1. Cleaned up promptly.,{},NO,Confined Space,MEDIUM,reported to supervisor,supervisor intervened,,,True
ba61652c-6c66-4bae-b252-ba70949200f0,Unsafe Condition,,Unit B,,Electrical Panel,Small oil spill near Electrical Panel at Unit B. Cleaned up promptly.,Small oil spill near Electrical Panel at Unit B. Cleaned up promptly.,{},NO,Pressure,MEDIUM,,colleague intervened,,retrained staff,False
c47b092a-4c04-4e21-bc33-863e92ce8e56,Unsafe Condition,,Refinery Sector 4,,Heat Exchanger,Worker observed not wearing safety glasses at Refinery Sector 4.,Worker observed not wearing safety glasses at Refinery Sector 4.,{},NO,Slips/Trips,MEDIUM,reported to supervisor,colleague intervened,replaced equipment,updated procedures,True
fa825504-6673-4653-b900-0572258a3870,Unsafe Condition,,Offshore Platform 1,,Compressor,Trip hazard due to loose cables near Compressor. Cables were immediately organized.,Trip hazard due to loose cables near Compressor. Cables were immediately organized.,{},NO,Slips/Trips,LOW,reported to supervisor,supervisor intervened,,retrained staff,True
7b17e8b2-0c0c-4679-a894-b9444214d8fd,Unsafe Act,,Offshore Platform 1,,Compressor,Worker used incorrect gloves for manual handling task. Supervisor corrected the action.,Worker used incorrect gloves for manual handling task. Supervisor corrected the action.,{},NO,Manual Handling,LOW,reported to supervisor,,cleaned up,,True
5fd1e6c9-8787-406f-81a6-41d70bc323f2,Unsafe Act,,Refinery Sector 4,,Electrical Panel,Trip hazard due to loose cables near Electrical Panel. Cables were immediately organized.,Trip hazard due to loose cables near Electrical Panel. Cables were immediately organized.,{},NO,Pressure,MEDIUM,stopped work,colleague intervened,replaced equipment,retrained staff,False
834a8cc4-76c0-4322-817b-5431c257a47b,Unsafe Act,,Offshore Platform 1,,Compressor,Worker used incorrect gloves for manual handling task. Supervisor corrected the action.,Worker used incorrect gloves for manual handling task. Supervisor corrected the action.,{},NO,Electrical,LOW,,,replaced equipment,retrained staff,False
6ca5e121-b316-4203-8a64-421ed68c4e85,Unsafe Act,,Unit A,,Pump,Worker used incorrect gloves for manual handling task. Supervisor corrected the action.,Worker used incorrect gloves for manual handling task. Supervisor corrected the action.,{},NO,Manual Handling,MEDIUM,stopped work,supervisor intervened,cleaned up,,
72bb5333-fb6b-421e-a719-122ce9f2ed19,Unsafe Act,,Unit B,,Pump,Small oil spill near Pump at Unit B. Cleaned up promptly.,Small oil spill near Pump at Unit B. Cleaned up promptly.,{},NO,Working at Height,MEDIUM,stopped work,colleague intervened,replaced equipment,,
0c5b35ff-bd21-4a57-aedf-0065b02535d7,Unsafe Act,,Refinery Sector 4,,Heat Exchanger,Trip hazard due to loose cables near Heat Exchanger. Cables were immediately organized.,Trip hazard due to loose cables near Heat Exchanger. Cables were immediately organized.,{},NO,Manual Handling,MEDIUM,reported to supervisor,,,retrained staff,True
dc6af7b3-97d6-44b6-a07b-e7cbcd765172,Unsafe Condition,,Offshore Platform 1,,Pump,Worker used incorrect gloves for manual handling task. Supervisor corrected the action.,Worker used incorrect gloves for manual handling task. Supervisor corrected the action.,{},NO,Pressure,MEDIUM,,supervisor intervened,cleaned up,retrained staff,False
0d0a7020-0eba-4bfb-914c-f54fce81c2d9,Unsafe Condition,,Unit B,,Electrical Panel,Trip hazard due to loose cables near Electrical Panel. Cables were immediately organized.,Trip hazard due to loose cables near Electrical Panel. Cables were immediately organized.,{},NO,Electrical,MEDIUM,reported to supervisor,supervisor intervened,,,False
8dde5b98-8380-4ef0-9582-68a04c3f9670,Unsafe Condition,,Unit A,,Heat Exchanger,Worker used incorrect gloves for manual handling task. Supervisor corrected the action.,Worker used incorrect gloves for manual handling task. Supervisor corrected the action.,{},NO,Energy Isolation,MEDIUM,stopped work,,,,True
7d18d384-c6e2-4812-870c-d1a9321193c1,Unsafe Condition,,Unit A,,Heat Exchanger,Worker used incorrect gloves for manual handling task. Supervisor corrected the action.,Worker used incorrect gloves for manual handling task. Supervisor corrected the action.,{},NO,Energy Isolation,MEDIUM,stopped work,,,,True
5a240e3d-4088-4133-91e7-006b273270f6,Unsafe Condition,,Refinery Sector 4,,Compressor,Worker observed not wearing safety glasses at Refinery Sector 4.,Worker observed not wearing safety glasses at Refinery Sector 4.,{},NO,Slips/Trips,MEDIUM,stopped work,supervisor intervened,replaced equipment,updated procedures,
546bf5da-b1d0-4065-86e4-1205d8995a1f,Unsafe Act,,Unit B,,Valve,Small oil spill near Valve at Unit B. Cleaned up promptly.,Small oil spill near Valve at Unit B. Cleaned up promptly.,{},NO,Confined Space,MEDIUM,stopped work,supervisor intervened,cleaned up,retrained staff,True
d2d5aefc-2c20-4367-bfe5-367222eca583,Unsafe Act,,Unit B,,Valve,Worker used incorrect gloves for manual handling task. Supervisor corrected the action.,Worker used incorrect gloves for manual handling task. Supervisor corrected the action.,{},NO,Slips/Trips,MEDIUM,,supervisor intervened,,updated procedures,False
1fea5fad-2b67-47be-851e-1eacb4599439,Unsafe Condition,,Offshore Platform 1,,Valve,Worker observed not wearing safety glasses at Offshore Platform 1.,Worker observed not wearing safety glasses at Offshore Platform 1.,{},NO,Working at Height,MEDIUM,stopped work,,cleaned up,,False
f0609a7b-30f4-430d-a6d3-1beaec7cf769,Unsafe Act,,Unit A,,Heat Exchanger,Small oil spill near Heat Exchanger at Unit A. Cleaned up promptly.,Small oil spill near Heat Exchanger at Unit A. Cleaned up promptly.,{},NO,Energy Isolation,MEDIUM,stopped work,supervisor intervened,,updated procedures,True
e382e127-0942-4aa0-b9f2-79a18ea6498b,Unsafe Condition,,Unit B,,Valve,Small oil spill near Valve at Unit B. Cleaned up promptly.,Small oil spill near Valve at Unit B. Cleaned up promptly.,{},NO,Electrical,MEDIUM,,supervisor intervened,replaced equipment,retrained staff,
18073ebd-eca5-4ef6-ae3f-cb7273c85acc,Unsafe Act,,Refinery Sector 4,,Valve,Trip hazard due to loose cables near Valve. Cables were immediately organized.,Trip hazard due to loose cables near Valve. Cables were immediately organized.,{},NO,Slips/Trips,LOW,stopped work,colleague intervened,replaced equipment,updated procedures,False
e9191fc8-c99a-4a54-8c4a-1cd259f511c4,Unsafe Act,,Offshore Platform 1,,Valve,Worker observed not wearing safety glasses at Offshore Platform 1.,Worker observed not wearing safety glasses at Offshore Platform 1.,{},NO,Energy Isolation,MEDIUM,reported to supervisor,colleague intervened,replaced equipment,,False
f3e55c6f-4ebf-459a-9d60-bc2518ad2fc7,Unsafe Condition,,Unit A,,Pump,Worker observed not wearing safety glasses at Unit A.,Worker observed not wearing safety glasses at Unit A.,{},NO,Working at Height,MEDIUM,reported to supervisor,colleague intervened,replaced equipment,,True
33021504-fc83-4c39-9073-4e02736f21ad,Unsafe Condition,,Refinery Sector 4,,Valve,<div><p>Small oil spill near Valve at Refinery Sector 4. Cleaned up promptly.</p></div>,Small oil spill near Valve at Refinery Sector 4. Cleaned up promptly.,{},NO,Electrical,LOW,,supervisor intervened,,retrained staff,True
6a426d94-068a-4ad6-883f-c2338b85344d,Unsafe Condition,,Refinery Sector 4,,Valve,Worker used incorrect gloves for manual handling task. Supervisor corrected the action.,Worker used incorrect gloves for manual handling task. Supervisor corrected the action.,{},NO,Confined Space,MEDIUM,reported to supervisor,,cleaned up,updated procedures,
911dda29-0ebb-4eb7-84f8-2ea41db1533a,Unsafe Act,,Refinery Sector 4,,Valve,Trip hazard due to loose cables near Valve. Cables were immediately organized.,Trip hazard due to loose cables near Valve. Cables were immediately organized.,{},NO,Manual Handling,LOW,reported to supervisor,supervisor intervened,,updated procedures,True
09f15c41-956c-4890-bc90-6056960dc41c,Unsafe Condition,,Refinery Sector 4,,Valve,Small oil spill near Valve at Refinery Sector 4. Cleaned up promptly.,Small oil spill near Valve at Refinery Sector 4. Cleaned up promptly.,{},NO,Working at Height,MEDIUM,stopped work,colleague intervened,replaced equipment,retrained staff,
3482aba5-b389-4974-874d-ba5e703636a8,Unsafe Condition,,Refinery Sector 4,,Pump,Trip hazard due to loose cables near Pump. Cables were immediately organized.,Trip hazard due to loose cables near Pump. Cables were immediately organized.,{},NO,Energy Isolation,MEDIUM,stopped work,colleague intervened,replaced equipment,updated procedures,True
9a518005-21e5-4739-8218-e9dea0408513,Unsafe Act,,Offshore Platform 1,,Pump,Worker used incorrect gloves for manual handling task. Supervisor corrected the action.,Worker used incorrect gloves for manual handling task. Supervisor corrected the action.,{},NO,Manual Handling,LOW,,colleague intervened,replaced equipment,,
14386fe1-80d7-4086-8499-de38ebf00295,Unsafe Condition,,Refinery Sector 4,,Electrical Panel,Small oil spill near Electrical Panel at Refinery Sector 4. Cleaned up promptly.,Small oil spill near Electrical Panel at Refinery Sector 4. Cleaned up promptly.,{},NO,Confined Space,MEDIUM,reported to supervisor,,replaced equipment,updated procedures,False
4f23f840-f49f-4795-b42c-6e0c3685f322,Unsafe Act,,Unit A,,Pump,Worker used incorrect gloves for manual handling task. Supervisor corrected the action.,Worker used incorrect gloves for manual handling task. Supervisor corrected the action.,{},NO,Confined Space,MEDIUM,,colleague intervened,cleaned up,updated procedures,
acb1f722-171f-4405-a5cb-81f4ff1ab752,Unsafe Condition,,Offshore Platform 1,,Heat Exchanger,Worker used incorrect gloves for manual handling task. Supervisor corrected the action.,Worker used incorrect gloves for manual handling task. Supervisor corrected the action.,{},NO,Working at Height,MEDIUM,reported to supervisor,supervisor intervened,,retrained staff,True
c74282c8-e387-4702-bfd8-4df9a6f05cb5,Unsafe Act,,Unit A,,Compressor,Trip hazard due to loose cables near Compressor. Cables were immediately organized.,Trip hazard due to loose cables near Compressor. Cables were immediately organized.,{},NO,Manual Handling,MEDIUM,reported to supervisor,,,retrained staff,
e235f1ff-fcde-4c4a-b4a0-74bab56201ee,Unsafe Act,,Unit A,,Heat Exchanger,Small oil spill near Heat Exchanger at Unit A. Cleaned up promptly.,Small oil spill near Heat Exchanger at Unit A. Cleaned up promptly.,{},NO,Pressure,LOW,,colleague intervened,replaced equipment,,True
23cac092-25bc-4bb2-b65a-a76e1eec384b,Unsafe Act,,Unit A,,Heat Exchanger,Worker observed not wearing safety glasses at Unit A.,Worker observed not wearing safety glasses at Unit A.,{},NO,Manual Handling,MEDIUM,reported to supervisor,supervisor intervened,cleaned up,updated procedures,
aa836f67-4d35-4ebb-a5cf-565021743e05,Unsafe Act,,Unit B,,Heat Exchanger,Worker observed not wearing safety glasses at Unit B.,Worker observed not wearing safety glasses at Unit B.,{},NO,Pressure,LOW,,colleague intervened,replaced equipment,,
08c83801-bfcb-4272-96a2-de289d4c2d66,Near Miss,,Refinery Sector 4,,Compressor,"During maintenance of the Compressor at Refinery Sector 4, the technician started work without isolating the equipment. The Compressor was still energized.","During maintenance of the Compressor at Refinery Sector 4, the technician started work without isolating the equipment. The Compressor was still energized.",{},YES,Confined Space,HIGH,reported to supervisor,colleague intervened,cleaned up,,False
2272d756-db9d-4f53-8d33-1de3f46ac0f4,Unsafe Condition,,Unit A,,Valve,Worker observed not wearing safety glasses at Unit A.,Worker observed not wearing safety glasses at Unit A.,{},NO,Electrical,LOW,reported to supervisor,supervisor intervened,cleaned up,,False
b62449cd-d8fb-49e2-8e82-90f0a4f2dec3,Unsafe Act,,Refinery Sector 4,,Valve,Worker observed not wearing safety glasses at Refinery Sector 4.,Worker observed not wearing safety glasses at Refinery Sector 4.,{},NO,Confined Space,LOW,stopped work,colleague intervened,cleaned up,updated procedures,
b6833912-b8ea-468d-b310-c5c345aeb669,Unsafe Condition,,Unit B,,Compressor,Worker used incorrect gloves for manual handling task. Supervisor corrected the action.,Worker used incorrect gloves for manual handling task. Supervisor corrected the action.,{},NO,Confined Space,MEDIUM,stopped work,colleague intervened,replaced equipment,retrained staff,
e0331304-4c33-4347-bc7c-26d876fddcc8,Unsafe Condition,,Offshore Platform 1,,Pump,Worker observed not wearing safety glasses at Offshore Platform 1.,Worker observed not wearing safety glasses at Offshore Platform 1.,{},NO,Confined Space,LOW,,colleague intervened,replaced equipment,retrained staff,True
bdf055ca-8673-454c-8e32-49aa28f35986,Unsafe Act,,Unit B,,Valve,Worker used incorrect gloves for manual handling task. Supervisor corrected the action.,Worker used incorrect gloves for manual handling task. Supervisor corrected the action.,{},NO,Manual Handling,MEDIUM,,colleague intervened,cleaned up,,
fad7ac46-969e-4793-9ade-28f89c7760da,Unsafe Act,,Offshore Platform 1,,Electrical Panel,Worker observed not wearing safety glasses at Offshore Platform 1.,Worker observed not wearing safety glasses at Offshore Platform 1.,{},NO,Manual Handling,LOW,,colleague intervened,cleaned up,retrained staff,True
e0f865a8-affe-4ff8-a46c-e53b9283d616,Unsafe Act,,Offshore Platform 1,,Electrical Panel,Worker observed not wearing safety glasses at Offshore Platform 1.,Worker observed not wearing safety glasses at Offshore Platform 1.,{},NO,Manual Handling,LOW,,colleague intervened,cleaned up,retrained staff,True
274bcb0c-82cb-4f8a-b095-205e19689e55,Unsafe Act,,Unit B,,Valve,Trip hazard due to loose cables near Valve. Cables were immediately organized.,Trip hazard due to loose cables near Valve. Cables were immediately organized.,{},NO,Manual Handling,LOW,,supervisor intervened,replaced equipment,retrained staff,
6a1718bb-ee66-4a22-875b-dae7118260ba,Unsafe Condition,,Unit B,,Pump,Small oil spill near Pump at Unit B. Cleaned up promptly.,Small oil spill near Pump at Unit B. Cleaned up promptly.,{},NO,Energy Isolation,MEDIUM,stopped work,colleague intervened,replaced equipment,retrained staff,True
c1588982-14b2-4702-a31f-93753fd3b64e,Unsafe Condition,,Refinery Sector 4,,Valve,Small oil spill near Valve at Refinery Sector 4. Cleaned up promptly.,Small oil spill near Valve at Refinery Sector 4. Cleaned up promptly.,{},NO,Energy Isolation,LOW,stopped work,,cleaned up,,False
29a8de51-15ab-4cd7-a0b0-4e4837f5ab6c,Unsafe Condition,,Offshore Platform 1,,Compressor,Worker observed not wearing safety glasses at Offshore Platform 1.,Worker observed not wearing safety glasses at Offshore Platform 1.,{},NO,Energy Isolation,MEDIUM,stopped work,colleague intervened,cleaned up,retrained staff,True
424b5d61-de9d-4058-ad08-27993b857494,Unsafe Condition,,Refinery Sector 4,,Valve,Worker used incorrect gloves for manual handling task. Supervisor corrected the action.,Worker used incorrect gloves for manual handling task. Supervisor corrected the action.,{},NO,Confined Space,LOW,stopped work,colleague intervened,,updated procedures,
e1c88738-4d87-4864-ac09-77e8e81e382d,Unsafe Act,,Unit B,,Compressor,Worker observed not wearing safety glasses at Unit B.,Worker observed not wearing safety glasses at Unit B.,{},NO,Electrical,MEDIUM,stopped work,colleague intervened,replaced equipment,retrained staff,
78b18da0-e024-41bd-9c26-b0f273b3c8ce,Unsafe Condition,,Refinery Sector 4,,Pump,Small oil spill near Pump at Refinery Sector 4. Cleaned up promptly.,Small oil spill near Pump at Refinery Sector 4. Cleaned up promptly.,{},NO,Electrical,MEDIUM,stopped work,,replaced equipment,updated procedures,False
a0d96e57-498a-4f63-a4b8-4c9ddb87ffc8,Unsafe Act,,Unit A,,Heat Exchanger,Small oil spill near Heat Exchanger at Unit A. Cleaned up promptly.,Small oil spill near Heat Exchanger at Unit A. Cleaned up promptly.,{},NO,Manual Handling,MEDIUM,reported to supervisor,supervisor intervened,cleaned up,updated procedures,True
158e571a-1a56-4e84-a901-061c1044fb5e,Unsafe Condition,,Unit A,,Electrical Panel,Small oil spill near Electrical Panel at Unit A. Cleaned up promptly.,Small oil spill near Electrical Panel at Unit A. Cleaned up promptly.,{},NO,Working at Height,LOW,reported to supervisor,colleague intervened,replaced equipment,updated procedures,
2f1e4f76-c9d3-4474-b625-c507ca185835,Unsafe Condition,,Offshore Platform 1,,Electrical Panel,Small oil spill near Electrical Panel at Offshore Platform 1. Cleaned up promptly.,Small oil spill near Electrical Panel at Offshore Platform 1. Cleaned up promptly.,{},NO,Slips/Trips,LOW,reported to supervisor,colleague intervened,cleaned up,updated procedures,True
aa0ad4f5-b01e-4af7-91e7-4eafbd802a73,Unsafe Act,,Offshore Platform 1,,Valve,Worker used incorrect gloves for manual handling task. Supervisor corrected the action.,Worker used incorrect gloves for manual handling task. Supervisor corrected the action.,{},NO,Pressure,LOW,,colleague intervened,replaced equipment,retrained staff,False
620894bf-6278-4249-bc5f-1bd7e39bd11b,Unsafe Act,,Unit B,,Electrical Panel,Small oil spill near Electrical Panel at Unit B. Cleaned up promptly.,Small oil spill near Electrical Panel at Unit B. Cleaned up promptly.,{},NO,Confined Space,LOW,stopped work,supervisor intervened,replaced equipment,,
a2f6ce99-c673-4a84-a92c-41b929b56917,Unsafe Condition,,Unit A,,Compressor,Small oil spill near Compressor at Unit A. Cleaned up promptly.,Small oil spill near Compressor at Unit A. Cleaned up promptly.,{},NO,Slips/Trips,MEDIUM,reported to supervisor,colleague intervened,replaced equipment,retrained staff,
3fe749e1-a581-4033-a961-506f5cd92e87,Unsafe Act,,Offshore Platform 1,,Electrical Panel,Worker entered the confined space at Offshore Platform 1 without conducting a gas test. No standby person was present.,Worker entered the confined space at Offshore Platform 1 without conducting a gas test. No standby person was present.,{},YES,Confined Space,CRITICAL,,colleague intervened,cleaned up,retrained staff,True
3f3cf2fa-0af5-44a6-a014-ada13999f46f,Unsafe Act,,Offshore Platform 1,,Electrical Panel,Worker entered the confined space at Offshore Platform 1 without conducting a gas test. No standby person was present.,Worker entered the confined space at Offshore Platform 1 without conducting a gas test. No standby person was present.,{},YES,Confined Space,CRITICAL,,colleague intervened,cleaned up,retrained staff,True
5c881fc7-4567-4fec-ab03-99c77ee1da4d,Near Miss,,Unit B,,Electrical Panel,Worker entered the confined space at Unit B without conducting a gas test. No standby person was present.,Worker entered the confined space at Unit B without conducting a gas test. No standby person was present.,{},YES,Pressure,CRITICAL,,colleague intervened,cleaned up,,True
dc29db15-8fef-4936-8abb-c48a9f022cda,Unsafe Condition,,Unit A,,Compressor,Worker used incorrect gloves for manual handling task. Supervisor corrected the action.,Worker used incorrect gloves for manual handling task. Supervisor corrected the action.,{},NO,Slips/Trips,MEDIUM,stopped work,supervisor intervened,replaced equipment,retrained staff,
c9c96817-5993-4771-92ba-4bb9958d1a76,Unsafe Act,,Refinery Sector 4,,Compressor,Worker used incorrect gloves for manual handling task. Supervisor corrected the action.,Worker used incorrect gloves for manual handling task. Supervisor corrected the action.,{},NO,Energy Isolation,MEDIUM,,supervisor intervened,replaced equipment,retrained staff,True
2eb892a3-0d21-4d3e-9157-a6d6b2149de8,Unsafe Act,,Refinery Sector 4,,Electrical Panel,Worker used incorrect gloves for manual handling task. Supervisor corrected the action.,Worker used incorrect gloves for manual handling task. Supervisor corrected the action.,{},NO,Slips/Trips,LOW,reported to supervisor,supervisor intervened,replaced equipment,,
5a921a14-aabb-4d61-9c8a-109cd8f92e58,Unsafe Act,,Offshore Platform 1,,Compressor,Worker used incorrect gloves for manual handling task. Supervisor corrected the action.,Worker used incorrect gloves for manual handling task. Supervisor corrected the action.,{},NO,Working at Height,LOW,,supervisor intervened,,,False
36a63bdb-3285-4400-9e5d-891bf67f4160,Unsafe Condition,,Unit A,,Pump,Worker observed not wearing safety glasses at Unit A.,Worker observed not wearing safety glasses at Unit A.,{},NO,Confined Space,LOW,,colleague intervened,replaced equipment,retrained staff,
8c655604-a0d9-4640-ae99-e349da1049d9,Unsafe Act,,Unit A,,Electrical Panel,Trip hazard due to loose cables near Electrical Panel. Cables were immediately organized.,Trip hazard due to loose cables near Electrical Panel. Cables were immediately organized.,{},NO,Electrical,MEDIUM,,supervisor intervened,,updated procedures,
1a141cff-aafa-473d-89c8-bc3c17b33fa6,Unsafe Act,,Offshore Platform 1,,Heat Exchanger,Trip hazard due to loose cables near Heat Exchanger. Cables were immediately organized.,Trip hazard due to loose cables near Heat Exchanger. Cables were immediately organized.,{},NO,Electrical,LOW,reported to supervisor,colleague intervened,,,False
3acb8ea4-5561-442d-998e-b1cd356eb32f,Unsafe Act,,Offshore Platform 1,,Valve,Trip hazard due to loose cables near Valve. Cables were immediately organized.,Trip hazard due to loose cables near Valve. Cables were immediately organized.,{},NO,Pressure,MEDIUM,,supervisor intervened,cleaned up,updated procedures,
e3783640-acd5-4d1e-b58c-25a00bff062a,Unsafe Condition,,Unit A,,Heat Exchanger,Worker observed not wearing safety glasses at Unit A.,Worker observed not wearing safety glasses at Unit A.,{},NO,Slips/Trips,MEDIUM,stopped work,colleague intervened,cleaned up,updated procedures,True
a7cd1493-16e4-4ce4-8be8-657cbf2a96a9,Unsafe Act,,Offshore Platform 1,,Heat Exchanger,Worker observed not wearing safety glasses at Offshore Platform 1.,Worker observed not wearing safety glasses at Offshore Platform 1.,{},NO,Electrical,MEDIUM,stopped work,supervisor intervened,replaced equipment,retrained staff,True
8f779938-ca86-411c-b2b4-08d36dbe4bc2,Unsafe Act,,Unit A,,Compressor,Worker observed not wearing safety glasses at Unit A.,Worker observed not wearing safety glasses at Unit A.,{},NO,Energy Isolation,MEDIUM,,,,,False
70abb1ef-22e1-406d-8c66-3573c3a67234,Unsafe Condition,,Unit A,,Heat Exchanger,Small oil spill near Heat Exchanger at Unit A. Cleaned up promptly.,Small oil spill near Heat Exchanger at Unit A. Cleaned up promptly.,{},NO,Working at Height,LOW,stopped work,,replaced equipment,updated procedures,
eec04aa7-85c5-47b2-9514-b544e9937d26,Unsafe Act,,Unit A,,Compressor,<div><p>Worker used incorrect gloves for manual handling task. Supervisor corrected the action.</p></div>,Worker used incorrect gloves for manual handling task. Supervisor corrected the action.,{},NO,Energy Isolation,MEDIUM,,,replaced equipment,retrained staff,
883b2151-6efe-4ff0-91f3-ceb3acd4ff38,Unsafe Act,,Unit A,,Pump,Trip hazard due to loose cables near Pump. Cables were immediately organized.,Trip hazard due to loose cables near Pump. Cables were immediately organized.,{},NO,Energy Isolation,MEDIUM,,supervisor intervened,replaced equipment,retrained staff,
b3907bdb-fe4a-48f3-8231-6bfa0a903675,Unsafe Condition,,Refinery Sector 4,,Compressor,Trip hazard due to loose cables near Compressor. Cables were immediately organized.,Trip hazard due to loose cables near Compressor. Cables were immediately organized.,{},NO,Energy Isolation,LOW,reported to supervisor,,cleaned up,updated procedures,True
4a7ac940-5f73-4ee0-9545-2faab6f8b295,Near Miss,,Offshore Platform 1,,Electrical Panel,Worker entered the confined space at Offshore Platform 1 without conducting a gas test. No standby person was present.,Worker entered the confined space at Offshore Platform 1 without conducting a gas test. No standby person was present.,{},YES,Energy Isolation,HIGH,,colleague intervened,,updated procedures,
1cdf620c-33a8-4f4b-9627-26abbd8526cc,Near Miss,,Offshore Platform 1,,Electrical Panel,Worker entered the confined space at Offshore Platform 1 without conducting a gas test. No standby person was present.,Worker entered the confined space at Offshore Platform 1 without conducting a gas test. No standby person was present.,{},YES,Energy Isolation,HIGH,,colleague intervened,,updated procedures,
98c9ad92-b55a-4f2f-88ef-f0084d1b358d,Unsafe Condition,,Unit B,,Heat Exchanger,Worker used incorrect gloves for manual handling task. Supervisor corrected the action.,Worker used incorrect gloves for manual handling task. Supervisor corrected the action.,{},NO,Electrical,LOW,,supervisor intervened,cleaned up,retrained staff,False
91e4d1d9-7970-4147-b392-7fafde54a6ce,Unsafe Condition,,Unit B,,Heat Exchanger,Worker used incorrect gloves for manual handling task. Supervisor corrected the action.,Worker used incorrect gloves for manual handling task. Supervisor corrected the action.,{},NO,Electrical,LOW,,supervisor intervened,cleaned up,retrained staff,False
dcb65ed8-7a8b-4c4c-9424-44e755d9538c,Unsafe Act,,Unit B,,Valve,Small oil spill near Valve at Unit B. Cleaned up promptly.,Small oil spill near Valve at Unit B. Cleaned up promptly.,{},NO,Slips/Trips,MEDIUM,reported to supervisor,supervisor intervened,,updated procedures,
ca26383e-f7f3-48fe-ab13-e13d0a7d978a,Unsafe Act,,Offshore Platform 1,,Heat Exchanger,Trip hazard due to loose cables near Heat Exchanger. Cables were immediately organized.,Trip hazard due to loose cables near Heat Exchanger. Cables were immediately organized.,{},NO,Confined Space,LOW,,supervisor intervened,cleaned up,updated procedures,
ee151ad4-1c2f-4910-a235-a06e58210abe,Unsafe Act,,Unit A,,Heat Exchanger,Trip hazard due to loose cables near Heat Exchanger. Cables were immediately organized.,Trip hazard due to loose cables near Heat Exchanger. Cables were immediately organized.,{},NO,Energy Isolation,MEDIUM,,colleague intervened,cleaned up,,True
24ed701d-84dd-45bd-888c-96d8c230033b,Unsafe Act,,Offshore Platform 1,,Compressor,Worker observed not wearing safety glasses at Offshore Platform 1.,Worker observed not wearing safety glasses at Offshore Platform 1.,{},NO,Energy Isolation,MEDIUM,reported to supervisor,colleague intervened,,retrained staff,False
77d76f5a-500d-4dc9-ab4d-fd53271e4c4c,Unsafe Condition,,Offshore Platform 1,,Electrical Panel,Worker used incorrect gloves for manual handling task. Supervisor corrected the action.,Worker used incorrect gloves for manual handling task. Supervisor corrected the action.,{},NO,Manual Handling,LOW,reported to supervisor,colleague intervened,,retrained staff,False
ed55c5c1-25b3-483d-9150-2d11ab8f121b,Unsafe Condition,,Unit B,,Compressor,Worker observed not wearing safety glasses at Unit B.,Worker observed not wearing safety glasses at Unit B.,{},NO,Confined Space,LOW,reported to supervisor,colleague intervened,cleaned up,,True
60b230c6-ca79-43f5-a091-121a43e8feee,Unsafe Condition,,Offshore Platform 1,,Pump,Small oil spill near Pump at Offshore Platform 1. Cleaned up promptly.,Small oil spill near Pump at Offshore Platform 1. Cleaned up promptly.,{},NO,Confined Space,LOW,stopped work,,,updated procedures,
3babbe7b-a246-4605-918e-6a0607bcc79f,Unsafe Condition,,Refinery Sector 4,,Compressor,Small oil spill near Compressor at Refinery Sector 4. Cleaned up promptly.,Small oil spill near Compressor at Refinery Sector 4. Cleaned up promptly.,{},NO,Electrical,LOW,,,,updated procedures,True
06bd5806-af83-44d9-a807-b21875624ecf,Unsafe Act,,Refinery Sector 4,,Valve,Worker observed not wearing safety glasses at Refinery Sector 4.,Worker observed not wearing safety glasses at Refinery Sector 4.,{},NO,Energy Isolation,MEDIUM,reported to supervisor,colleague intervened,,,
b5b5a2e3-1da8-476c-bfe8-1bd990e12b36,Unsafe Act,,Refinery Sector 4,,Heat Exchanger,Trip hazard due to loose cables near Heat Exchanger. Cables were immediately organized.,Trip hazard due to loose cables near Heat Exchanger. Cables were immediately organized.,{},NO,Electrical,MEDIUM,stopped work,supervisor intervened,,updated procedures,
5dfa5dff-6055-430a-8b1b-07d2cba4d277,Unsafe Condition,,Unit A,,Valve,Worker observed not wearing safety glasses at Unit A.,Worker observed not wearing safety glasses at Unit A.,{},NO,Pressure,LOW,reported to supervisor,supervisor intervened,,retrained staff,False
bf0a7d5d-0702-43e8-a6a8-44e226eac77c,Unsafe Act,,Unit A,,Pump,Small oil spill near Pump at Unit A. Cleaned up promptly.,Small oil spill near Pump at Unit A. Cleaned up promptly.,{},NO,Slips/Trips,MEDIUM,reported to supervisor,,replaced equipment,,False
3a88251e-d28f-4fc9-9afa-f4e5f9df2dbe,Unsafe Act,,Offshore Platform 1,,Valve,Worker used incorrect gloves for manual handling task. Supervisor corrected the action.,Worker used incorrect gloves for manual handling task. Supervisor corrected the action.,{},NO,Energy Isolation,LOW,,colleague intervened,replaced equipment,updated procedures,True
459ba026-42d5-491e-8bca-521c860346c6,Unsafe Condition,,Offshore Platform 1,,Heat Exchanger,Worker observed not wearing safety glasses at Offshore Platform 1.,Worker observed not wearing safety glasses at Offshore Platform 1.,{},NO,Electrical,LOW,stopped work,supervisor intervened,replaced equipment,updated procedures,
99fbf17e-cf6e-4734-8338-ea14091093f3,Unsafe Condition,,Refinery Sector 4,,Heat Exchanger,Small oil spill near Heat Exchanger at Refinery Sector 4. Cleaned up promptly.,Small oil spill near Heat Exchanger at Refinery Sector 4. Cleaned up promptly.,{},NO,Manual Handling,LOW,stopped work,colleague intervened,replaced equipment,updated procedures,
7b3e053f-918b-4355-9719-f6d17561e93c,Unsafe Act,,Refinery Sector 4,,Compressor,Trip hazard due to loose cables near Compressor. Cables were immediately organized.,Trip hazard due to loose cables near Compressor. Cables were immediately organized.,{},NO,Energy Isolation,MEDIUM,stopped work,,,,True
aecc6d12-8549-489f-942b-a8beb29d47aa,Unsafe Condition,,Unit A,,Compressor,Worker observed not wearing safety glasses at Unit A.,Worker observed not wearing safety glasses at Unit A.,{},NO,Pressure,MEDIUM,stopped work,,replaced equipment,updated procedures,False
fe6676ee-033a-42b0-88ea-3d6b39a6f1cb,Unsafe Condition,,Refinery Sector 4,,Pump,Worker used incorrect gloves for manual handling task. Supervisor corrected the action.,Worker used incorrect gloves for manual handling task. Supervisor corrected the action.,{},NO,Working at Height,MEDIUM,reported to supervisor,,,,
904a2ade-2021-40d3-9bbe-d2791b0788b1,Unsafe Condition,,Unit A,,Compressor,Small oil spill near Compressor at Unit A. Cleaned up promptly.,Small oil spill near Compressor at Unit A. Cleaned up promptly.,{},NO,Slips/Trips,LOW,stopped work,colleague intervened,replaced equipment,updated procedures,True
7a08f5e4-3beb-4755-93c7-492da6f2dd2d,Unsafe Condition,,Unit B,,Valve,Small oil spill near Valve at Unit B. Cleaned up promptly.,Small oil spill near Valve at Unit B. Cleaned up promptly.,{},NO,Slips/Trips,MEDIUM,reported to supervisor,colleague intervened,cleaned up,updated procedures,
faad4331-acc3-4871-906a-098e8b46cf39,Near Miss,,Offshore Platform 1,,Pump,"During maintenance of the Pump at Offshore Platform 1, the technician started work without isolating the equipment. The Pump was still energized.","During maintenance of the Pump at Offshore Platform 1, the technician started work without isolating the equipment. The Pump was still energized.",{},YES,Confined Space,CRITICAL,reported to supervisor,,cleaned up,updated procedures,
d3e4a404-5624-400c-9c4a-a97f1a53f566,Unsafe Condition,,Unit A,,Heat Exchanger,Worker used incorrect gloves for manual handling task. Supervisor corrected the action.,Worker used incorrect gloves for manual handling task. Supervisor corrected the action.,{},NO,Slips/Trips,LOW,stopped work,colleague intervened,,,False
d76199ae-9469-4955-817c-0b97a173bf19,Unsafe Condition,,Unit B,,Electrical Panel,Worker used incorrect gloves for manual handling task. Supervisor corrected the action.,Worker used incorrect gloves for manual handling task. Supervisor corrected the action.,{},NO,Slips/Trips,MEDIUM,reported to supervisor,colleague intervened,replaced equipment,retrained staff,True
83713864-a8e6-40d8-967f-ad15c2ba1397,Unsafe Act,,Offshore Platform 1,,Electrical Panel,Worker used incorrect gloves for manual handling task. Supervisor corrected the action.,Worker used incorrect gloves for manual handling task. Supervisor corrected the action.,{},NO,Working at Height,LOW,reported to supervisor,supervisor intervened,replaced equipment,,False
df6f767c-c0dc-4dc8-8da4-9678c5a5c8ef,Unsafe Condition,,Offshore Platform 1,,Pump,Worker observed not wearing safety glasses at Offshore Platform 1.,Worker observed not wearing safety glasses at Offshore Platform 1.,{},NO,Electrical,MEDIUM,stopped work,colleague intervened,cleaned up,retrained staff,True
47b3de9d-7779-4544-bde4-99418b3fc7ef,Unsafe Act,,Refinery Sector 4,,Pump,Worker used incorrect gloves for manual handling task. Supervisor corrected the action.,Worker used incorrect gloves for manual handling task. Supervisor corrected the action.,{},NO,Working at Height,LOW,stopped work,colleague intervened,replaced equipment,updated procedures,False
d2532ca3-6d35-4f0c-bf71-5cb0e1189d30,Unsafe Act,,Offshore Platform 1,,Electrical Panel,Line opened with residual pressure on the Electrical Panel. High-energy release narrowly missed the operator.,Line opened with residual pressure on the Electrical Panel. High-energy release narrowly missed the operator.,{},YES,Pressure,CRITICAL,,colleague intervened,cleaned up,,False
579b2970-3e13-49a7-9152-2c780f51c877,Unsafe Condition,,Unit A,,Valve,Worker observed not wearing safety glasses at Unit A.,Worker observed not wearing safety glasses at Unit A.,{},NO,Confined Space,LOW,stopped work,colleague intervened,replaced equipment,retrained staff,False
1728fc27-a9b8-45f7-a136-034b8417805b,Unsafe Condition,,Unit A,,Pump,Trip hazard due to loose cables near Pump. Cables were immediately organized.,Trip hazard due to loose cables near Pump. Cables were immediately organized.,{},NO,Electrical,LOW,reported to supervisor,,cleaned up,updated procedures,
a37da9e0-73cd-4f0a-99a5-e74e14dc92e4,Unsafe Act,,Unit B,,Valve,Worker used incorrect gloves for manual handling task. Supervisor corrected the action.,Worker used incorrect gloves for manual handling task. Supervisor corrected the action.,{},NO,Working at Height,LOW,reported to supervisor,,replaced equipment,retrained staff,
71582769-34a3-46c6-9b08-b39801586f9d,Unsafe Condition,,Refinery Sector 4,,Compressor,Small oil spill near Compressor at Refinery Sector 4. Cleaned up promptly.,Small oil spill near Compressor at Refinery Sector 4. Cleaned up promptly.,{},NO,Working at Height,MEDIUM,reported to supervisor,supervisor intervened,replaced equipment,retrained staff,
a260111a-1d4b-4ecf-b548-f11abc244ca7,Unsafe Act,,Unit A,,Heat Exchanger,Worker used incorrect gloves for manual handling task. Supervisor corrected the action.,Worker used incorrect gloves for manual handling task. Supervisor corrected the action.,{},NO,Working at Height,LOW,reported to supervisor,colleague intervened,,retrained staff,False
e4685117-4a3e-42cc-917f-5dabd0bbfd14,Unsafe Act,,Unit B,,Compressor,Worker observed not wearing safety glasses at Unit B.,Worker observed not wearing safety glasses at Unit B.,{},NO,Working at Height,MEDIUM,,colleague intervened,cleaned up,retrained staff,
f9749c2e-791b-432f-a655-fb2d61c21055,Unsafe Condition,,Unit B,,Heat Exchanger,<div><p>Trip hazard due to loose cables near Heat Exchanger. Cables were immediately organized.</p></div>,Trip hazard due to loose cables near Heat Exchanger. Cables were immediately organized.,{},NO,Slips/Trips,LOW,,supervisor intervened,replaced equipment,updated procedures,False
e2e93f70-bc5c-4b97-af8d-4c80f1ad4ca7,Unsafe Condition,,Unit B,,Valve,Trip hazard due to loose cables near Valve. Cables were immediately organized.,Trip hazard due to loose cables near Valve. Cables were immediately organized.,{},NO,Confined Space,MEDIUM,reported to supervisor,colleague intervened,,updated procedures,True
6c20b1d7-472b-45e2-bdb3-705ce10db012,Unsafe Act,,Refinery Sector 4,,Valve,Worker used incorrect gloves for manual handling task. Supervisor corrected the action.,Worker used incorrect gloves for manual handling task. Supervisor corrected the action.,{},NO,Electrical,MEDIUM,stopped work,,replaced equipment,retrained staff,
3f5afe9f-e3fd-4b65-86e2-6b365c1f504e,Unsafe Condition,,Unit B,,Heat Exchanger,Small oil spill near Heat Exchanger at Unit B. Cleaned up promptly.,Small oil spill near Heat Exchanger at Unit B. Cleaned up promptly.,{},NO,Slips/Trips,MEDIUM,,supervisor intervened,replaced equipment,,True
212e1764-3edd-4749-b49a-b8a5c6a5da67,Unsafe Act,,Offshore Platform 1,,Compressor,Worker used incorrect gloves for manual handling task. Supervisor corrected the action.,Worker used incorrect gloves for manual handling task. Supervisor corrected the action.,{},NO,Manual Handling,MEDIUM,,supervisor intervened,,,False
a370c030-9c7a-4ab1-8dd0-2dac52328769,Unsafe Condition,,Refinery Sector 4,,Valve,Worker used incorrect gloves for manual handling task. Supervisor corrected the action.,Worker used incorrect gloves for manual handling task. Supervisor corrected the action.,{},NO,Manual Handling,LOW,,supervisor intervened,replaced equipment,retrained staff,False
6055becc-8cc1-44ac-8230-e27f7b12c7a2,Unsafe Act,,Refinery Sector 4,,Valve,Trip hazard due to loose cables near Valve. Cables were immediately organized.,Trip hazard due to loose cables near Valve. Cables were immediately organized.,{},NO,Energy Isolation,MEDIUM,stopped work,,,updated procedures,
c74df409-258b-4269-9399-3344d1a47ec6,Unsafe Condition,,Unit B,,Compressor,Small oil spill near Compressor at Unit B. Cleaned up promptly.,Small oil spill near Compressor at Unit B. Cleaned up promptly.,{},NO,Manual Handling,MEDIUM,stopped work,colleague intervened,,updated procedures,
8ad544c9-0672-4b55-b6c4-a05f2315cff5,Unsafe Condition,,Offshore Platform 1,,Compressor,<div><p>Worker observed not wearing safety glasses at Offshore Platform 1.</p></div>,Worker observed not wearing safety glasses at Offshore Platform 1.,{},NO,Slips/Trips,LOW,reported to supervisor,,replaced equipment,retrained staff,
07d1bd38-1f48-4131-ab0b-ac449600fbe5,Unsafe Condition,,Unit B,,Heat Exchanger,Trip hazard due to loose cables near Heat Exchanger. Cables were immediately organized.,Trip hazard due to loose cables near Heat Exchanger. Cables were immediately organized.,{},NO,Electrical,MEDIUM,reported to supervisor,supervisor intervened,replaced equipment,updated procedures,True
0d1e934b-bd57-4528-af63-061b931bd926,Unsafe Condition,,Unit B,,Valve,Trip hazard due to loose cables near Valve. Cables were immediately organized.,Trip hazard due to loose cables near Valve. Cables were immediately organized.,{},NO,Confined Space,LOW,,supervisor intervened,cleaned up,retrained staff,
e095d8f5-10c0-4823-b919-472b0b36f3c9,Unsafe Condition,,Unit A,,Pump,Worker used incorrect gloves for manual handling task. Supervisor corrected the action.,Worker used incorrect gloves for manual handling task. Supervisor corrected the action.,{},NO,Working at Height,LOW,stopped work,supervisor intervened,cleaned up,retrained staff,False
ee80d7cc-96e1-4374-a9e9-1d2574d7164e,Unsafe Act,,Refinery Sector 4,,Compressor,Small oil spill near Compressor at Refinery Sector 4. Cleaned up promptly.,Small oil spill near Compressor at Refinery Sector 4. Cleaned up promptly.,{},NO,Confined Space,MEDIUM,,supervisor intervened,cleaned up,updated procedures,False
264697d2-e37f-44e4-825a-cf6800403482,Unsafe Act,,Refinery Sector 4,,Valve,Worker observed not wearing safety glasses at Refinery Sector 4.,Worker observed not wearing safety glasses at Refinery Sector 4.,{},NO,Electrical,LOW,reported to supervisor,,cleaned up,updated procedures,True
06d27517-384a-4e9c-9e7b-e8e317be6ee8,Unsafe Condition,,Refinery Sector 4,,Compressor,Small oil spill near Compressor at Refinery Sector 4. Cleaned up promptly.,Small oil spill near Compressor at Refinery Sector 4. Cleaned up promptly.,{},NO,Manual Handling,LOW,stopped work,colleague intervened,cleaned up,updated procedures,False
b6bd43cb-2dd0-48d7-b20c-b4da54767044,Unsafe Act,,Offshore Platform 1,,Electrical Panel,Worker observed not wearing safety glasses at Offshore Platform 1.,Worker observed not wearing safety glasses at Offshore Platform 1.,{},NO,Slips/Trips,LOW,,colleague intervened,,,False
4e73d26c-f230-4f98-b20b-6897da7cb7a0,Unsafe Act,,Unit A,,Valve,Small oil spill near Valve at Unit A. Cleaned up promptly.,Small oil spill near Valve at Unit A. Cleaned up promptly.,{},NO,Energy Isolation,LOW,reported to supervisor,supervisor intervened,replaced equipment,updated procedures,False
901468aa-b742-4926-9f91-add8c001ec20,Unsafe Condition,,Unit B,,Compressor,Worker observed not wearing safety glasses at Unit B.,Worker observed not wearing safety glasses at Unit B.,{},NO,Energy Isolation,MEDIUM,stopped work,,,retrained staff,False
700129b2-6691-4ff2-8710-98d69adca546,Unsafe Act,,Refinery Sector 4,,Valve,Worker observed not wearing safety glasses at Refinery Sector 4.,Worker observed not wearing safety glasses at Refinery Sector 4.,{},NO,Confined Space,LOW,reported to supervisor,supervisor intervened,replaced equipment,updated procedures,
bd3cfaeb-b71d-482d-bc78-beac0e5de900,Unsafe Act,,Refinery Sector 4,,Valve,Worker observed not wearing safety glasses at Refinery Sector 4.,Worker observed not wearing safety glasses at Refinery Sector 4.,{},NO,Confined Space,LOW,reported to supervisor,supervisor intervened,replaced equipment,updated procedures,
17721371-c75c-4ba1-aeb6-263dbdc221bf,Unsafe Condition,,Refinery Sector 4,,Electrical Panel,,,{},NO,Working at Height,MEDIUM,reported to supervisor,colleague intervened,,retrained staff,False
5bc1888a-7fd0-42c2-939a-19d6e16db787,Unsafe Condition,,Offshore Platform 1,,Compressor,Worker observed not wearing safety glasses at Offshore Platform 1.,Worker observed not wearing safety glasses at Offshore Platform 1.,{},NO,Working at Height,MEDIUM,,supervisor intervened,replaced equipment,retrained staff,
335e0434-50b5-4f39-b08a-34415b98dfbe,Unsafe Act,,Unit A,,Heat Exchanger,Worker observed not wearing safety glasses at Unit A.,Worker observed not wearing safety glasses at Unit A.,{},NO,Pressure,MEDIUM,,colleague intervened,,updated procedures,False
7594e78e-2bc5-482f-9a33-033725b31809,Unsafe Act,,Unit B,,Valve,Worker used incorrect gloves for manual handling task. Supervisor corrected the action.,Worker used incorrect gloves for manual handling task. Supervisor corrected the action.,{},NO,Manual Handling,MEDIUM,,colleague intervened,,,True
a580bcac-e3de-41bc-ae05-6d8c940750cf,Unsafe Condition,,Unit A,,Valve,Small oil spill near Valve at Unit A. Cleaned up promptly.,Small oil spill near Valve at Unit A. Cleaned up promptly.,{},NO,Pressure,LOW,stopped work,supervisor intervened,cleaned up,retrained staff,True
e5ac6f0a-84df-4c4b-a0b8-1b7673422b75,Unsafe Act,,Unit B,,Heat Exchanger,Trip hazard due to loose cables near Heat Exchanger. Cables were immediately organized.,Trip hazard due to loose cables near Heat Exchanger. Cables were immediately organized.,{},NO,Pressure,MEDIUM,stopped work,colleague intervened,replaced equipment,updated procedures,
a1500eb9-055f-4bfe-83d8-4b861469f6f9,Unsafe Condition,,Unit B,,Compressor,Worker used incorrect gloves for manual handling task. Supervisor corrected the action.,Worker used incorrect gloves for manual handling task. Supervisor corrected the action.,{},NO,Manual Handling,MEDIUM,reported to supervisor,,replaced equipment,updated procedures,
46c41d27-81cd-4a3a-9537-976727871173,Unsafe Condition,,Unit B,,Pump,Small oil spill near Pump at Unit B. Cleaned up promptly.,Small oil spill near Pump at Unit B. Cleaned up promptly.,{},NO,Manual Handling,LOW,reported to supervisor,,replaced equipment,retrained staff,False
5488712c-bd4f-4c1d-bea8-8aa2a086d6a7,Unsafe Condition,,Offshore Platform 1,,Heat Exchanger,Worker used incorrect gloves for manual handling task. Supervisor corrected the action.,Worker used incorrect gloves for manual handling task. Supervisor corrected the action.,{},NO,Pressure,LOW,reported to supervisor,supervisor intervened,,,
4c676cba-106f-42bd-9fb1-7d4d8d5faeb7,Unsafe Act,,Offshore Platform 1,,Heat Exchanger,Small oil spill near Heat Exchanger at Offshore Platform 1. Cleaned up promptly.,Small oil spill near Heat Exchanger at Offshore Platform 1. Cleaned up promptly.,{},NO,Pressure,LOW,,,,updated procedures,True
b8385191-dc84-413a-b435-dca129d58eaf,Unsafe Condition,,Unit B,,Electrical Panel,Worker used incorrect gloves for manual handling task. Supervisor corrected the action.,Worker used incorrect gloves for manual handling task. Supervisor corrected the action.,{},NO,Pressure,MEDIUM,stopped work,,,,True
c8b92df7-9606-43e3-8bcf-1ad8665ee2c4,Unsafe Act,,Unit A,,Pump,Trip hazard due to loose cables near Pump. Cables were immediately organized.,Trip hazard due to loose cables near Pump. Cables were immediately organized.,{},NO,Working at Height,MEDIUM,stopped work,colleague intervened,cleaned up,,True
0d38e75d-27ad-49d0-8141-83e27977cdd6,Unsafe Condition,,Offshore Platform 1,,Electrical Panel,Small oil spill near Electrical Panel at Offshore Platform 1. Cleaned up promptly.,Small oil spill near Electrical Panel at Offshore Platform 1. Cleaned up promptly.,{},NO,Electrical,MEDIUM,stopped work,colleague intervened,,updated procedures,True
6b81db13-fe27-4677-b5d1-a0e7ac23c047,Unsafe Condition,,Refinery Sector 4,,Heat Exchanger,Trip hazard due to loose cables near Heat Exchanger. Cables were immediately organized.,Trip hazard due to loose cables near Heat Exchanger. Cables were immediately organized.,{},NO,Working at Height,MEDIUM,stopped work,colleague intervened,,,
9eaa8d45-123b-4b47-b313-35176961e209,Unsafe Condition,,Offshore Platform 1,,Electrical Panel,Small oil spill near Electrical Panel at Offshore Platform 1. Cleaned up promptly.,Small oil spill near Electrical Panel at Offshore Platform 1. Cleaned up promptly.,{},NO,Confined Space,MEDIUM,,supervisor intervened,cleaned up,updated procedures,False
5f934757-2a36-4ad7-8497-88ea45091113,Near Miss,,Refinery Sector 4,,Electrical Panel,,,{},YES,Pressure,CRITICAL,reported to supervisor,colleague intervened,cleaned up,,
b70d591a-09a6-4c90-bdc4-b978e69d8d6c,Unsafe Condition,,Unit B,,Electrical Panel,Worker used incorrect gloves for manual handling task. Supervisor corrected the action.,Worker used incorrect gloves for manual handling task. Supervisor corrected the action.,{},NO,Working at Height,MEDIUM,stopped work,,cleaned up,retrained staff,False
30ffe39f-46a9-46ad-ab0c-38923dd48d60,Unsafe Act,,Refinery Sector 4,,Pump,Worker observed not wearing safety glasses at Refinery Sector 4.,Worker observed not wearing safety glasses at Refinery Sector 4.,{},NO,Pressure,MEDIUM,,,cleaned up,,True
a42a44cb-ed04-4ecf-9a45-0d6cb195cf93,Unsafe Act,,Unit B,,Compressor,Worker observed not wearing safety glasses at Unit B.,Worker observed not wearing safety glasses at Unit B.,{},NO,Energy Isolation,LOW,stopped work,supervisor intervened,replaced equipment,updated procedures,
4f33ebd0-7717-4a66-8faa-3f5343f11919,Unsafe Act,,Unit B,,Compressor,Small oil spill near Compressor at Unit B. Cleaned up promptly.,Small oil spill near Compressor at Unit B. Cleaned up promptly.,{},NO,Energy Isolation,LOW,stopped work,colleague intervened,cleaned up,,False
d2190275-0c60-434c-9392-678112d59ef2,Unsafe Condition,,Offshore Platform 1,,Valve,Small oil spill near Valve at Offshore Platform 1. Cleaned up promptly.,Small oil spill near Valve at Offshore Platform 1. Cleaned up promptly.,{},NO,Manual Handling,LOW,reported to supervisor,,cleaned up,,False
84ffa7a9-5ccc-407d-a7b6-fb92f570d4cd,Unsafe Condition,,Offshore Platform 1,,Electrical Panel,Worker observed not wearing safety glasses at Offshore Platform 1.,Worker observed not wearing safety glasses at Offshore Platform 1.,{},NO,Slips/Trips,MEDIUM,,colleague intervened,cleaned up,updated procedures,
3ca88eeb-ac2c-414a-a94e-8481e69fd39b,Unsafe Act,,Offshore Platform 1,,Heat Exchanger,Small oil spill near Heat Exchanger at Offshore Platform 1. Cleaned up promptly.,Small oil spill near Heat Exchanger at Offshore Platform 1. Cleaned up promptly.,{},NO,Electrical,MEDIUM,,colleague intervened,cleaned up,,
03b8c2a7-d336-47ff-8160-85588492708c,Unsafe Act,,Offshore Platform 1,,Heat Exchanger,Small oil spill near Heat Exchanger at Offshore Platform 1. Cleaned up promptly.,Small oil spill near Heat Exchanger at Offshore Platform 1. Cleaned up promptly.,{},NO,Electrical,MEDIUM,,colleague intervened,cleaned up,,
90f3b15b-4e3d-4e25-b589-a0af0f44353d,Unsafe Condition,,Unit A,,Compressor,Worker observed not wearing safety glasses at Unit A.,Worker observed not wearing safety glasses at Unit A.,{},NO,Slips/Trips,MEDIUM,stopped work,supervisor intervened,replaced equipment,updated procedures,False
293f39e1-a372-4090-8c02-aaeb7ffe3ba1,Unsafe Condition,,Offshore Platform 1,,Heat Exchanger,Worker used incorrect gloves for manual handling task. Supervisor corrected the action.,Worker used incorrect gloves for manual handling task. Supervisor corrected the action.,{},NO,Working at Height,MEDIUM,,,cleaned up,retrained staff,True
25a82193-afb6-463b-ba9f-c7697aa4a7b4,Unsafe Condition,,Unit A,,Electrical Panel,Worker observed not wearing safety glasses at Unit A.,Worker observed not wearing safety glasses at Unit A.,{},NO,Working at Height,LOW,,colleague intervened,,retrained staff,
e1e0e671-07cf-4c46-848d-45dddb9fb0c3,Unsafe Condition,,Refinery Sector 4,,Pump,Worker observed not wearing safety glasses at Refinery Sector 4.,Worker observed not wearing safety glasses at Refinery Sector 4.,{},NO,Electrical,LOW,,supervisor intervened,,,
cf80e746-1875-46eb-a181-30293d53a0cf,Unsafe Act,,Refinery Sector 4,,Pump,Worker observed not wearing safety glasses at Refinery Sector 4.,Worker observed not wearing safety glasses at Refinery Sector 4.,{},NO,Pressure,LOW,,colleague intervened,replaced equipment,retrained staff,True
1bcb7bbf-09a1-4cf7-887b-6aab9676f86c,Unsafe Act,,Refinery Sector 4,,Pump,Worker observed not wearing safety glasses at Refinery Sector 4.,Worker observed not wearing safety glasses at Refinery Sector 4.,{},NO,Pressure,LOW,,colleague intervened,replaced equipment,retrained staff,True
3d0ac86c-2954-4c36-a6bc-b83c00ff651c,Unsafe Condition,,Refinery Sector 4,,Pump,Trip hazard due to loose cables near Pump. Cables were immediately organized.,Trip hazard due to loose cables near Pump. Cables were immediately organized.,{},NO,Pressure,LOW,,,,updated procedures,
e0bdb697-958a-4b0d-8846-fc969db3f608,Unsafe Act,,Unit B,,Valve,Trip hazard due to loose cables near Valve. Cables were immediately organized.,Trip hazard due to loose cables near Valve. Cables were immediately organized.,{},NO,Slips/Trips,MEDIUM,,,replaced equipment,retrained staff,False
69cf6594-d16c-4db3-a1f5-b86e99bd03d8,Unsafe Condition,,Unit A,,Compressor,Small oil spill near Compressor at Unit A. Cleaned up promptly.,Small oil spill near Compressor at Unit A. Cleaned up promptly.,{},NO,Slips/Trips,LOW,reported to supervisor,supervisor intervened,,updated procedures,True
810d9f03-9fc8-4e70-bb82-76f231fe9c55,Unsafe Condition,,Unit B,,Heat Exchanger,Worker observed not wearing safety glasses at Unit B.,Worker observed not wearing safety glasses at Unit B.,{},NO,Pressure,MEDIUM,,,replaced equipment,,True
99c897a1-75b9-4058-9f94-2afde44ca0e6,Unsafe Act,,Refinery Sector 4,,Compressor,Worker observed not wearing safety glasses at Refinery Sector 4.,Worker observed not wearing safety glasses at Refinery Sector 4.,{},NO,Electrical,LOW,reported to supervisor,supervisor intervened,,updated procedures,
2ab8e0cc-6e0a-46e2-80e5-2e1bd0401e35,Unsafe Condition,,Offshore Platform 1,,Compressor,Worker used incorrect gloves for manual handling task. Supervisor corrected the action.,Worker used incorrect gloves for manual handling task. Supervisor corrected the action.,{},NO,Electrical,MEDIUM,,supervisor intervened,,updated procedures,False
59807f4e-1783-4b54-ba11-c0c1b9b5392c,Unsafe Condition,,Refinery Sector 4,,Heat Exchanger,Worker observed not wearing safety glasses at Refinery Sector 4.,Worker observed not wearing safety glasses at Refinery Sector 4.,{},NO,Slips/Trips,MEDIUM,stopped work,colleague intervened,,updated procedures,
1304b41b-a0bb-4a20-86b7-b3d08406d6ad,Unsafe Condition,,Unit B,,Heat Exchanger,Worker observed not wearing safety glasses at Unit B.,Worker observed not wearing safety glasses at Unit B.,{},NO,Pressure,LOW,,,replaced equipment,retrained staff,False
b420c6d1-60c2-43fe-bd3a-cd165f3e1f22,Unsafe Condition,,Unit B,,Pump,Worker used incorrect gloves for manual handling task. Supervisor corrected the action.,Worker used incorrect gloves for manual handling task. Supervisor corrected the action.,{},NO,Working at Height,MEDIUM,reported to supervisor,colleague intervened,,updated procedures,
0b029801-4eee-42ce-8881-42dca8b028a1,Unsafe Act,,Unit B,,Pump,Worker observed not wearing safety glasses at Unit B.,Worker observed not wearing safety glasses at Unit B.,{},NO,Energy Isolation,MEDIUM,,colleague intervened,replaced equipment,,True
08bca21d-f708-4edd-bb06-8d27a8ea5b5e,Unsafe Condition,,Refinery Sector 4,,Pump,Worker observed not wearing safety glasses at Refinery Sector 4.,Worker observed not wearing safety glasses at Refinery Sector 4.,{},NO,Electrical,MEDIUM,,,,updated procedures,True
5be5db26-54cb-4449-bd21-2441e518be40,Unsafe Condition,,Unit A,,Valve,Worker used incorrect gloves for manual handling task. Supervisor corrected the action.,Worker used incorrect gloves for manual handling task. Supervisor corrected the action.,{},NO,Confined Space,MEDIUM,,supervisor intervened,,retrained staff,True
16dbda00-e70a-402b-995b-713fcc82eeb7,Unsafe Act,,Unit A,,Electrical Panel,Worker observed not wearing safety glasses at Unit A.,Worker observed not wearing safety glasses at Unit A.,{},NO,Working at Height,LOW,,supervisor intervened,cleaned up,updated procedures,True
65ebe308-3863-4926-b5ab-858bda7d1b0f,Unsafe Condition,,Unit B,,Pump,Worker observed not wearing safety glasses at Unit B.,Worker observed not wearing safety glasses at Unit B.,{},NO,Manual Handling,MEDIUM,stopped work,,,retrained staff,False
e6d4817a-1156-4e85-ae9f-6846e9c5b123,Unsafe Act,,Refinery Sector 4,,Heat Exchanger,Worker used incorrect gloves for manual handling task. Supervisor corrected the action.,Worker used incorrect gloves for manual handling task. Supervisor corrected the action.,{},NO,Manual Handling,LOW,reported to supervisor,colleague intervened,,retrained staff,True
5d1e6be5-9c67-46f3-a7f3-439d25c4dd2a,Unsafe Act,,Unit B,,Pump,Worker used incorrect gloves for manual handling task. Supervisor corrected the action.,Worker used incorrect gloves for manual handling task. Supervisor corrected the action.,{},NO,Energy Isolation,MEDIUM,reported to supervisor,,cleaned up,,
019903d6-e0ee-4e3c-90a7-e05402e66e7b,Unsafe Act,,Offshore Platform 1,,Electrical Panel,Trip hazard due to loose cables near Electrical Panel. Cables were immediately organized.,Trip hazard due to loose cables near Electrical Panel. Cables were immediately organized.,{},NO,Energy Isolation,MEDIUM,stopped work,supervisor intervened,replaced equipment,,False
2ec36a11-1ad2-4842-9b0d-5526c66c3dcb,Unsafe Condition,,Refinery Sector 4,,Electrical Panel,Worker used incorrect gloves for manual handling task. Supervisor corrected the action.,Worker used incorrect gloves for manual handling task. Supervisor corrected the action.,{},NO,Slips/Trips,LOW,,,,,True
a25a199a-c743-4241-bb4b-a09384fba3ec,Unsafe Condition,,Unit A,,Heat Exchanger,Trip hazard due to loose cables near Heat Exchanger. Cables were immediately organized.,Trip hazard due to loose cables near Heat Exchanger. Cables were immediately organized.,{},NO,Electrical,MEDIUM,stopped work,colleague intervened,cleaned up,updated procedures,
6c6476ab-e8ae-4036-ae82-5106869fbadc,Unsafe Act,,Refinery Sector 4,,Pump,Trip hazard due to loose cables near Pump. Cables were immediately organized.,Trip hazard due to loose cables near Pump. Cables were immediately organized.,{},NO,Energy Isolation,LOW,,supervisor intervened,replaced equipment,,
d870b999-25b6-46d0-b2a9-37785b41e710,Unsafe Act,,Unit B,,Electrical Panel,Trip hazard due to loose cables near Electrical Panel. Cables were immediately organized.,Trip hazard due to loose cables near Electrical Panel. Cables were immediately organized.,{},NO,Confined Space,LOW,stopped work,colleague intervened,replaced equipment,updated procedures,
f9986093-38d0-4627-825a-5022ba220847,Unsafe Condition,,Refinery Sector 4,,Valve,Worker used incorrect gloves for manual handling task. Supervisor corrected the action.,Worker used incorrect gloves for manual handling task. Supervisor corrected the action.,{},NO,Electrical,LOW,stopped work,colleague intervened,,retrained staff,True
9a9e806d-613c-4d0d-82c0-b43486536ba2,Unsafe Act,,Offshore Platform 1,,Compressor,Worker observed not wearing safety glasses at Offshore Platform 1.,Worker observed not wearing safety glasses at Offshore Platform 1.,{},NO,Confined Space,LOW,reported to supervisor,supervisor intervened,,,True
3ad751bf-8195-442e-9d18-834025b87968,Unsafe Condition,,Refinery Sector 4,,Valve,Worker observed not wearing safety glasses at Refinery Sector 4.,Worker observed not wearing safety glasses at Refinery Sector 4.,{},NO,Confined Space,LOW,,,cleaned up,retrained staff,False
f9425bc1-67d0-4ec8-b560-57a3a7dd55a1,Unsafe Act,,Unit B,,Heat Exchanger,Worker used incorrect gloves for manual handling task. Supervisor corrected the action.,Worker used incorrect gloves for manual handling task. Supervisor corrected the action.,{},NO,Pressure,LOW,reported to supervisor,supervisor intervened,,updated procedures,False
46c33f9c-8e8f-4617-b61f-423d16f3422c,Unsafe Act,,Offshore Platform 1,,Compressor,Small oil spill near Compressor at Offshore Platform 1. Cleaned up promptly.,Small oil spill near Compressor at Offshore Platform 1. Cleaned up promptly.,{},NO,Pressure,LOW,stopped work,,replaced equipment,,True
6c1cf61b-6ad8-48c4-b7ca-f7943469af5c,Unsafe Act,,Unit B,,Pump,Small oil spill near Pump at Unit B. Cleaned up promptly.,Small oil spill near Pump at Unit B. Cleaned up promptly.,{},NO,Manual Handling,LOW,reported to supervisor,colleague intervened,,retrained staff,
3e5b8fb6-f48d-4ec4-b90d-ab01d2dbfadd,Unsafe Act,,Unit B,,Valve,Small oil spill near Valve at Unit B. Cleaned up promptly.,Small oil spill near Valve at Unit B. Cleaned up promptly.,{},NO,Confined Space,LOW,,colleague intervened,replaced equipment,,
f8b19a14-7fc3-4f1c-9250-9c29ed763a94,Unsafe Condition,,Refinery Sector 4,,Heat Exchanger,Small oil spill near Heat Exchanger at Refinery Sector 4. Cleaned up promptly.,Small oil spill near Heat Exchanger at Refinery Sector 4. Cleaned up promptly.,{},NO,Working at Height,MEDIUM,,,,retrained staff,False
a2469564-606f-475d-8633-29d298b99d87,Unsafe Act,,Offshore Platform 1,,Heat Exchanger,Small oil spill near Heat Exchanger at Offshore Platform 1. Cleaned up promptly.,Small oil spill near Heat Exchanger at Offshore Platform 1. Cleaned up promptly.,{},NO,Slips/Trips,LOW,stopped work,colleague intervened,cleaned up,updated procedures,
df30a346-b6a2-45ad-bded-1486ddb4be9a,Near Miss,,Unit A,,Compressor,"During maintenance of the Compressor at Unit A, the technician started work without isolating the equipment. The Compressor was still energized.","During maintenance of the Compressor at Unit A, the technician started work without isolating the equipment. The Compressor was still energized.",{},YES,Energy Isolation,HIGH,stopped work,supervisor intervened,,retrained staff,
55deaead-475e-471e-b6a9-bd557f4ab0dd,Unsafe Condition,,Unit A,,Electrical Panel,Small oil spill near Electrical Panel at Unit A. Cleaned up promptly.,Small oil spill near Electrical Panel at Unit A. Cleaned up promptly.,{},NO,Electrical,MEDIUM,reported to supervisor,supervisor intervened,,,False
36933e63-d907-4983-839d-9162ed5c3ff4,Unsafe Condition,,Unit B,,Electrical Panel,Worker observed not wearing safety glasses at Unit B.,Worker observed not wearing safety glasses at Unit B.,{},NO,Pressure,MEDIUM,reported to supervisor,supervisor intervened,,updated procedures,False
42fa4907-f75f-465a-acf1-9310156e3783,Unsafe Condition,,Refinery Sector 4,,Electrical Panel,Trip hazard due to loose cables near Electrical Panel. Cables were immediately organized.,Trip hazard due to loose cables near Electrical Panel. Cables were immediately organized.,{},NO,Manual Handling,LOW,,,cleaned up,updated procedures,
314c4468-9088-4776-ad24-d663e75583bb,Unsafe Act,,Unit A,,Heat Exchanger,Small oil spill near Heat Exchanger at Unit A. Cleaned up promptly.,Small oil spill near Heat Exchanger at Unit A. Cleaned up promptly.,{},NO,Confined Space,LOW,stopped work,,,updated procedures,
0b4f03c8-615e-4ee4-8d76-48885fc6a831,Unsafe Act,,Refinery Sector 4,,Pump,Small oil spill near Pump at Refinery Sector 4. Cleaned up promptly.,Small oil spill near Pump at Refinery Sector 4. Cleaned up promptly.,{},NO,Pressure,MEDIUM,reported to supervisor,,replaced equipment,updated procedures,True
e0bb8aab-064a-4d0a-9929-0dfea47834dc,Unsafe Act,,Refinery Sector 4,,Pump,Small oil spill near Pump at Refinery Sector 4. Cleaned up promptly.,Small oil spill near Pump at Refinery Sector 4. Cleaned up promptly.,{},NO,Electrical,MEDIUM,stopped work,,,,False
60da3f99-3c8e-4faa-9b5e-c28b53f3418b,Unsafe Condition,,Unit A,,Valve,Worker used incorrect gloves for manual handling task. Supervisor corrected the action.,Worker used incorrect gloves for manual handling task. Supervisor corrected the action.,{},NO,Electrical,MEDIUM,stopped work,colleague intervened,replaced equipment,retrained staff,True
fcf46765-75dd-401d-a5a7-b82b476b7686,Unsafe Condition,,Refinery Sector 4,,Pump,Worker observed not wearing safety glasses at Refinery Sector 4.,Worker observed not wearing safety glasses at Refinery Sector 4.,{},NO,Pressure,LOW,,colleague intervened,cleaned up,,
821b8ec8-0788-4d68-b118-286caa24ac6a,Unsafe Act,,Offshore Platform 1,,Pump,Worker observed not wearing safety glasses at Offshore Platform 1.,Worker observed not wearing safety glasses at Offshore Platform 1.,{},NO,Working at Height,MEDIUM,stopped work,supervisor intervened,cleaned up,,False
a0dc11c4-f2a8-495f-a5af-453d1addaa58,Unsafe Act,,Refinery Sector 4,,Electrical Panel,Worker entered the confined space at Refinery Sector 4 without conducting a gas test. No standby person was present.,Worker entered the confined space at Refinery Sector 4 without conducting a gas test. No standby person was present.,{},YES,Pressure,CRITICAL,stopped work,colleague intervened,,retrained staff,True
99a455a5-f333-4ca0-a8c4-97450be4ee43,Unsafe Condition,,Unit A,,Pump,Small oil spill near Pump at Unit A. Cleaned up promptly.,Small oil spill near Pump at Unit A. Cleaned up promptly.,{},NO,Pressure,MEDIUM,,supervisor intervened,replaced equipment,updated procedures,True
e3433004-f48e-403a-9d1a-aa5918f6a5c1,Unsafe Condition,,Unit B,,Heat Exchanger,Trip hazard due to loose cables near Heat Exchanger. Cables were immediately organized.,Trip hazard due to loose cables near Heat Exchanger. Cables were immediately organized.,{},NO,Electrical,MEDIUM,stopped work,,replaced equipment,,
afebd1e9-0ba8-4ee4-88e8-2a5b3e8c0b06,Unsafe Condition,,Unit B,,Electrical Panel,Trip hazard due to loose cables near Electrical Panel. Cables were immediately organized.,Trip hazard due to loose cables near Electrical Panel. Cables were immediately organized.,{},NO,Confined Space,LOW,stopped work,supervisor intervened,,retrained staff,
092ace6b-d384-42ae-9ff5-21931a58ca9d,Unsafe Act,,Refinery Sector 4,,Electrical Panel,Small oil spill near Electrical Panel at Refinery Sector 4. Cleaned up promptly.,Small oil spill near Electrical Panel at Refinery Sector 4. Cleaned up promptly.,{},NO,Electrical,MEDIUM,,,,,
6da036c8-8b18-4826-a4ba-38d785b1ae7a,Unsafe Act,,Refinery Sector 4,,Pump,Worker used incorrect gloves for manual handling task. Supervisor corrected the action.,Worker used incorrect gloves for manual handling task. Supervisor corrected the action.,{},NO,Pressure,MEDIUM,reported to supervisor,colleague intervened,cleaned up,,False
fa10b4b7-6454-412f-9bd3-efa6fc17afa7,Unsafe Condition,,Refinery Sector 4,,Pump,Trip hazard due to loose cables near Pump. Cables were immediately organized.,Trip hazard due to loose cables near Pump. Cables were immediately organized.,{},NO,Confined Space,MEDIUM,reported to supervisor,colleague intervened,,,False
7e5039ce-4488-4a24-adda-0574f8a1c9b0,Unsafe Act,,Unit B,,Pump,Worker used incorrect gloves for manual handling task. Supervisor corrected the action.,Worker used incorrect gloves for manual handling task. Supervisor corrected the action.,{},NO,Manual Handling,MEDIUM,reported to supervisor,supervisor intervened,replaced equipment,,False
2eb1fd65-cd8a-4338-844b-d14c9717b836,Unsafe Act,,Refinery Sector 4,,Heat Exchanger,Trip hazard due to loose cables near Heat Exchanger. Cables were immediately organized.,Trip hazard due to loose cables near Heat Exchanger. Cables were immediately organized.,{},NO,Electrical,MEDIUM,stopped work,supervisor intervened,replaced equipment,updated procedures,False
1a7e4fd6-d464-4196-bda1-2ee4374b30c1,Unsafe Condition,,Refinery Sector 4,,Electrical Panel,Worker observed not wearing safety glasses at Refinery Sector 4.,Worker observed not wearing safety glasses at Refinery Sector 4.,{},NO,Pressure,MEDIUM,stopped work,,,updated procedures,
74000116-e76e-4c22-ba07-bfbc143e7c37,Unsafe Condition,,Unit A,,Electrical Panel,,,{},NO,Electrical,LOW,,colleague intervened,cleaned up,retrained staff,True
b87a171b-7324-4dd4-b615-8a3f240d6493,Unsafe Condition,,Offshore Platform 1,,Compressor,Trip hazard due to loose cables near Compressor. Cables were immediately organized.,Trip hazard due to loose cables near Compressor. Cables were immediately organized.,{},NO,Manual Handling,LOW,stopped work,,cleaned up,retrained staff,False
3eba65cb-c5db-4bcb-9d59-2a9b739cef7f,Unsafe Condition,,Unit A,,Pump,Worker used incorrect gloves for manual handling task. Supervisor corrected the action.,Worker used incorrect gloves for manual handling task. Supervisor corrected the action.,{},NO,Slips/Trips,LOW,reported to supervisor,supervisor intervened,replaced equipment,updated procedures,
ce3d8d52-4ec6-43eb-b364-fdd2469f4707,Unsafe Act,,Refinery Sector 4,,Compressor,Worker observed not wearing safety glasses at Refinery Sector 4.,Worker observed not wearing safety glasses at Refinery Sector 4.,{},NO,Manual Handling,LOW,stopped work,colleague intervened,,updated procedures,True
d97c5d7d-3e55-4e06-8530-d4e36cbaafd9,Unsafe Condition,,Unit B,,Valve,Small oil spill near Valve at Unit B. Cleaned up promptly.,Small oil spill near Valve at Unit B. Cleaned up promptly.,{},NO,Energy Isolation,MEDIUM,reported to supervisor,colleague intervened,,,False
ba1fdfe7-fbc6-4a8d-913e-6272a96da384,Unsafe Act,,Offshore Platform 1,,Electrical Panel,Trip hazard due to loose cables near Electrical Panel. Cables were immediately organized.,Trip hazard due to loose cables near Electrical Panel. Cables were immediately organized.,{},NO,Pressure,LOW,stopped work,supervisor intervened,,retrained staff,True
ae7ecad7-4a84-4e0d-9fbf-9c435588f8da,Unsafe Condition,,Unit A,,Valve,Small oil spill near Valve at Unit A. Cleaned up promptly.,Small oil spill near Valve at Unit A. Cleaned up promptly.,{},NO,Working at Height,LOW,,colleague intervened,cleaned up,retrained staff,False
0da62fb8-8ea0-4e59-8a51-51a3078a3eae,Unsafe Act,,Unit A,,Heat Exchanger,Worker used incorrect gloves for manual handling task. Supervisor corrected the action.,Worker used incorrect gloves for manual handling task. Supervisor corrected the action.,{},NO,Electrical,MEDIUM,,,,,True
5d0ca944-b034-40f6-8724-f2d83b4643ff,Unsafe Act,,Offshore Platform 1,,Heat Exchanger,Worker used incorrect gloves for manual handling task. Supervisor corrected the action.,Worker used incorrect gloves for manual handling task. Supervisor corrected the action.,{},NO,Confined Space,MEDIUM,,supervisor intervened,replaced equipment,,
4aecbe40-4449-4624-8b32-77a4fa8deba4,Unsafe Act,,Refinery Sector 4,,Pump,Worker used incorrect gloves for manual handling task. Supervisor corrected the action.,Worker used incorrect gloves for manual handling task. Supervisor corrected the action.,{},NO,Manual Handling,MEDIUM,stopped work,,cleaned up,updated procedures,
dab99c04-dff0-4fb9-8314-539e27419bad,Unsafe Condition,,Offshore Platform 1,,Valve,Trip hazard due to loose cables near Valve. Cables were immediately organized.,Trip hazard due to loose cables near Valve. Cables were immediately organized.,{},NO,Confined Space,LOW,,supervisor intervened,cleaned up,updated procedures,
b2f89196-1f55-4082-b7d5-8f189a49ae1a,Unsafe Act,,Unit B,,Pump,Small oil spill near Pump at Unit B. Cleaned up promptly.,Small oil spill near Pump at Unit B. Cleaned up promptly.,{},NO,Manual Handling,LOW,stopped work,,,updated procedures,False
5a734e3a-e778-4805-9903-a840162df785,Unsafe Condition,,Offshore Platform 1,,Heat Exchanger,,,{},NO,Working at Height,MEDIUM,,colleague intervened,replaced equipment,,True
46f1a62d-c2fa-4077-97ea-9b44a74f36e7,Unsafe Act,,Refinery Sector 4,,Compressor,Worker observed not wearing safety glasses at Refinery Sector 4.,Worker observed not wearing safety glasses at Refinery Sector 4.,{},NO,Confined Space,LOW,,supervisor intervened,cleaned up,,True
1c311da7-84f2-4104-a0c1-7677f53fd5bd,Unsafe Act,,Refinery Sector 4,,Compressor,Worker used incorrect gloves for manual handling task. Supervisor corrected the action.,Worker used incorrect gloves for manual handling task. Supervisor corrected the action.,{},NO,Electrical,MEDIUM,stopped work,supervisor intervened,replaced equipment,retrained staff,True
711ad3be-da15-4626-8616-764446fdb266,Unsafe Act,,Refinery Sector 4,,Electrical Panel,Worker used incorrect gloves for manual handling task. Supervisor corrected the action.,Worker used incorrect gloves for manual handling task. Supervisor corrected the action.,{},NO,Slips/Trips,MEDIUM,stopped work,colleague intervened,cleaned up,updated procedures,True
61e922ea-93a8-4416-8a56-c0ae3bd1a363,Unsafe Act,,Unit A,,Pump,Worker used incorrect gloves for manual handling task. Supervisor corrected the action.,Worker used incorrect gloves for manual handling task. Supervisor corrected the action.,{},NO,Slips/Trips,LOW,stopped work,colleague intervened,,retrained staff,
0c3c80f5-6dc2-4fa9-a99e-8e6d1d20f674,Unsafe Act,,Unit B,,Electrical Panel,"While working at Unit B, worker was at height without fall protection. Serious risk of fatal fall.","While working at Unit B, worker was at height without fall protection. Serious risk of fatal fall.",{},YES,Pressure,HIGH,reported to supervisor,,,,
abac7358-9509-4775-bf2b-fdb80cd762e7,Unsafe Act,,Unit A,,Heat Exchanger,Trip hazard due to loose cables near Heat Exchanger. Cables were immediately organized.,Trip hazard due to loose cables near Heat Exchanger. Cables were immediately organized.,{},NO,Confined Space,LOW,stopped work,supervisor intervened,cleaned up,retrained staff,True
c425d7a6-c487-4ca7-ae41-b4e8af847037,Unsafe Condition,,Unit B,,Compressor,Small oil spill near Compressor at Unit B. Cleaned up promptly.,Small oil spill near Compressor at Unit B. Cleaned up promptly.,{},NO,Pressure,MEDIUM,reported to supervisor,,,retrained staff,False
93791686-59ea-41c9-a6a8-939a5c50a427,Unsafe Condition,,Unit A,,Electrical Panel,Worker observed not wearing safety glasses at Unit A.,Worker observed not wearing safety glasses at Unit A.,{},NO,Pressure,MEDIUM,,supervisor intervened,replaced equipment,updated procedures,
2259785d-412d-438d-90fa-c0f23679a7aa,Unsafe Act,,Unit B,,Pump,Worker used incorrect gloves for manual handling task. Supervisor corrected the action.,Worker used incorrect gloves for manual handling task. Supervisor corrected the action.,{},NO,Electrical,MEDIUM,reported to supervisor,,cleaned up,,True
244a810c-9330-40f3-a049-ed4eb5acd046,Unsafe Act,,Unit A,,Pump,Worker observed not wearing safety glasses at Unit A.,Worker observed not wearing safety glasses at Unit A.,{},NO,Energy Isolation,LOW,reported to supervisor,supervisor intervened,cleaned up,retrained staff,
4ece4247-b5a2-45d4-a5b3-d86e8bc130cd,Unsafe Condition,,Refinery Sector 4,,Valve,Worker used incorrect gloves for manual handling task. Supervisor corrected the action.,Worker used incorrect gloves for manual handling task. Supervisor corrected the action.,{},NO,Electrical,MEDIUM,stopped work,,cleaned up,updated procedures,True
ed3e670a-099c-41d0-ae07-6168604ce02b,Unsafe Act,,Offshore Platform 1,,Pump,Line opened with residual pressure on the Pump. High-energy release narrowly missed the operator.,Line opened with residual pressure on the Pump. High-energy release narrowly missed the operator.,{},YES,Pressure,HIGH,reported to supervisor,supervisor intervened,cleaned up,updated procedures,False
93a84e76-ec7a-4fea-bcd7-0fe2c671445f,Unsafe Condition,,Refinery Sector 4,,Heat Exchanger,Worker observed not wearing safety glasses at Refinery Sector 4.,Worker observed not wearing safety glasses at Refinery Sector 4.,{},NO,Manual Handling,LOW,,supervisor intervened,,,False
75691c27-a5cc-40a9-ab22-1fa9910f22d7,Unsafe Act,,Refinery Sector 4,,Valve,Trip hazard due to loose cables near Valve. Cables were immediately organized.,Trip hazard due to loose cables near Valve. Cables were immediately organized.,{},NO,Electrical,MEDIUM,,supervisor intervened,replaced equipment,retrained staff,False
d3e984b5-fbe7-4418-9f42-b6f022aa5e92,Unsafe Act,,Unit A,,Compressor,Worker used incorrect gloves for manual handling task. Supervisor corrected the action.,Worker used incorrect gloves for manual handling task. Supervisor corrected the action.,{},NO,Working at Height,MEDIUM,stopped work,,,retrained staff,False
14dc7eb9-c10a-44d6-b7bd-f973b070e17b,Unsafe Condition,,Offshore Platform 1,,Heat Exchanger,Trip hazard due to loose cables near Heat Exchanger. Cables were immediately organized.,Trip hazard due to loose cables near Heat Exchanger. Cables were immediately organized.,{},NO,Confined Space,LOW,reported to supervisor,supervisor intervened,cleaned up,retrained staff,False
780a826d-493f-4005-b0d9-6cf1e8b18509,Unsafe Condition,,Offshore Platform 1,,Heat Exchanger,Trip hazard due to loose cables near Heat Exchanger. Cables were immediately organized.,Trip hazard due to loose cables near Heat Exchanger. Cables were immediately organized.,{},NO,Confined Space,LOW,reported to supervisor,supervisor intervened,cleaned up,retrained staff,False
4edef8e4-308b-4406-873b-e75735e7b097,Unsafe Condition,,Unit B,,Electrical Panel,<div><p>Trip hazard due to loose cables near Electrical Panel. Cables were immediately organized.</p></div>,Trip hazard due to loose cables near Electrical Panel. Cables were immediately organized.,{},NO,Electrical,LOW,,colleague intervened,replaced equipment,retrained staff,False
2732c45e-02c3-4d63-9250-7500f60bdbd2,Unsafe Condition,,Offshore Platform 1,,Compressor,Worker observed not wearing safety glasses at Offshore Platform 1.,Worker observed not wearing safety glasses at Offshore Platform 1.,{},NO,Slips/Trips,LOW,,supervisor intervened,,updated procedures,
f63c94c3-c80e-44a4-a336-9544b62fac66,Unsafe Condition,,Unit B,,Compressor,<div><p>Small oil spill near Compressor at Unit B. Cleaned up promptly.</p></div>,Small oil spill near Compressor at Unit B. Cleaned up promptly.,{},NO,Manual Handling,LOW,,colleague intervened,replaced equipment,updated procedures,True
526e2c6c-3e31-48d5-affc-a509b552d30f,Near Miss,,Offshore Platform 1,,Pump,Worker entered the confined space at Offshore Platform 1 without conducting a gas test. No standby person was present.,Worker entered the confined space at Offshore Platform 1 without conducting a gas test. No standby person was present.,{},YES,Working at Height,CRITICAL,stopped work,colleague intervened,cleaned up,,
0cbf2acf-1ab4-4fe0-a161-a4b13ff3a450,Unsafe Act,,Unit A,,Compressor,Worker observed not wearing safety glasses at Unit A.,Worker observed not wearing safety glasses at Unit A.,{},NO,Pressure,LOW,,,cleaned up,,True
0c63e2e9-ae49-4ee2-b752-6152f069dce1,Unsafe Act,,Unit A,,Electrical Panel,"During maintenance of the Electrical Panel at Unit A, the technician started work without isolating the equipment. The Electrical Panel was still energized.","During maintenance of the Electrical Panel at Unit A, the technician started work without isolating the equipment. The Electrical Panel was still energized.",{},YES,Working at Height,HIGH,reported to supervisor,,,updated procedures,True
d99b2bc7-60e9-49d7-bd52-561ac943637b,Unsafe Condition,,Refinery Sector 4,,Pump,Worker observed not wearing safety glasses at Refinery Sector 4.,Worker observed not wearing safety glasses at Refinery Sector 4.,{},NO,Electrical,LOW,reported to supervisor,supervisor intervened,cleaned up,updated procedures,False
c3b9cd25-6d38-45eb-88b9-dd59733da88c,Unsafe Condition,,Offshore Platform 1,,Pump,Trip hazard due to loose cables near Pump. Cables were immediately organized.,Trip hazard due to loose cables near Pump. Cables were immediately organized.,{},NO,Pressure,MEDIUM,reported to supervisor,,cleaned up,retrained staff,
a5a7cb10-3726-4b94-b5bf-a6a4f9746f7e,Unsafe Act,,Offshore Platform 1,,Pump,Worker observed not wearing safety glasses at Offshore Platform 1.,Worker observed not wearing safety glasses at Offshore Platform 1.,{},NO,Manual Handling,MEDIUM,,colleague intervened,cleaned up,retrained staff,
b8f5fc13-a15e-40df-ab36-b114d1008837,Unsafe Act,,Unit B,,Electrical Panel,Small oil spill near Electrical Panel at Unit B. Cleaned up promptly.,Small oil spill near Electrical Panel at Unit B. Cleaned up promptly.,{},NO,Pressure,MEDIUM,,supervisor intervened,cleaned up,retrained staff,False
9c42950d-2765-4dd4-81f3-815830993cd9,Unsafe Act,,Unit B,,Pump,Small oil spill near Pump at Unit B. Cleaned up promptly.,Small oil spill near Pump at Unit B. Cleaned up promptly.,{},NO,Pressure,LOW,stopped work,supervisor intervened,cleaned up,,
47108328-571e-4211-a7a0-4d9b7b7c2fa3,Unsafe Act,,Unit A,,Compressor,Worker used incorrect gloves for manual handling task. Supervisor corrected the action.,Worker used incorrect gloves for manual handling task. Supervisor corrected the action.,{},NO,Confined Space,LOW,reported to supervisor,,,,True
ba1fdf66-ff1e-42b8-acc3-536927b267fc,Unsafe Condition,,Unit B,,Valve,Worker observed not wearing safety glasses at Unit B.,Worker observed not wearing safety glasses at Unit B.,{},NO,Slips/Trips,LOW,stopped work,,replaced equipment,updated procedures,True
31336eab-ab07-4192-b535-8946981cb156,Unsafe Act,,Unit B,,Pump,Trip hazard due to loose cables near Pump. Cables were immediately organized.,Trip hazard due to loose cables near Pump. Cables were immediately organized.,{},NO,Electrical,MEDIUM,,colleague intervened,,,True
1c85079d-fe6b-4bc5-989f-9586ea2d2c06,Unsafe Act,,Unit B,,Compressor,Worker observed not wearing safety glasses at Unit B.,Worker observed not wearing safety glasses at Unit B.,{},NO,Slips/Trips,MEDIUM,reported to supervisor,supervisor intervened,cleaned up,,
8800d467-0575-4bd0-b9f5-ea8f3a52386a,Unsafe Act,,Unit A,,Compressor,Worker used incorrect gloves for manual handling task. Supervisor corrected the action.,Worker used incorrect gloves for manual handling task. Supervisor corrected the action.,{},NO,Manual Handling,MEDIUM,,colleague intervened,cleaned up,retrained staff,False
5ee29dec-5bec-475b-92e8-6711ef4efa2d,Unsafe Condition,,Unit A,,Heat Exchanger,Worker used incorrect gloves for manual handling task. Supervisor corrected the action.,Worker used incorrect gloves for manual handling task. Supervisor corrected the action.,{},NO,Pressure,LOW,reported to supervisor,supervisor intervened,,updated procedures,True
1ed290e3-7521-4333-808e-1f8f545c0288,Unsafe Condition,,Unit A,,Valve,Trip hazard due to loose cables near Valve. Cables were immediately organized.,Trip hazard due to loose cables near Valve. Cables were immediately organized.,{},NO,Slips/Trips,MEDIUM,stopped work,supervisor intervened,,,True
4742ebcb-c7be-4db9-a347-6e5320feb00d,Unsafe Condition,,Refinery Sector 4,,Compressor,Worker used incorrect gloves for manual handling task. Supervisor corrected the action.,Worker used incorrect gloves for manual handling task. Supervisor corrected the action.,{},NO,Working at Height,MEDIUM,,,cleaned up,retrained staff,True
e30fab39-7636-46db-8e05-9b03cfab8e55,Unsafe Act,,Unit A,,Compressor,Small oil spill near Compressor at Unit A. Cleaned up promptly.,Small oil spill near Compressor at Unit A. Cleaned up promptly.,{},NO,Pressure,LOW,,supervisor intervened,,retrained staff,True
4e36fe0d-28ed-413e-a437-291a6fca7299,Unsafe Act,,Unit A,,Compressor,Small oil spill near Compressor at Unit A. Cleaned up promptly.,Small oil spill near Compressor at Unit A. Cleaned up promptly.,{},NO,Pressure,LOW,,supervisor intervened,,retrained staff,True
1af96e26-431e-4fc3-99d9-fdcdf2ee0829,Unsafe Act,,Unit B,,Electrical Panel,Worker observed not wearing safety glasses at Unit B.,Worker observed not wearing safety glasses at Unit B.,{},NO,Pressure,MEDIUM,,supervisor intervened,cleaned up,,False
fde57c1f-850b-4c3b-bd43-c933e6b65c32,Unsafe Act,,Unit B,,Heat Exchanger,Worker observed not wearing safety glasses at Unit B.,Worker observed not wearing safety glasses at Unit B.,{},NO,Manual Handling,MEDIUM,stopped work,colleague intervened,replaced equipment,,
6f809983-7cf6-4892-a954-b43589a24505,Unsafe Condition,,Refinery Sector 4,,Compressor,Worker used incorrect gloves for manual handling task. Supervisor corrected the action.,Worker used incorrect gloves for manual handling task. Supervisor corrected the action.,{},NO,Slips/Trips,LOW,reported to supervisor,,cleaned up,,
50456fa5-1926-4be8-b6ee-c7ea7476c608,Unsafe Act,,Refinery Sector 4,,Electrical Panel,Trip hazard due to loose cables near Electrical Panel. Cables were immediately organized.,Trip hazard due to loose cables near Electrical Panel. Cables were immediately organized.,{},NO,Electrical,MEDIUM,,colleague intervened,replaced equipment,updated procedures,False
5f906533-66e0-4ec2-a8dc-7804d11523c7,Unsafe Condition,,Offshore Platform 1,,Heat Exchanger,Small oil spill near Heat Exchanger at Offshore Platform 1. Cleaned up promptly.,Small oil spill near Heat Exchanger at Offshore Platform 1. Cleaned up promptly.,{},NO,Confined Space,LOW,stopped work,colleague intervened,cleaned up,updated procedures,False
a0028296-c902-451c-b3b2-084a9dab56e5,Unsafe Condition,,Unit B,,Valve,Worker observed not wearing safety glasses at Unit B.,Worker observed not wearing safety glasses at Unit B.,{},NO,Working at Height,LOW,reported to supervisor,,,,False
2512781f-4569-454b-aa26-d414669e6715,Unsafe Act,,Unit A,,Compressor,Small oil spill near Compressor at Unit A. Cleaned up promptly.,Small oil spill near Compressor at Unit A. Cleaned up promptly.,{},NO,Working at Height,LOW,,supervisor intervened,replaced equipment,retrained staff,True
c8cb21fd-01ad-4620-8f8f-0ebaed623cfe,Unsafe Condition,,Offshore Platform 1,,Valve,Worker used incorrect gloves for manual handling task. Supervisor corrected the action.,Worker used incorrect gloves for manual handling task. Supervisor corrected the action.,{},NO,Slips/Trips,LOW,,,replaced equipment,retrained staff,
442fabd2-0777-40f4-9960-1b5546cb794e,Unsafe Condition,,Unit B,,Heat Exchanger,Trip hazard due to loose cables near Heat Exchanger. Cables were immediately organized.,Trip hazard due to loose cables near Heat Exchanger. Cables were immediately organized.,{},NO,Slips/Trips,LOW,reported to supervisor,colleague intervened,,updated procedures,
70e4d602-28ea-46d5-ada3-94c5cd313018,Unsafe Condition,,Unit B,,Heat Exchanger,Small oil spill near Heat Exchanger at Unit B. Cleaned up promptly.,Small oil spill near Heat Exchanger at Unit B. Cleaned up promptly.,{},NO,Energy Isolation,MEDIUM,,,cleaned up,,
36f1cdbf-679b-49d3-b112-7d67705c814a,Unsafe Act,,Unit B,,Compressor,Trip hazard due to loose cables near Compressor. Cables were immediately organized.,Trip hazard due to loose cables near Compressor. Cables were immediately organized.,{},NO,Pressure,MEDIUM,reported to supervisor,supervisor intervened,,,False
7414d918-b9d7-41f6-8c53-171a6e85f562,Unsafe Condition,,Unit A,,Compressor,Worker observed not wearing safety glasses at Unit A.,Worker observed not wearing safety glasses at Unit A.,{},NO,Manual Handling,LOW,,,cleaned up,,True
3c3ecbe9-c984-44f5-9826-21383aa9bee4,Unsafe Act,,Refinery Sector 4,,Valve,Small oil spill near Valve at Refinery Sector 4. Cleaned up promptly.,Small oil spill near Valve at Refinery Sector 4. Cleaned up promptly.,{},NO,Energy Isolation,LOW,,supervisor intervened,cleaned up,retrained staff,True
850d5041-8f69-4018-a1be-935c5bb9b6a8,Unsafe Condition,,Unit A,,Valve,Small oil spill near Valve at Unit A. Cleaned up promptly.,Small oil spill near Valve at Unit A. Cleaned up promptly.,{},NO,Manual Handling,MEDIUM,stopped work,,,,True
e934adb7-b01b-4237-abcd-4371e6caacf9,Unsafe Act,,Unit A,,Pump,Worker used incorrect gloves for manual handling task. Supervisor corrected the action.,Worker used incorrect gloves for manual handling task. Supervisor corrected the action.,{},NO,Energy Isolation,MEDIUM,reported to supervisor,supervisor intervened,cleaned up,retrained staff,True
160d93a4-d71a-419f-a6ec-37f6a511978d,Unsafe Act,,Unit A,,Compressor,Worker observed not wearing safety glasses at Unit A.,Worker observed not wearing safety glasses at Unit A.,{},NO,Pressure,MEDIUM,stopped work,,replaced equipment,,True
2d8e52f5-bef1-41a0-b76a-5b690a2418dc,Unsafe Condition,,Unit A,,Compressor,Small oil spill near Compressor at Unit A. Cleaned up promptly.,Small oil spill near Compressor at Unit A. Cleaned up promptly.,{},NO,Slips/Trips,LOW,stopped work,colleague intervened,cleaned up,updated procedures,False
03850382-0bac-449f-a134-40508d7ab951,Unsafe Condition,,Offshore Platform 1,,Valve,Small oil spill near Valve at Offshore Platform 1. Cleaned up promptly.,Small oil spill near Valve at Offshore Platform 1. Cleaned up promptly.,{},NO,Manual Handling,MEDIUM,,colleague intervened,cleaned up,updated procedures,False
943304e0-b26a-4f97-986d-612e880e150a,Unsafe Act,,Refinery Sector 4,,Compressor,Worker used incorrect gloves for manual handling task. Supervisor corrected the action.,Worker used incorrect gloves for manual handling task. Supervisor corrected the action.,{},NO,Manual Handling,MEDIUM,stopped work,supervisor intervened,cleaned up,,
ea34ecc8-ac04-4178-81d9-835975887e04,Unsafe Act,,Offshore Platform 1,,Pump,Worker observed not wearing safety glasses at Offshore Platform 1.,Worker observed not wearing safety glasses at Offshore Platform 1.,{},NO,Pressure,LOW,stopped work,supervisor intervened,,updated procedures,False
4f76798f-4005-4cfe-a21e-78767bb1372a,Unsafe Condition,,Unit B,,Compressor,Trip hazard due to loose cables near Compressor. Cables were immediately organized.,Trip hazard due to loose cables near Compressor. Cables were immediately organized.,{},NO,Confined Space,MEDIUM,stopped work,,replaced equipment,retrained staff,False
59aa8806-5b65-4e9a-88e4-190a2001718e,Unsafe Condition,,Unit B,,Heat Exchanger,Worker used incorrect gloves for manual handling task. Supervisor corrected the action.,Worker used incorrect gloves for manual handling task. Supervisor corrected the action.,{},NO,Confined Space,MEDIUM,,,cleaned up,,False
3f446ce7-f05b-42dd-892a-923beda2b551,Unsafe Act,,Unit A,,Compressor,Line opened with residual pressure on the Compressor. High-energy release narrowly missed the operator.,Line opened with residual pressure on the Compressor. High-energy release narrowly missed the operator.,{},YES,Pressure,HIGH,reported to supervisor,supervisor intervened,replaced equipment,,True
2504de26-a838-401b-b937-bc02ee8b728c,Unsafe Condition,,Refinery Sector 4,,Heat Exchanger,Worker observed not wearing safety glasses at Refinery Sector 4.,Worker observed not wearing safety glasses at Refinery Sector 4.,{},NO,Confined Space,MEDIUM,,colleague intervened,cleaned up,retrained staff,True
009668ca-9b3f-4288-9900-7eff23b041ea,Unsafe Condition,,Unit B,,Pump,Worker observed not wearing safety glasses at Unit B.,Worker observed not wearing safety glasses at Unit B.,{},NO,Slips/Trips,MEDIUM,stopped work,,,,False
a05cdfef-2785-4063-9a37-475271b779cf,Unsafe Condition,,Unit A,,Compressor,Trip hazard due to loose cables near Compressor. Cables were immediately organized.,Trip hazard due to loose cables near Compressor. Cables were immediately organized.,{},NO,Pressure,MEDIUM,stopped work,colleague intervened,cleaned up,,False
7df83037-c575-4e98-814a-8f3ce449d6f7,Unsafe Condition,,Unit A,,Compressor,Trip hazard due to loose cables near Compressor. Cables were immediately organized.,Trip hazard due to loose cables near Compressor. Cables were immediately organized.,{},NO,Pressure,MEDIUM,stopped work,colleague intervened,cleaned up,,False
ffb14a58-8d3d-44fc-98bb-624e291edeb6,Unsafe Act,,Unit A,,Valve,Worker observed not wearing safety glasses at Unit A.,Worker observed not wearing safety glasses at Unit A.,{},NO,Working at Height,MEDIUM,stopped work,supervisor intervened,replaced equipment,retrained staff,True
74a029c9-64b5-4b50-b971-2df926d9c8a8,Unsafe Condition,,Unit B,,Compressor,,,{},NO,Manual Handling,LOW,stopped work,supervisor intervened,cleaned up,updated procedures,False
59cf0b77-4a15-4510-a3b3-19cdd2bfb8df,Unsafe Act,,Unit B,,Electrical Panel,Trip hazard due to loose cables near Electrical Panel. Cables were immediately organized.,Trip hazard due to loose cables near Electrical Panel. Cables were immediately organized.,{},NO,Pressure,MEDIUM,reported to supervisor,supervisor intervened,replaced equipment,updated procedures,False
7789496c-d655-4d9f-aaad-c3f45384c058,Unsafe Act,,Refinery Sector 4,,Valve,Trip hazard due to loose cables near Valve. Cables were immediately organized.,Trip hazard due to loose cables near Valve. Cables were immediately organized.,{},NO,Manual Handling,MEDIUM,,colleague intervened,cleaned up,retrained staff,True
46b0f166-9d44-4eef-bd08-a64c41bb23b4,Unsafe Act,,Offshore Platform 1,,Valve,Worker used incorrect gloves for manual handling task. Supervisor corrected the action.,Worker used incorrect gloves for manual handling task. Supervisor corrected the action.,{},NO,Energy Isolation,LOW,,supervisor intervened,,,
8ca23841-c30e-493a-8ca2-ec7dd5073583,Unsafe Act,,Unit A,,Valve,"While working at Unit A, worker was at height without fall protection. Serious risk of fatal fall.","While working at Unit A, worker was at height without fall protection. Serious risk of fatal fall.",{},YES,Energy Isolation,CRITICAL,stopped work,,replaced equipment,retrained staff,
e010905b-abdd-448d-9050-8f34015b7918,Unsafe Condition,,Offshore Platform 1,,Heat Exchanger,Trip hazard due to loose cables near Heat Exchanger. Cables were immediately organized.,Trip hazard due to loose cables near Heat Exchanger. Cables were immediately organized.,{},NO,Slips/Trips,LOW,reported to supervisor,supervisor intervened,,retrained staff,True
f6647ea1-bd89-47da-9263-450f0685db40,Unsafe Condition,,Unit A,,Electrical Panel,Worker observed not wearing safety glasses at Unit A.,Worker observed not wearing safety glasses at Unit A.,{},NO,Electrical,MEDIUM,stopped work,supervisor intervened,cleaned up,,
beaa74df-5914-4c45-aedf-232cbc902765,Unsafe Condition,,Unit A,,Heat Exchanger,Trip hazard due to loose cables near Heat Exchanger. Cables were immediately organized.,Trip hazard due to loose cables near Heat Exchanger. Cables were immediately organized.,{},NO,Electrical,MEDIUM,reported to supervisor,colleague intervened,cleaned up,,
7091b38f-b9ba-48c5-9318-003821f67718,Unsafe Act,,Unit B,,Heat Exchanger,Worker observed not wearing safety glasses at Unit B.,Worker observed not wearing safety glasses at Unit B.,{},NO,Pressure,MEDIUM,stopped work,,,,False
9671caff-4fba-48e5-a8d4-aaa2b59f2e14,Unsafe Act,,Unit A,,Compressor,Small oil spill near Compressor at Unit A. Cleaned up promptly.,Small oil spill near Compressor at Unit A. Cleaned up promptly.,{},NO,Slips/Trips,LOW,stopped work,supervisor intervened,,retrained staff,False
e44526db-9f90-4221-9a3d-7b1725d66839,Unsafe Condition,,Refinery Sector 4,,Heat Exchanger,Worker used incorrect gloves for manual handling task. Supervisor corrected the action.,Worker used incorrect gloves for manual handling task. Supervisor corrected the action.,{},NO,Confined Space,LOW,reported to supervisor,colleague intervened,,,True
a22bf590-9a7f-4f0a-bcd2-c5ca7379b50e,Unsafe Act,,Refinery Sector 4,,Electrical Panel,Small oil spill near Electrical Panel at Refinery Sector 4. Cleaned up promptly.,Small oil spill near Electrical Panel at Refinery Sector 4. Cleaned up promptly.,{},NO,Confined Space,LOW,reported to supervisor,,cleaned up,,
809ac138-7acb-4430-b7e1-debf680040c3,Unsafe Condition,,Refinery Sector 4,,Valve,Worker used incorrect gloves for manual handling task. Supervisor corrected the action.,Worker used incorrect gloves for manual handling task. Supervisor corrected the action.,{},NO,Working at Height,MEDIUM,,supervisor intervened,,retrained staff,True
29b71d7a-700b-423d-a719-1a5c8ad1ecc0,Unsafe Act,,Unit A,,Compressor,Worker used incorrect gloves for manual handling task. Supervisor corrected the action.,Worker used incorrect gloves for manual handling task. Supervisor corrected the action.,{},NO,Working at Height,LOW,stopped work,,cleaned up,updated procedures,True
607d5501-7150-4443-8e26-b892a3bab3a0,Unsafe Act,,Offshore Platform 1,,Compressor,Worker observed not wearing safety glasses at Offshore Platform 1.,Worker observed not wearing safety glasses at Offshore Platform 1.,{},NO,Confined Space,LOW,reported to supervisor,colleague intervened,,updated procedures,True
ee0ea90b-51d0-4848-92c6-a59e31de58a2,Unsafe Act,,Refinery Sector 4,,Electrical Panel,Small oil spill near Electrical Panel at Refinery Sector 4. Cleaned up promptly.,Small oil spill near Electrical Panel at Refinery Sector 4. Cleaned up promptly.,{},NO,Working at Height,MEDIUM,,colleague intervened,replaced equipment,updated procedures,True
5c986444-0fc6-496b-9ee3-5cd258171b17,Unsafe Condition,,Offshore Platform 1,,Compressor,Worker used incorrect gloves for manual handling task. Supervisor corrected the action.,Worker used incorrect gloves for manual handling task. Supervisor corrected the action.,{},NO,Pressure,MEDIUM,stopped work,,cleaned up,retrained staff,True
4776adcf-cf27-4d28-bc04-8c50f20e1d91,Unsafe Condition,,Offshore Platform 1,,Compressor,Worker observed not wearing safety glasses at Offshore Platform 1.,Worker observed not wearing safety glasses at Offshore Platform 1.,{},NO,Energy Isolation,LOW,stopped work,supervisor intervened,replaced equipment,,
941ec318-415b-465e-bfef-3d4009f2ed3c,Unsafe Condition,,Refinery Sector 4,,Valve,Worker used incorrect gloves for manual handling task. Supervisor corrected the action.,Worker used incorrect gloves for manual handling task. Supervisor corrected the action.,{},NO,Slips/Trips,LOW,,,,updated procedures,False
39c285ef-e511-4a22-984d-e25093fdd881,Unsafe Condition,,Refinery Sector 4,,Heat Exchanger,Worker observed not wearing safety glasses at Refinery Sector 4.,Worker observed not wearing safety glasses at Refinery Sector 4.,{},NO,Pressure,LOW,stopped work,supervisor intervened,replaced equipment,retrained staff,False
3373e62f-abec-4c15-8a7d-d2dea7d7e386,Unsafe Condition,,Unit A,,Heat Exchanger,Trip hazard due to loose cables near Heat Exchanger. Cables were immediately organized.,Trip hazard due to loose cables near Heat Exchanger. Cables were immediately organized.,{},NO,Pressure,MEDIUM,reported to supervisor,supervisor intervened,replaced equipment,,
f54c3a39-41c2-4987-9e5a-4924ab721a7a,Unsafe Act,,Unit B,,Electrical Panel,Worker observed not wearing safety glasses at Unit B.,Worker observed not wearing safety glasses at Unit B.,{},NO,Slips/Trips,MEDIUM,stopped work,supervisor intervened,cleaned up,,False
ee13cb9c-0522-4a2b-8619-aaac4eb2e512,Unsafe Condition,,Unit B,,Pump,Trip hazard due to loose cables near Pump. Cables were immediately organized.,Trip hazard due to loose cables near Pump. Cables were immediately organized.,{},NO,Pressure,MEDIUM,,supervisor intervened,cleaned up,retrained staff,False
f480cf3c-2d43-42f8-8bbc-ef8f2f328fa0,Unsafe Act,,Refinery Sector 4,,Valve,Worker used incorrect gloves for manual handling task. Supervisor corrected the action.,Worker used incorrect gloves for manual handling task. Supervisor corrected the action.,{},NO,Manual Handling,LOW,,colleague intervened,cleaned up,updated procedures,False
6b9c2084-54f3-4c9b-82ee-e947643c9873,Unsafe Act,,Unit B,,Compressor,Worker used incorrect gloves for manual handling task. Supervisor corrected the action.,Worker used incorrect gloves for manual handling task. Supervisor corrected the action.,{},NO,Slips/Trips,MEDIUM,,,,retrained staff,True
1f0879ca-475a-428e-ada1-1d09a70f400e,Unsafe Condition,,Unit B,,Electrical Panel,Worker observed not wearing safety glasses at Unit B.,Worker observed not wearing safety glasses at Unit B.,{},NO,Working at Height,MEDIUM,stopped work,supervisor intervened,replaced equipment,retrained staff,
adb58e6e-d299-454a-bcb2-235916ae400b,Unsafe Condition,,Offshore Platform 1,,Heat Exchanger,Trip hazard due to loose cables near Heat Exchanger. Cables were immediately organized.,Trip hazard due to loose cables near Heat Exchanger. Cables were immediately organized.,{},NO,Pressure,LOW,,,,retrained staff,
b5f9ceba-271b-46c6-afc6-7639504afd63,Unsafe Condition,,Unit B,,Compressor,Trip hazard due to loose cables near Compressor. Cables were immediately organized.,Trip hazard due to loose cables near Compressor. Cables were immediately organized.,{},NO,Electrical,MEDIUM,,supervisor intervened,cleaned up,updated procedures,False
ca42732c-11a5-4401-ae2e-104eba342cdd,Unsafe Act,,Unit B,,Electrical Panel,Worker used incorrect gloves for manual handling task. Supervisor corrected the action.,Worker used incorrect gloves for manual handling task. Supervisor corrected the action.,{},NO,Electrical,LOW,,,cleaned up,updated procedures,True
fba70af9-3fee-4d4f-b8c2-01b38dcea526,Unsafe Act,,Refinery Sector 4,,Heat Exchanger,Worker observed not wearing safety glasses at Refinery Sector 4.,Worker observed not wearing safety glasses at Refinery Sector 4.,{},NO,Energy Isolation,LOW,stopped work,colleague intervened,replaced equipment,,True
0ced8eee-fa43-4fc0-8355-a834b7da6f98,Unsafe Act,,Refinery Sector 4,,Heat Exchanger,Small oil spill near Heat Exchanger at Refinery Sector 4. Cleaned up promptly.,Small oil spill near Heat Exchanger at Refinery Sector 4. Cleaned up promptly.,{},NO,Electrical,MEDIUM,reported to supervisor,colleague intervened,,,
16d4e98f-8b70-464f-a3fc-f6b7344f2c4f,Unsafe Act,,Unit B,,Heat Exchanger,Line opened with residual pressure on the Heat Exchanger. High-energy release narrowly missed the operator.,Line opened with residual pressure on the Heat Exchanger. High-energy release narrowly missed the operator.,{},YES,Working at Height,CRITICAL,stopped work,supervisor intervened,replaced equipment,,False
b7707398-e01f-49c9-a0fe-cdfb38134757,Unsafe Act,,Offshore Platform 1,,Electrical Panel,Worker observed not wearing safety glasses at Offshore Platform 1.,Worker observed not wearing safety glasses at Offshore Platform 1.,{},NO,Electrical,MEDIUM,reported to supervisor,colleague intervened,replaced equipment,,
2320ea05-283a-4f25-96ba-daa48a455985,Unsafe Act,,Refinery Sector 4,,Valve,Worker used incorrect gloves for manual handling task. Supervisor corrected the action.,Worker used incorrect gloves for manual handling task. Supervisor corrected the action.,{},NO,Confined Space,MEDIUM,stopped work,colleague intervened,cleaned up,retrained staff,True
05d934f8-d680-4b3d-816b-e01d0d19cb88,Unsafe Condition,,Unit B,,Valve,Trip hazard due to loose cables near Valve. Cables were immediately organized.,Trip hazard due to loose cables near Valve. Cables were immediately organized.,{},NO,Energy Isolation,MEDIUM,reported to supervisor,colleague intervened,cleaned up,,True
51e59a36-627a-44e1-9812-9a6f05ae442c,Unsafe Condition,,Refinery Sector 4,,Compressor,Trip hazard due to loose cables near Compressor. Cables were immediately organized.,Trip hazard due to loose cables near Compressor. Cables were immediately organized.,{},NO,Electrical,LOW,stopped work,,cleaned up,,
c4829044-c477-47bc-94d9-3e27331c0181,Unsafe Condition,,Unit A,,Pump,Worker used incorrect gloves for manual handling task. Supervisor corrected the action.,Worker used incorrect gloves for manual handling task. Supervisor corrected the action.,{},NO,Electrical,MEDIUM,,supervisor intervened,replaced equipment,,
ffe68b1e-99ba-4bc0-8f5d-c0421f98b1ee,Unsafe Condition,,Refinery Sector 4,,Pump,Worker observed not wearing safety glasses at Refinery Sector 4.,Worker observed not wearing safety glasses at Refinery Sector 4.,{},NO,Confined Space,LOW,stopped work,supervisor intervened,replaced equipment,retrained staff,False
456ea1f5-c89d-49d8-9d66-513a4f3194f1,Unsafe Condition,,Unit B,,Compressor,Worker used incorrect gloves for manual handling task. Supervisor corrected the action.,Worker used incorrect gloves for manual handling task. Supervisor corrected the action.,{},NO,Slips/Trips,LOW,stopped work,supervisor intervened,,,True
6ea37603-58b2-4f35-af0c-9e96a3f6b469,Unsafe Condition,,Offshore Platform 1,,Valve,Worker used incorrect gloves for manual handling task. Supervisor corrected the action.,Worker used incorrect gloves for manual handling task. Supervisor corrected the action.,{},NO,Pressure,MEDIUM,reported to supervisor,colleague intervened,cleaned up,,
c1c3c17d-7a7d-4b59-adb0-dcf2ef84129c,Unsafe Act,,Unit A,,Pump,Worker used incorrect gloves for manual handling task. Supervisor corrected the action.,Worker used incorrect gloves for manual handling task. Supervisor corrected the action.,{},NO,Working at Height,MEDIUM,stopped work,supervisor intervened,replaced equipment,retrained staff,True
0306c9ea-93d6-4c16-967c-cb3915b1a8ce,Unsafe Condition,,Unit A,,Heat Exchanger,Worker observed not wearing safety glasses at Unit A.,Worker observed not wearing safety glasses at Unit A.,{},NO,Manual Handling,MEDIUM,reported to supervisor,supervisor intervened,replaced equipment,retrained staff,False
fbff96d4-05d7-421d-9e9f-38ea9951d914,Unsafe Act,,Unit A,,Heat Exchanger,Worker used incorrect gloves for manual handling task. Supervisor corrected the action.,Worker used incorrect gloves for manual handling task. Supervisor corrected the action.,{},NO,Working at Height,LOW,reported to supervisor,colleague intervened,,retrained staff,True
d00223ac-944c-4e08-8dba-4535cafafd4a,Near Miss,,Offshore Platform 1,,Pump,"While working at Offshore Platform 1, worker was at height without fall protection. Serious risk of fatal fall.","While working at Offshore Platform 1, worker was at height without fall protection. Serious risk of fatal fall.",{},YES,Working at Height,HIGH,reported to supervisor,,cleaned up,updated procedures,True
3c4b84ba-008e-46a4-b62e-5e0caf4b7a22,Unsafe Act,,Refinery Sector 4,,Heat Exchanger,Trip hazard due to loose cables near Heat Exchanger. Cables were immediately organized.,Trip hazard due to loose cables near Heat Exchanger. Cables were immediately organized.,{},NO,Energy Isolation,MEDIUM,,colleague intervened,,,False
c1f4513d-d379-4a52-ba0a-2d20d276e772,Unsafe Act,,Refinery Sector 4,,Valve,Worker observed not wearing safety glasses at Refinery Sector 4.,Worker observed not wearing safety glasses at Refinery Sector 4.,{},NO,Confined Space,LOW,stopped work,colleague intervened,cleaned up,updated procedures,False
37ef562e-2823-402f-9e8d-214d1cfe430c,Unsafe Condition,,Offshore Platform 1,,Compressor,Trip hazard due to loose cables near Compressor. Cables were immediately organized.,Trip hazard due to loose cables near Compressor. Cables were immediately organized.,{},NO,Electrical,LOW,,,replaced equipment,retrained staff,False
4e6f766e-06a2-4306-8916-e02ac04723a3,Unsafe Condition,,Unit A,,Valve,Worker observed not wearing safety glasses at Unit A.,Worker observed not wearing safety glasses at Unit A.,{},NO,Confined Space,LOW,,supervisor intervened,,updated procedures,False
e626aab9-f89f-4e46-9765-0e69a6f323e5,Unsafe Act,,Offshore Platform 1,,Valve,Trip hazard due to loose cables near Valve. Cables were immediately organized.,Trip hazard due to loose cables near Valve. Cables were immediately organized.,{},NO,Pressure,MEDIUM,stopped work,supervisor intervened,cleaned up,,False
2c56750c-4ba4-4aa2-b86b-efdc2944cbe9,Unsafe Act,,Offshore Platform 1,,Pump,Small oil spill near Pump at Offshore Platform 1. Cleaned up promptly.,Small oil spill near Pump at Offshore Platform 1. Cleaned up promptly.,{},NO,Slips/Trips,LOW,stopped work,supervisor intervened,cleaned up,updated procedures,
bb108033-1ed2-420f-819e-8f54d17a39e1,Unsafe Condition,,Unit B,,Heat Exchanger,Worker used incorrect gloves for manual handling task. Supervisor corrected the action.,Worker used incorrect gloves for manual handling task. Supervisor corrected the action.,{},NO,Electrical,LOW,reported to supervisor,,cleaned up,,True
32a02556-c70e-4c87-a6e0-7c4941f06e68,Unsafe Condition,,Unit A,,Compressor,Small oil spill near Compressor at Unit A. Cleaned up promptly.,Small oil spill near Compressor at Unit A. Cleaned up promptly.,{},NO,Electrical,LOW,,,replaced equipment,,
0403f7a6-679a-4c87-99ac-ac9178c8ed3e,Unsafe Condition,,Unit A,,Pump,Trip hazard due to loose cables near Pump. Cables were immediately organized.,Trip hazard due to loose cables near Pump. Cables were immediately organized.,{},NO,Slips/Trips,LOW,stopped work,supervisor intervened,cleaned up,,
af45247b-71a3-4bb6-909b-dc72c187c63d,Unsafe Condition,,Refinery Sector 4,,Electrical Panel,Trip hazard due to loose cables near Electrical Panel. Cables were immediately organized.,Trip hazard due to loose cables near Electrical Panel. Cables were immediately organized.,{},NO,Energy Isolation,MEDIUM,reported to supervisor,colleague intervened,,updated procedures,False
bafffbbf-8872-4931-923d-c951cecb6fea,Unsafe Condition,,Offshore Platform 1,,Pump,Trip hazard due to loose cables near Pump. Cables were immediately organized.,Trip hazard due to loose cables near Pump. Cables were immediately organized.,{},NO,Pressure,MEDIUM,stopped work,colleague intervened,cleaned up,,True
c0a9a3eb-7524-4a8e-a834-5104c7718647,Near Miss,,Offshore Platform 1,,Valve,"During maintenance of the Valve at Offshore Platform 1, the technician started work without isolating the equipment. The Valve was still energized.","During maintenance of the Valve at Offshore Platform 1, the technician started work without isolating the equipment. The Valve was still energized.",{},YES,Confined Space,HIGH,reported to supervisor,,replaced equipment,,
a3dff2fe-5127-4a69-921e-6c01ffcac6c4,Unsafe Act,,Refinery Sector 4,,Pump,Line opened with residual pressure on the Pump. High-energy release narrowly missed the operator.,Line opened with residual pressure on the Pump. High-energy release narrowly missed the operator.,{},YES,Energy Isolation,CRITICAL,reported to supervisor,supervisor intervened,,retrained staff,True
b1db3695-c1d9-4c8d-85c4-046f9c60d93f,Unsafe Act,,Unit B,,Valve,Worker observed not wearing safety glasses at Unit B.,Worker observed not wearing safety glasses at Unit B.,{},NO,Confined Space,LOW,,,replaced equipment,,False
3bdbf84e-5ed0-47e3-baec-58c624db56f9,Unsafe Act,,Offshore Platform 1,,Electrical Panel,Small oil spill near Electrical Panel at Offshore Platform 1. Cleaned up promptly.,Small oil spill near Electrical Panel at Offshore Platform 1. Cleaned up promptly.,{},NO,Energy Isolation,MEDIUM,,,,retrained staff,False
6ff4e05d-743c-4013-9e53-c20dfddb7096,Unsafe Act,,Offshore Platform 1,,Electrical Panel,Small oil spill near Electrical Panel at Offshore Platform 1. Cleaned up promptly.,Small oil spill near Electrical Panel at Offshore Platform 1. Cleaned up promptly.,{},NO,Energy Isolation,MEDIUM,,,,retrained staff,False
d47586ea-7036-4c6a-a82a-77260ce8bda9,Unsafe Condition,,Unit B,,Electrical Panel,Small oil spill near Electrical Panel at Unit B. Cleaned up promptly.,Small oil spill near Electrical Panel at Unit B. Cleaned up promptly.,{},NO,Energy Isolation,MEDIUM,,supervisor intervened,,retrained staff,False
c357eba3-36af-4811-98d6-858c19a4b3f6,Unsafe Act,,Unit A,,Heat Exchanger,Small oil spill near Heat Exchanger at Unit A. Cleaned up promptly.,Small oil spill near Heat Exchanger at Unit A. Cleaned up promptly.,{},NO,Electrical,LOW,reported to supervisor,supervisor intervened,,,True
49d02a31-7223-4a0a-bbc3-324007902c79,Unsafe Condition,,Unit A,,Electrical Panel,Small oil spill near Electrical Panel at Unit A. Cleaned up promptly.,Small oil spill near Electrical Panel at Unit A. Cleaned up promptly.,{},NO,Electrical,MEDIUM,stopped work,,cleaned up,,False
ae084ccd-6904-4708-8613-0c36c64eaca5,Unsafe Condition,,Offshore Platform 1,,Pump,Worker used incorrect gloves for manual handling task. Supervisor corrected the action.,Worker used incorrect gloves for manual handling task. Supervisor corrected the action.,{},NO,Working at Height,LOW,reported to supervisor,supervisor intervened,cleaned up,updated procedures,True
3129d7b7-e49d-4fe3-9c0e-844411ac5bc6,Unsafe Condition,,Unit A,,Compressor,Worker observed not wearing safety glasses at Unit A.,Worker observed not wearing safety glasses at Unit A.,{},NO,Working at Height,MEDIUM,stopped work,supervisor intervened,cleaned up,updated procedures,
82609037-7f41-477c-932e-db08e486b532,Unsafe Act,,Unit A,,Pump,Small oil spill near Pump at Unit A. Cleaned up promptly.,Small oil spill near Pump at Unit A. Cleaned up promptly.,{},NO,Manual Handling,LOW,,colleague intervened,,,True
185e3b5e-6d04-458f-8903-efcba062d675,Unsafe Condition,,Refinery Sector 4,,Valve,Worker observed not wearing safety glasses at Refinery Sector 4.,Worker observed not wearing safety glasses at Refinery Sector 4.,{},NO,Confined Space,MEDIUM,,,,,True
bb7ee4a6-9c81-43d3-8659-b3c4e8a36495,Unsafe Act,,Unit A,,Compressor,Trip hazard due to loose cables near Compressor. Cables were immediately organized.,Trip hazard due to loose cables near Compressor. Cables were immediately organized.,{},NO,Energy Isolation,LOW,,,,,True
09012637-446e-4c96-b0d8-2824dc828077,Unsafe Act,,Refinery Sector 4,,Electrical Panel,Worker entered the confined space at Refinery Sector 4 without conducting a gas test. No standby person was present.,Worker entered the confined space at Refinery Sector 4 without conducting a gas test. No standby person was present.,{},YES,Confined Space,CRITICAL,reported to supervisor,,replaced equipment,,True
20cebd81-d95f-4887-b8fa-67444275f8d0,Unsafe Condition,,Offshore Platform 1,,Heat Exchanger,Trip hazard due to loose cables near Heat Exchanger. Cables were immediately organized.,Trip hazard due to loose cables near Heat Exchanger. Cables were immediately organized.,{},NO,Confined Space,MEDIUM,reported to supervisor,colleague intervened,,updated procedures,
48f6fded-e76e-4a22-b261-7c9e3093b064,Unsafe Act,,Unit A,,Pump,Worker used incorrect gloves for manual handling task. Supervisor corrected the action.,Worker used incorrect gloves for manual handling task. Supervisor corrected the action.,{},NO,Energy Isolation,MEDIUM,stopped work,supervisor intervened,,,False
478d2dc1-c94d-42f7-aa48-e0d00430ea91,Unsafe Condition,,Unit B,,Compressor,,,{},NO,Pressure,LOW,reported to supervisor,supervisor intervened,,,True
b2745de0-5216-4edc-a50f-744da54959cf,Unsafe Condition,,Refinery Sector 4,,Heat Exchanger,Small oil spill near Heat Exchanger at Refinery Sector 4. Cleaned up promptly.,Small oil spill near Heat Exchanger at Refinery Sector 4. Cleaned up promptly.,{},NO,Energy Isolation,MEDIUM,stopped work,,cleaned up,retrained staff,True
d7a9e2ab-c220-437c-9a43-09777081661b,Unsafe Condition,,Unit A,,Pump,Worker used incorrect gloves for manual handling task. Supervisor corrected the action.,Worker used incorrect gloves for manual handling task. Supervisor corrected the action.,{},NO,Pressure,LOW,,colleague intervened,cleaned up,retrained staff,
cb86ed6a-8218-4e06-9a9b-3900be350813,Unsafe Condition,,Unit A,,Electrical Panel,Small oil spill near Electrical Panel at Unit A. Cleaned up promptly.,Small oil spill near Electrical Panel at Unit A. Cleaned up promptly.,{},NO,Pressure,LOW,,colleague intervened,,,False
a1a7aeff-f57f-4aa2-8cc8-7fd85349cd13,Unsafe Condition,,Offshore Platform 1,,Compressor,Worker used incorrect gloves for manual handling task. Supervisor corrected the action.,Worker used incorrect gloves for manual handling task. Supervisor corrected the action.,{},NO,Electrical,LOW,stopped work,,replaced equipment,,
d5117a2b-f4cd-4d7f-884a-1a9419f7fb65,Unsafe Condition,,Offshore Platform 1,,Compressor,Worker observed not wearing safety glasses at Offshore Platform 1.,Worker observed not wearing safety glasses at Offshore Platform 1.,{},NO,Energy Isolation,MEDIUM,reported to supervisor,,cleaned up,retrained staff,
382a4d82-6161-42c2-9a39-ee9bec48d7ad,Unsafe Condition,,Offshore Platform 1,,Pump,Worker observed not wearing safety glasses at Offshore Platform 1.,Worker observed not wearing safety glasses at Offshore Platform 1.,{},NO,Pressure,MEDIUM,,colleague intervened,,retrained staff,False
e1c8a05d-9c91-4b49-952f-aaef9f3b76c7,Unsafe Act,,Refinery Sector 4,,Electrical Panel,"While working at Refinery Sector 4, worker was at height without fall protection. Serious risk of fatal fall.","While working at Refinery Sector 4, worker was at height without fall protection. Serious risk of fatal fall.",{},YES,Energy Isolation,HIGH,stopped work,,replaced equipment,,
95f39885-b412-4bc3-ab06-f563bbf05da5,Unsafe Condition,,Offshore Platform 1,,Electrical Panel,Worker observed not wearing safety glasses at Offshore Platform 1.,Worker observed not wearing safety glasses at Offshore Platform 1.,{},NO,Electrical,MEDIUM,stopped work,colleague intervened,cleaned up,updated procedures,True
690ab177-ba13-4e62-96ae-9e63e5eab0e4,Unsafe Act,,Refinery Sector 4,,Electrical Panel,Trip hazard due to loose cables near Electrical Panel. Cables were immediately organized.,Trip hazard due to loose cables near Electrical Panel. Cables were immediately organized.,{},NO,Slips/Trips,LOW,stopped work,,cleaned up,,False
31b2a21f-5c96-4fac-ba7b-0ebb0eb5efbe,Unsafe Act,,Unit A,,Electrical Panel,Small oil spill near Electrical Panel at Unit A. Cleaned up promptly.,Small oil spill near Electrical Panel at Unit A. Cleaned up promptly.,{},NO,Confined Space,LOW,,supervisor intervened,cleaned up,,False
f915bc38-9f31-4dbc-b574-dddd87ac7a77,Unsafe Act,,Refinery Sector 4,,Pump,<div><p>Worker observed not wearing safety glasses at Refinery Sector 4.</p></div>,Worker observed not wearing safety glasses at Refinery Sector 4.,{},NO,Energy Isolation,MEDIUM,stopped work,supervisor intervened,replaced equipment,updated procedures,
cd7f0bd3-fc5d-4111-9057-61fe56baa6dc,Unsafe Condition,,Unit A,,Valve,Trip hazard due to loose cables near Valve. Cables were immediately organized.,Trip hazard due to loose cables near Valve. Cables were immediately organized.,{},NO,Working at Height,MEDIUM,stopped work,,replaced equipment,retrained staff,
15aae9b7-2676-422b-ab56-69c1506bff2b,Unsafe Act,,Refinery Sector 4,,Heat Exchanger,,,{},NO,Manual Handling,LOW,reported to supervisor,supervisor intervened,replaced equipment,,
1ab1e6e7-c7ab-451c-88b8-a00f105d685c,Unsafe Act,,Offshore Platform 1,,Electrical Panel,Small oil spill near Electrical Panel at Offshore Platform 1. Cleaned up promptly.,Small oil spill near Electrical Panel at Offshore Platform 1. Cleaned up promptly.,{},NO,Pressure,MEDIUM,reported to supervisor,,replaced equipment,,
2f7ea77d-fd64-4427-bd47-9632355f2ac6,Unsafe Act,,Offshore Platform 1,,Heat Exchanger,Trip hazard due to loose cables near Heat Exchanger. Cables were immediately organized.,Trip hazard due to loose cables near Heat Exchanger. Cables were immediately organized.,{},NO,Energy Isolation,MEDIUM,reported to supervisor,supervisor intervened,replaced equipment,updated procedures,
ebe8bcf7-65e0-4a6b-a4bf-79bb935a429e,Unsafe Condition,,Refinery Sector 4,,Heat Exchanger,Trip hazard due to loose cables near Heat Exchanger. Cables were immediately organized.,Trip hazard due to loose cables near Heat Exchanger. Cables were immediately organized.,{},NO,Working at Height,MEDIUM,stopped work,colleague intervened,,,True
ad9e6b5f-0f0a-4a8c-bbec-5bc6c24d5e9a,Unsafe Condition,,Unit B,,Pump,Worker used incorrect gloves for manual handling task. Supervisor corrected the action.,Worker used incorrect gloves for manual handling task. Supervisor corrected the action.,{},NO,Electrical,LOW,,colleague intervened,replaced equipment,retrained staff,True
e93d8326-d96b-404b-b93c-c5092f2d5484,Unsafe Condition,,Unit A,,Pump,Worker observed not wearing safety glasses at Unit A.,Worker observed not wearing safety glasses at Unit A.,{},NO,Confined Space,LOW,,colleague intervened,cleaned up,updated procedures,False
c6e5a788-50f2-4a3f-89f2-301f054a2d61,Unsafe Condition,,Refinery Sector 4,,Heat Exchanger,Worker observed not wearing safety glasses at Refinery Sector 4.,Worker observed not wearing safety glasses at Refinery Sector 4.,{},NO,Electrical,LOW,stopped work,colleague intervened,,,
e6f21fa9-d70a-41b2-a4cc-4ffc59459d4a,Near Miss,,Refinery Sector 4,,Electrical Panel,Line opened with residual pressure on the Electrical Panel. High-energy release narrowly missed the operator.,Line opened with residual pressure on the Electrical Panel. High-energy release narrowly missed the operator.,{},YES,Energy Isolation,CRITICAL,stopped work,,replaced equipment,retrained staff,
5a2b785f-8c90-4a20-8a22-9431424d530b,Unsafe Act,,Unit A,,Electrical Panel,Worker observed not wearing safety glasses at Unit A.,Worker observed not wearing safety glasses at Unit A.,{},NO,Confined Space,LOW,reported to supervisor,colleague intervened,replaced equipment,retrained staff,True
5d39b5f1-9a07-4465-85c4-8989622b7861,Unsafe Act,,Unit A,,Heat Exchanger,Small oil spill near Heat Exchanger at Unit A. Cleaned up promptly.,Small oil spill near Heat Exchanger at Unit A. Cleaned up promptly.,{},NO,Confined Space,LOW,reported to supervisor,,replaced equipment,updated procedures,True
42efc359-f628-495d-9576-cb039e3edc0a,Unsafe Condition,,Refinery Sector 4,,Compressor,Small oil spill near Compressor at Refinery Sector 4. Cleaned up promptly.,Small oil spill near Compressor at Refinery Sector 4. Cleaned up promptly.,{},NO,Slips/Trips,MEDIUM,,colleague intervened,,,False
80aab4f8-8b58-44f9-9310-c7885ec0d18f,Unsafe Condition,,Offshore Platform 1,,Compressor,<div><p>Small oil spill near Compressor at Offshore Platform 1. Cleaned up promptly.</p></div>,Small oil spill near Compressor at Offshore Platform 1. Cleaned up promptly.,{},NO,Working at Height,MEDIUM,,,replaced equipment,retrained staff,True
5417f9a4-663a-4573-9cfe-97e845152cc6,Unsafe Condition,,Unit A,,Valve,,,{},NO,Slips/Trips,MEDIUM,,supervisor intervened,cleaned up,retrained staff,False
c0d12417-8f8d-4c37-bc91-f39fbf5228bc,Unsafe Act,,Unit A,,Heat Exchanger,Worker observed not wearing safety glasses at Unit A.,Worker observed not wearing safety glasses at Unit A.,{},NO,Slips/Trips,MEDIUM,stopped work,supervisor intervened,,updated procedures,
62be1ed7-176f-4ca2-b5ae-d7c5b7319aa6,Unsafe Condition,,Offshore Platform 1,,Heat Exchanger,Worker observed not wearing safety glasses at Offshore Platform 1.,Worker observed not wearing safety glasses at Offshore Platform 1.,{},NO,Slips/Trips,LOW,reported to supervisor,supervisor intervened,replaced equipment,,True
3d5127d6-e0a0-4805-a3f3-60754f87309c,Unsafe Act,,Unit B,,Pump,Trip hazard due to loose cables near Pump. Cables were immediately organized.,Trip hazard due to loose cables near Pump. Cables were immediately organized.,{},NO,Pressure,LOW,reported to supervisor,colleague intervened,replaced equipment,retrained staff,
65e8c8a3-3c0a-4096-add4-5907202718e2,Unsafe Condition,,Offshore Platform 1,,Heat Exchanger,Worker used incorrect gloves for manual handling task. Supervisor corrected the action.,Worker used incorrect gloves for manual handling task. Supervisor corrected the action.,{},NO,Energy Isolation,LOW,stopped work,supervisor intervened,cleaned up,updated procedures,True
be18d087-6ac1-4dcb-953b-274c55306d74,Unsafe Condition,,Refinery Sector 4,,Pump,Worker observed not wearing safety glasses at Refinery Sector 4.,Worker observed not wearing safety glasses at Refinery Sector 4.,{},NO,Working at Height,MEDIUM,reported to supervisor,colleague intervened,,,True
d9b66c01-7946-4aed-9523-ea5d892a3ad5,Unsafe Act,,Unit B,,Pump,Worker used incorrect gloves for manual handling task. Supervisor corrected the action.,Worker used incorrect gloves for manual handling task. Supervisor corrected the action.,{},NO,Electrical,MEDIUM,,colleague intervened,,,
9d9d8578-4b31-42df-bf7c-635917069f6a,Unsafe Condition,,Refinery Sector 4,,Heat Exchanger,Small oil spill near Heat Exchanger at Refinery Sector 4. Cleaned up promptly.,Small oil spill near Heat Exchanger at Refinery Sector 4. Cleaned up promptly.,{},NO,Energy Isolation,LOW,stopped work,supervisor intervened,replaced equipment,retrained staff,True
eba7bb90-5555-4bb2-bc1e-7e73aac280bd,Unsafe Act,,Unit A,,Compressor,Trip hazard due to loose cables near Compressor. Cables were immediately organized.,Trip hazard due to loose cables near Compressor. Cables were immediately organized.,{},NO,Manual Handling,LOW,stopped work,supervisor intervened,cleaned up,retrained staff,False
e71f0d31-c824-43ac-8a1e-4e0a2fa112f0,Unsafe Condition,,Offshore Platform 1,,Heat Exchanger,Worker used incorrect gloves for manual handling task. Supervisor corrected the action.,Worker used incorrect gloves for manual handling task. Supervisor corrected the action.,{},NO,Pressure,LOW,,colleague intervened,replaced equipment,retrained staff,True
b492be78-60b1-4ad9-8d2b-5932c458a3fe,Unsafe Act,,Offshore Platform 1,,Valve,Trip hazard due to loose cables near Valve. Cables were immediately organized.,Trip hazard due to loose cables near Valve. Cables were immediately organized.,{},NO,Manual Handling,LOW,,supervisor intervened,cleaned up,updated procedures,False
dc16d7d8-e493-4265-9a08-338bea34c4b1,Unsafe Act,,Offshore Platform 1,,Valve,Small oil spill near Valve at Offshore Platform 1. Cleaned up promptly.,Small oil spill near Valve at Offshore Platform 1. Cleaned up promptly.,{},NO,Slips/Trips,LOW,stopped work,colleague intervened,cleaned up,updated procedures,False
ff2b98a5-cbc7-4e0a-a33d-860044837ff3,Unsafe Act,,Offshore Platform 1,,Heat Exchanger,Trip hazard due to loose cables near Heat Exchanger. Cables were immediately organized.,Trip hazard due to loose cables near Heat Exchanger. Cables were immediately organized.,{},NO,Slips/Trips,MEDIUM,stopped work,,replaced equipment,,False
42e325f3-dc50-45d8-bec3-c3f4e4f80249,Unsafe Condition,,Refinery Sector 4,,Valve,Worker observed not wearing safety glasses at Refinery Sector 4.,Worker observed not wearing safety glasses at Refinery Sector 4.,{},NO,Electrical,LOW,stopped work,supervisor intervened,cleaned up,retrained staff,False
38d21927-c1b0-4142-a0cd-3b5dc22fe3e5,Unsafe Act,,Offshore Platform 1,,Compressor,Worker observed not wearing safety glasses at Offshore Platform 1.,Worker observed not wearing safety glasses at Offshore Platform 1.,{},NO,Manual Handling,MEDIUM,stopped work,,replaced equipment,updated procedures,
1aa9f151-0c2c-40ca-b491-5835eff9e607,Unsafe Act,,Offshore Platform 1,,Pump,Small oil spill near Pump at Offshore Platform 1. Cleaned up promptly.,Small oil spill near Pump at Offshore Platform 1. Cleaned up promptly.,{},NO,Confined Space,LOW,reported to supervisor,colleague intervened,replaced equipment,retrained staff,False
ffefeca7-ca56-4ffe-849e-74cd9b88a343,Unsafe Act,,Offshore Platform 1,,Compressor,Worker observed not wearing safety glasses at Offshore Platform 1.,Worker observed not wearing safety glasses at Offshore Platform 1.,{},NO,Slips/Trips,MEDIUM,stopped work,colleague intervened,,updated procedures,
7180e287-be59-4205-8499-5e906715d249,Unsafe Act,,Unit A,,Valve,Trip hazard due to loose cables near Valve. Cables were immediately organized.,Trip hazard due to loose cables near Valve. Cables were immediately organized.,{},NO,Energy Isolation,LOW,reported to supervisor,supervisor intervened,,updated procedures,False
dae4fb90-8a76-428e-9e46-d6d9cba2bc1a,Unsafe Condition,,Unit A,,Compressor,Worker observed not wearing safety glasses at Unit A.,Worker observed not wearing safety glasses at Unit A.,{},NO,Electrical,MEDIUM,,supervisor intervened,cleaned up,updated procedures,True
cbb58dab-e84e-44b1-820b-93c92d529aee,Unsafe Act,,Refinery Sector 4,,Valve,Trip hazard due to loose cables near Valve. Cables were immediately organized.,Trip hazard due to loose cables near Valve. Cables were immediately organized.,{},NO,Working at Height,LOW,stopped work,supervisor intervened,,retrained staff,True
2f2a68a0-9c2b-49e8-887e-eb2262fcb758,Unsafe Condition,,Offshore Platform 1,,Heat Exchanger,Worker used incorrect gloves for manual handling task. Supervisor corrected the action.,Worker used incorrect gloves for manual handling task. Supervisor corrected the action.,{},NO,Manual Handling,MEDIUM,stopped work,colleague intervened,cleaned up,,True
ff66138c-6bda-463f-8e83-34a2ef720e80,Unsafe Act,,Unit A,,Electrical Panel,Small oil spill near Electrical Panel at Unit A. Cleaned up promptly.,Small oil spill near Electrical Panel at Unit A. Cleaned up promptly.,{},NO,Slips/Trips,MEDIUM,,,replaced equipment,retrained staff,True
0dc0db8d-de3a-495b-9006-f6018eaba93f,Unsafe Act,,Unit B,,Electrical Panel,Small oil spill near Electrical Panel at Unit B. Cleaned up promptly.,Small oil spill near Electrical Panel at Unit B. Cleaned up promptly.,{},NO,Energy Isolation,MEDIUM,stopped work,colleague intervened,replaced equipment,retrained staff,True
77098c93-f0d4-4ef6-b536-3b60b7cb1673,Unsafe Act,,Refinery Sector 4,,Heat Exchanger,<div><p>Worker observed not wearing safety glasses at Refinery Sector 4.</p></div>,Worker observed not wearing safety glasses at Refinery Sector 4.,{},NO,Manual Handling,MEDIUM,reported to supervisor,supervisor intervened,,updated procedures,False
7b1fddbb-a3c2-4abd-9fbd-a80c4e74afbc,Unsafe Condition,,Offshore Platform 1,,Pump,Small oil spill near Pump at Offshore Platform 1. Cleaned up promptly.,Small oil spill near Pump at Offshore Platform 1. Cleaned up promptly.,{},NO,Energy Isolation,LOW,reported to supervisor,supervisor intervened,replaced equipment,,True
3e7f949c-4202-4822-995d-e3dbcf4fdf4a,Near Miss,,Unit A,,Heat Exchanger,Line opened with residual pressure on the Heat Exchanger. High-energy release narrowly missed the operator.,Line opened with residual pressure on the Heat Exchanger. High-energy release narrowly missed the operator.,{},YES,Pressure,HIGH,stopped work,,,retrained staff,
d693050a-077e-40a6-bd54-a5ce9ebebe2b,Unsafe Condition,,Unit A,,Pump,Trip hazard due to loose cables near Pump. Cables were immediately organized.,Trip hazard due to loose cables near Pump. Cables were immediately organized.,{},NO,Confined Space,LOW,reported to supervisor,supervisor intervened,,updated procedures,
3e209a76-10fe-4da6-b207-1f9ceac8d3cb,Unsafe Condition,,Offshore Platform 1,,Heat Exchanger,Worker used incorrect gloves for manual handling task. Supervisor corrected the action.,Worker used incorrect gloves for manual handling task. Supervisor corrected the action.,{},NO,Energy Isolation,MEDIUM,,colleague intervened,replaced equipment,retrained staff,True
91f91b38-a262-4902-b363-47582cd97fdf,Unsafe Condition,,Unit A,,Electrical Panel,Trip hazard due to loose cables near Electrical Panel. Cables were immediately organized.,Trip hazard due to loose cables near Electrical Panel. Cables were immediately organized.,{},NO,Electrical,MEDIUM,reported to supervisor,supervisor intervened,,updated procedures,
452cc273-b046-4b7f-a56a-7809338341a4,Unsafe Condition,,Refinery Sector 4,,Pump,Worker observed not wearing safety glasses at Refinery Sector 4.,Worker observed not wearing safety glasses at Refinery Sector 4.,{},NO,Energy Isolation,MEDIUM,reported to supervisor,supervisor intervened,cleaned up,,True
9cab824f-46e6-452b-849b-6daf1e6b6dc2,Unsafe Act,,Unit B,,Pump,Small oil spill near Pump at Unit B. Cleaned up promptly.,Small oil spill near Pump at Unit B. Cleaned up promptly.,{},NO,Confined Space,LOW,reported to supervisor,colleague intervened,replaced equipment,retrained staff,True
fced3e45-4f8c-47c0-a877-358b9777ae26,Unsafe Act,,Offshore Platform 1,,Electrical Panel,Worker used incorrect gloves for manual handling task. Supervisor corrected the action.,Worker used incorrect gloves for manual handling task. Supervisor corrected the action.,{},NO,Electrical,MEDIUM,stopped work,colleague intervened,replaced equipment,,True
9dee688d-f948-4c2d-a415-47fd2a585b19,Unsafe Act,,Refinery Sector 4,,Electrical Panel,Worker used incorrect gloves for manual handling task. Supervisor corrected the action.,Worker used incorrect gloves for manual handling task. Supervisor corrected the action.,{},NO,Manual Handling,LOW,,,cleaned up,,True
366b2ca9-8ba8-44be-9722-c288f80f9ed3,Unsafe Condition,,Refinery Sector 4,,Heat Exchanger,Trip hazard due to loose cables near Heat Exchanger. Cables were immediately organized.,Trip hazard due to loose cables near Heat Exchanger. Cables were immediately organized.,{},NO,Pressure,MEDIUM,,colleague intervened,replaced equipment,retrained staff,
8f2f8597-80fe-4eb8-a358-74a09b0e9f91,Unsafe Condition,,Unit A,,Pump,Worker used incorrect gloves for manual handling task. Supervisor corrected the action.,Worker used incorrect gloves for manual handling task. Supervisor corrected the action.,{},NO,Pressure,LOW,reported to supervisor,colleague intervened,,retrained staff,
46775031-7e49-4334-a91c-ef51198e7fe9,Unsafe Condition,,Offshore Platform 1,,Heat Exchanger,Trip hazard due to loose cables near Heat Exchanger. Cables were immediately organized.,Trip hazard due to loose cables near Heat Exchanger. Cables were immediately organized.,{},NO,Energy Isolation,LOW,reported to supervisor,,,retrained staff,
61e7179d-cd5c-4b08-aa63-ae6a94b53e1d,Unsafe Act,,Unit A,,Electrical Panel,Worker used incorrect gloves for manual handling task. Supervisor corrected the action.,Worker used incorrect gloves for manual handling task. Supervisor corrected the action.,{},NO,Slips/Trips,MEDIUM,stopped work,colleague intervened,cleaned up,updated procedures,
ad66aaeb-f127-4567-8fc9-113a579b78ee,Unsafe Act,,Offshore Platform 1,,Electrical Panel,Trip hazard due to loose cables near Electrical Panel. Cables were immediately organized.,Trip hazard due to loose cables near Electrical Panel. Cables were immediately organized.,{},NO,Manual Handling,MEDIUM,,,,,
54c7f98b-864d-4467-9869-43f4fb28b879,Unsafe Condition,,Unit B,,Pump,Small oil spill near Pump at Unit B. Cleaned up promptly.,Small oil spill near Pump at Unit B. Cleaned up promptly.,{},NO,Pressure,LOW,reported to supervisor,,cleaned up,retrained staff,False
212ffc17-cae8-4094-a98c-edfb6aa5fe10,Unsafe Act,,Unit B,,Compressor,Worker used incorrect gloves for manual handling task. Supervisor corrected the action.,Worker used incorrect gloves for manual handling task. Supervisor corrected the action.,{},NO,Manual Handling,MEDIUM,,,cleaned up,,
c2477935-da66-4451-afba-2eb5da86d8fb,Unsafe Condition,,Unit B,,Electrical Panel,Trip hazard due to loose cables near Electrical Panel. Cables were immediately organized.,Trip hazard due to loose cables near Electrical Panel. Cables were immediately organized.,{},NO,Electrical,LOW,reported to supervisor,supervisor intervened,,,True
dce2b33a-6b87-48bc-95aa-772497494c75,Unsafe Condition,,Unit B,,Compressor,Small oil spill near Compressor at Unit B. Cleaned up promptly.,Small oil spill near Compressor at Unit B. Cleaned up promptly.,{},NO,Working at Height,LOW,reported to supervisor,colleague intervened,cleaned up,updated procedures,False
d6304bd2-5fb6-4bc8-a9cc-215f5fb93dd5,Unsafe Act,,Offshore Platform 1,,Compressor,Small oil spill near Compressor at Offshore Platform 1. Cleaned up promptly.,Small oil spill near Compressor at Offshore Platform 1. Cleaned up promptly.,{},NO,Electrical,LOW,reported to supervisor,supervisor intervened,,,
abe2aac4-b97a-4dbd-992f-8e8df096aa3a,Unsafe Act,,Unit A,,Compressor,Trip hazard due to loose cables near Compressor. Cables were immediately organized.,Trip hazard due to loose cables near Compressor. Cables were immediately organized.,{},NO,Electrical,MEDIUM,stopped work,colleague intervened,cleaned up,,True
715f810f-214b-4492-bb9d-f6cb4decf5c2,Unsafe Act,,Unit B,,Electrical Panel,Worker observed not wearing safety glasses at Unit B.,Worker observed not wearing safety glasses at Unit B.,{},NO,Electrical,LOW,,colleague intervened,,,True
8eba37ce-86bc-42bc-b8c9-08e4712b1958,Unsafe Act,,Unit B,,Heat Exchanger,Trip hazard due to loose cables near Heat Exchanger. Cables were immediately organized.,Trip hazard due to loose cables near Heat Exchanger. Cables were immediately organized.,{},NO,Working at Height,MEDIUM,,supervisor intervened,replaced equipment,retrained staff,True
d92b1a05-eb96-453f-9057-e773975508d1,Unsafe Act,,Unit B,,Valve,Trip hazard due to loose cables near Valve. Cables were immediately organized.,Trip hazard due to loose cables near Valve. Cables were immediately organized.,{},NO,Pressure,LOW,stopped work,,replaced equipment,retrained staff,
b86b0e1d-70ca-4dd7-b7cd-90998509f0ab,Unsafe Act,,Unit A,,Valve,Worker observed not wearing safety glasses at Unit A.,Worker observed not wearing safety glasses at Unit A.,{},NO,Electrical,LOW,reported to supervisor,,,updated procedures,False
f120653b-e4e7-4495-915b-044c02d0c947,Unsafe Act,,Unit A,,Valve,Worker observed not wearing safety glasses at Unit A.,Worker observed not wearing safety glasses at Unit A.,{},NO,Electrical,LOW,reported to supervisor,,,updated procedures,False
8e6393d5-7862-4b75-ae2e-5fd421e69a19,Unsafe Condition,,Unit A,,Heat Exchanger,Worker used incorrect gloves for manual handling task. Supervisor corrected the action.,Worker used incorrect gloves for manual handling task. Supervisor corrected the action.,{},NO,Confined Space,LOW,reported to supervisor,,replaced equipment,retrained staff,
b7b36074-68a5-4229-917a-c3a6f26ce05d,Unsafe Condition,,Unit B,,Valve,Small oil spill near Valve at Unit B. Cleaned up promptly.,Small oil spill near Valve at Unit B. Cleaned up promptly.,{},NO,Working at Height,MEDIUM,reported to supervisor,colleague intervened,cleaned up,,False
4d43a803-8489-4d6f-bc60-f257aee39669,Unsafe Condition,,Refinery Sector 4,,Electrical Panel,Small oil spill near Electrical Panel at Refinery Sector 4. Cleaned up promptly.,Small oil spill near Electrical Panel at Refinery Sector 4. Cleaned up promptly.,{},NO,Pressure,MEDIUM,stopped work,supervisor intervened,,updated procedures,True
4400c96e-1efb-4d4e-b745-fa9d083ae797,Unsafe Act,,Unit B,,Valve,Worker observed not wearing safety glasses at Unit B.,Worker observed not wearing safety glasses at Unit B.,{},NO,Manual Handling,LOW,,,,updated procedures,
a618af24-0b0d-44a0-bdb3-d5a376a5d24f,Unsafe Condition,,Unit A,,Electrical Panel,Small oil spill near Electrical Panel at Unit A. Cleaned up promptly.,Small oil spill near Electrical Panel at Unit A. Cleaned up promptly.,{},NO,Energy Isolation,LOW,stopped work,,replaced equipment,updated procedures,True
cacdf030-16d9-40fc-b24f-3eed531bf00d,Unsafe Condition,,Refinery Sector 4,,Heat Exchanger,Small oil spill near Heat Exchanger at Refinery Sector 4. Cleaned up promptly.,Small oil spill near Heat Exchanger at Refinery Sector 4. Cleaned up promptly.,{},NO,Working at Height,MEDIUM,reported to supervisor,colleague intervened,,,True
3937ae61-26cd-4290-aee8-07326a21c4a5,Unsafe Act,,Offshore Platform 1,,Compressor,Worker used incorrect gloves for manual handling task. Supervisor corrected the action.,Worker used incorrect gloves for manual handling task. Supervisor corrected the action.,{},NO,Electrical,LOW,reported to supervisor,,,,False
ca1b5e74-d1be-4e2e-adb9-5faa43200640,Unsafe Condition,,Refinery Sector 4,,Electrical Panel,Worker observed not wearing safety glasses at Refinery Sector 4.,Worker observed not wearing safety glasses at Refinery Sector 4.,{},NO,Pressure,LOW,reported to supervisor,colleague intervened,,updated procedures,
e8bf3981-cb3c-4aa9-8e48-9100ae32c395,Unsafe Condition,,Unit A,,Compressor,Small oil spill near Compressor at Unit A. Cleaned up promptly.,Small oil spill near Compressor at Unit A. Cleaned up promptly.,{},NO,Working at Height,LOW,stopped work,colleague intervened,cleaned up,updated procedures,
19737d8e-11e0-4648-aa65-38d6dfe9d459,Unsafe Act,,Offshore Platform 1,,Compressor,Worker observed not wearing safety glasses at Offshore Platform 1.,Worker observed not wearing safety glasses at Offshore Platform 1.,{},NO,Confined Space,MEDIUM,stopped work,,,updated procedures,True
c9def446-3a90-446c-b3f5-a4165861a0b1,Unsafe Condition,,Offshore Platform 1,,Valve,Worker observed not wearing safety glasses at Offshore Platform 1.,Worker observed not wearing safety glasses at Offshore Platform 1.,{},NO,Working at Height,LOW,stopped work,supervisor intervened,replaced equipment,retrained staff,True
c97f1fcc-0fd0-478c-aac9-44d5d119dca5,Unsafe Act,,Unit A,,Heat Exchanger,Small oil spill near Heat Exchanger at Unit A. Cleaned up promptly.,Small oil spill near Heat Exchanger at Unit A. Cleaned up promptly.,{},NO,Working at Height,LOW,reported to supervisor,colleague intervened,cleaned up,,False
bbf56566-c67f-4cf8-b84c-581c3778c817,Unsafe Condition,,Unit B,,Valve,Trip hazard due to loose cables near Valve. Cables were immediately organized.,Trip hazard due to loose cables near Valve. Cables were immediately organized.,{},NO,Slips/Trips,LOW,reported to supervisor,,,retrained staff,False
e0e7678b-4b73-4fc6-8116-8b9fcb2499d5,Unsafe Condition,,Unit A,,Valve,Worker observed not wearing safety glasses at Unit A.,Worker observed not wearing safety glasses at Unit A.,{},NO,Slips/Trips,LOW,stopped work,supervisor intervened,replaced equipment,,
5dbf58ef-d319-4328-a32d-92ab8d70cb96,Unsafe Act,,Refinery Sector 4,,Electrical Panel,Small oil spill near Electrical Panel at Refinery Sector 4. Cleaned up promptly.,Small oil spill near Electrical Panel at Refinery Sector 4. Cleaned up promptly.,{},NO,Pressure,LOW,reported to supervisor,supervisor intervened,replaced equipment,,True
ac4c23e7-9f94-499c-9771-375f7a3f71fe,Unsafe Act,,Refinery Sector 4,,Electrical Panel,Small oil spill near Electrical Panel at Refinery Sector 4. Cleaned up promptly.,Small oil spill near Electrical Panel at Refinery Sector 4. Cleaned up promptly.,{},NO,Pressure,LOW,reported to supervisor,supervisor intervened,replaced equipment,,True
dc740113-2ded-4584-87a8-bbc2da456328,Unsafe Act,,Refinery Sector 4,,Electrical Panel,Trip hazard due to loose cables near Electrical Panel. Cables were immediately organized.,Trip hazard due to loose cables near Electrical Panel. Cables were immediately organized.,{},NO,Energy Isolation,LOW,reported to supervisor,colleague intervened,,,True
1fa20609-4626-48b6-ab69-d261a90e1df7,Unsafe Act,,Unit B,,Compressor,Small oil spill near Compressor at Unit B. Cleaned up promptly.,Small oil spill near Compressor at Unit B. Cleaned up promptly.,{},NO,Slips/Trips,LOW,reported to supervisor,,cleaned up,,False
3eb4c6c0-f9cd-4d93-bdab-1e1f49992d53,Unsafe Act,,Unit A,,Valve,Worker used incorrect gloves for manual handling task. Supervisor corrected the action.,Worker used incorrect gloves for manual handling task. Supervisor corrected the action.,{},NO,Working at Height,MEDIUM,reported to supervisor,supervisor intervened,replaced equipment,,True
d37a8d0f-3ac0-40cb-9741-1fc5f8e5b48d,Unsafe Act,,Refinery Sector 4,,Compressor,Worker used incorrect gloves for manual handling task. Supervisor corrected the action.,Worker used incorrect gloves for manual handling task. Supervisor corrected the action.,{},NO,Energy Isolation,MEDIUM,stopped work,supervisor intervened,cleaned up,updated procedures,
d415327c-73b0-4d63-aa98-5c83a45d750c,Unsafe Act,,Unit B,,Valve,Worker observed not wearing safety glasses at Unit B.,Worker observed not wearing safety glasses at Unit B.,{},NO,Energy Isolation,LOW,stopped work,supervisor intervened,,retrained staff,False
a922fe06-8ce6-4f6d-a53f-0071a734b38b,Unsafe Condition,,Unit A,,Pump,Worker used incorrect gloves for manual handling task. Supervisor corrected the action.,Worker used incorrect gloves for manual handling task. Supervisor corrected the action.,{},NO,Working at Height,LOW,,,cleaned up,retrained staff,False
f47da6de-d9de-4d4e-877d-15d7e66a78ea,Unsafe Condition,,Unit B,,Heat Exchanger,Trip hazard due to loose cables near Heat Exchanger. Cables were immediately organized.,Trip hazard due to loose cables near Heat Exchanger. Cables were immediately organized.,{},NO,Energy Isolation,MEDIUM,reported to supervisor,colleague intervened,,retrained staff,True
da89a5ba-37dd-49ae-a4bc-80ac2c81064a,Unsafe Condition,,Unit B,,Valve,Worker used incorrect gloves for manual handling task. Supervisor corrected the action.,Worker used incorrect gloves for manual handling task. Supervisor corrected the action.,{},NO,Slips/Trips,MEDIUM,reported to supervisor,supervisor intervened,,,True
f020618c-ca80-4de4-bd61-8baa7825b2ac,Unsafe Act,,Unit A,,Heat Exchanger,Small oil spill near Heat Exchanger at Unit A. Cleaned up promptly.,Small oil spill near Heat Exchanger at Unit A. Cleaned up promptly.,{},NO,Working at Height,MEDIUM,stopped work,colleague intervened,replaced equipment,updated procedures,True
f290bf52-5070-4f01-b544-580caa24d9b1,Unsafe Condition,,Refinery Sector 4,,Compressor,<div><p>Trip hazard due to loose cables near Compressor. Cables were immediately organized.</p></div>,Trip hazard due to loose cables near Compressor. Cables were immediately organized.,{},NO,Energy Isolation,LOW,,supervisor intervened,,updated procedures,False
b441ed67-b8e8-42ac-898b-4ffb3a7a585a,Unsafe Act,,Refinery Sector 4,,Electrical Panel,Small oil spill near Electrical Panel at Refinery Sector 4. Cleaned up promptly.,Small oil spill near Electrical Panel at Refinery Sector 4. Cleaned up promptly.,{},NO,Slips/Trips,MEDIUM,,colleague intervened,cleaned up,updated procedures,False
e7e2808f-4bff-44a6-bc51-55e340122fbd,Near Miss,,Refinery Sector 4,,Valve,"While working at Refinery Sector 4, worker was at height without fall protection. Serious risk of fatal fall.","While working at Refinery Sector 4, worker was at height without fall protection. Serious risk of fatal fall.",{},YES,Working at Height,CRITICAL,reported to supervisor,supervisor intervened,cleaned up,,True
337e8857-9cec-4115-b9e1-fc09be3e9e4e,Unsafe Condition,,Unit B,,Heat Exchanger,Small oil spill near Heat Exchanger at Unit B. Cleaned up promptly.,Small oil spill near Heat Exchanger at Unit B. Cleaned up promptly.,{},NO,Pressure,MEDIUM,reported to supervisor,colleague intervened,,updated procedures,
2932d7bc-3c64-41af-aca8-7894951dc90c,Unsafe Act,,Unit A,,Electrical Panel,Trip hazard due to loose cables near Electrical Panel. Cables were immediately organized.,Trip hazard due to loose cables near Electrical Panel. Cables were immediately organized.,{},NO,Energy Isolation,MEDIUM,reported to supervisor,,replaced equipment,,True
e035ebf0-562f-435b-b394-726bc9de88b8,Unsafe Condition,,Refinery Sector 4,,Heat Exchanger,Small oil spill near Heat Exchanger at Refinery Sector 4. Cleaned up promptly.,Small oil spill near Heat Exchanger at Refinery Sector 4. Cleaned up promptly.,{},NO,Working at Height,LOW,stopped work,colleague intervened,cleaned up,retrained staff,True
58eb0417-6f85-4e40-822e-f4e6900295c9,Unsafe Act,,Unit B,,Compressor,Trip hazard due to loose cables near Compressor. Cables were immediately organized.,Trip hazard due to loose cables near Compressor. Cables were immediately organized.,{},NO,Confined Space,MEDIUM,reported to supervisor,,,,True
6ac4f543-2f46-4891-a052-c578cffe4391,Unsafe Act,,Unit B,,Heat Exchanger,Worker observed not wearing safety glasses at Unit B.,Worker observed not wearing safety glasses at Unit B.,{},NO,Pressure,MEDIUM,reported to supervisor,colleague intervened,cleaned up,retrained staff,
b8c7b0d0-7805-450f-a416-f7322c219a94,Unsafe Act,,Unit A,,Valve,Worker used incorrect gloves for manual handling task. Supervisor corrected the action.,Worker used incorrect gloves for manual handling task. Supervisor corrected the action.,{},NO,Electrical,MEDIUM,reported to supervisor,supervisor intervened,cleaned up,updated procedures,True
423ac91e-31e6-4b8e-87c2-59f387cf9351,Unsafe Condition,,Offshore Platform 1,,Pump,Small oil spill near Pump at Offshore Platform 1. Cleaned up promptly.,Small oil spill near Pump at Offshore Platform 1. Cleaned up promptly.,{},NO,Energy Isolation,LOW,stopped work,supervisor intervened,,,True
7124ae16-c2cc-4c92-986d-e250fcecb8c4,Unsafe Act,,Unit A,,Heat Exchanger,Worker observed not wearing safety glasses at Unit A.,Worker observed not wearing safety glasses at Unit A.,{},NO,Electrical,LOW,,supervisor intervened,replaced equipment,updated procedures,False
ae38f052-596c-425c-9bc6-7f36cc7287df,Unsafe Condition,,Unit A,,Heat Exchanger,Trip hazard due to loose cables near Heat Exchanger. Cables were immediately organized.,Trip hazard due to loose cables near Heat Exchanger. Cables were immediately organized.,{},NO,Slips/Trips,MEDIUM,,,replaced equipment,updated procedures,False
62cc833d-24c2-4412-bcf9-4d03d44a1866,Unsafe Act,,Refinery Sector 4,,Electrical Panel,Worker observed not wearing safety glasses at Refinery Sector 4.,Worker observed not wearing safety glasses at Refinery Sector 4.,{},NO,Working at Height,MEDIUM,,supervisor intervened,,,True
6b5ea555-ade8-4f90-a467-c800080464c1,Unsafe Condition,,Unit B,,Compressor,Small oil spill near Compressor at Unit B. Cleaned up promptly.,Small oil spill near Compressor at Unit B. Cleaned up promptly.,{},NO,Confined Space,LOW,reported to supervisor,,,retrained staff,
de577eb5-dd7a-4c2f-afe8-6da1a775d197,Unsafe Condition,,Unit B,,Pump,Worker observed not wearing safety glasses at Unit B.,Worker observed not wearing safety glasses at Unit B.,{},NO,Pressure,MEDIUM,reported to supervisor,,,retrained staff,False
c484d2ee-1d8c-4224-b6f8-92a614926085,Unsafe Condition,,Unit B,,Heat Exchanger,Small oil spill near Heat Exchanger at Unit B. Cleaned up promptly.,Small oil spill near Heat Exchanger at Unit B. Cleaned up promptly.,{},NO,Manual Handling,MEDIUM,stopped work,,replaced equipment,,True
f7558595-4a89-4767-b33a-c68722a6a550,Unsafe Condition,,Unit A,,Valve,Small oil spill near Valve at Unit A. Cleaned up promptly.,Small oil spill near Valve at Unit A. Cleaned up promptly.,{},NO,Slips/Trips,LOW,reported to supervisor,,,updated procedures,
47dca372-9f32-49d4-bc70-17a319f5663b,Unsafe Condition,,Unit A,,Pump,Worker used incorrect gloves for manual handling task. Supervisor corrected the action.,Worker used incorrect gloves for manual handling task. Supervisor corrected the action.,{},NO,Pressure,LOW,,supervisor intervened,replaced equipment,retrained staff,
04c2c9ad-a496-480b-af08-4be737d38c0c,Unsafe Condition,,Unit A,,Compressor,Worker observed not wearing safety glasses at Unit A.,Worker observed not wearing safety glasses at Unit A.,{},NO,Pressure,MEDIUM,,supervisor intervened,,,True
2e1dbaf8-57a1-4611-a084-5612615a53ac,Unsafe Act,,Unit A,,Electrical Panel,Worker used incorrect gloves for manual handling task. Supervisor corrected the action.,Worker used incorrect gloves for manual handling task. Supervisor corrected the action.,{},NO,Working at Height,MEDIUM,stopped work,supervisor intervened,cleaned up,,False
dda37a80-4d6a-4fb7-98a2-bbb02328e85a,Unsafe Condition,,Unit A,,Valve,Trip hazard due to loose cables near Valve. Cables were immediately organized.,Trip hazard due to loose cables near Valve. Cables were immediately organized.,{},NO,Slips/Trips,MEDIUM,reported to supervisor,colleague intervened,replaced equipment,,
d306b023-dd6b-4053-9e77-0220868cb974,Unsafe Condition,,Refinery Sector 4,,Heat Exchanger,Worker used incorrect gloves for manual handling task. Supervisor corrected the action.,Worker used incorrect gloves for manual handling task. Supervisor corrected the action.,{},NO,Slips/Trips,LOW,stopped work,supervisor intervened,replaced equipment,,True
ce1fce25-68d8-4540-8e04-4bb5b55526cc,Unsafe Act,,Unit A,,Heat Exchanger,Small oil spill near Heat Exchanger at Unit A. Cleaned up promptly.,Small oil spill near Heat Exchanger at Unit A. Cleaned up promptly.,{},NO,Confined Space,LOW,reported to supervisor,,cleaned up,updated procedures,True
527ba4d4-68b5-4709-a73e-db9acef22802,Unsafe Condition,,Offshore Platform 1,,Compressor,Trip hazard due to loose cables near Compressor. Cables were immediately organized.,Trip hazard due to loose cables near Compressor. Cables were immediately organized.,{},NO,Working at Height,LOW,,supervisor intervened,,updated procedures,False
36ddd8b6-bde3-4118-a3dd-27260fd0af35,Unsafe Act,,Refinery Sector 4,,Heat Exchanger,Worker used incorrect gloves for manual handling task. Supervisor corrected the action.,Worker used incorrect gloves for manual handling task. Supervisor corrected the action.,{},NO,Manual Handling,MEDIUM,,colleague intervened,,,False
a140a778-da08-4a36-b1b9-c6945a2d4b1f,Unsafe Act,,Unit B,,Compressor,Small oil spill near Compressor at Unit B. Cleaned up promptly.,Small oil spill near Compressor at Unit B. Cleaned up promptly.,{},NO,Pressure,MEDIUM,stopped work,,cleaned up,,True
3e804554-43ea-4d2c-9d92-e12c5eb96c19,Unsafe Act,,Offshore Platform 1,,Valve,Trip hazard due to loose cables near Valve. Cables were immediately organized.,Trip hazard due to loose cables near Valve. Cables were immediately organized.,{},NO,Confined Space,MEDIUM,reported to supervisor,supervisor intervened,,,True
596d7d28-b64e-42bf-8f36-af8b50e9568c,Unsafe Act,,Unit B,,Compressor,Trip hazard due to loose cables near Compressor. Cables were immediately organized.,Trip hazard due to loose cables near Compressor. Cables were immediately organized.,{},NO,Pressure,MEDIUM,reported to supervisor,,replaced equipment,retrained staff,
637099eb-9df9-4110-80ab-5b5e298e79f9,Unsafe Condition,,Unit B,,Valve,Small oil spill near Valve at Unit B. Cleaned up promptly.,Small oil spill near Valve at Unit B. Cleaned up promptly.,{},NO,Working at Height,LOW,,,cleaned up,retrained staff,False
cbcd050e-41dd-471c-8186-1fa986eb9fb3,Unsafe Act,,Offshore Platform 1,,Pump,Trip hazard due to loose cables near Pump. Cables were immediately organized.,Trip hazard due to loose cables near Pump. Cables were immediately organized.,{},NO,Working at Height,MEDIUM,stopped work,supervisor intervened,,,True
14d3aabd-3b61-47e1-b717-0126cec58355,Unsafe Act,,Offshore Platform 1,,Electrical Panel,Trip hazard due to loose cables near Electrical Panel. Cables were immediately organized.,Trip hazard due to loose cables near Electrical Panel. Cables were immediately organized.,{},NO,Working at Height,MEDIUM,stopped work,colleague intervened,cleaned up,retrained staff,True
571fa586-c16e-43c4-a436-8abe71edab2e,Unsafe Condition,,Unit B,,Valve,Worker used incorrect gloves for manual handling task. Supervisor corrected the action.,Worker used incorrect gloves for manual handling task. Supervisor corrected the action.,{},NO,Confined Space,LOW,,colleague intervened,,,
662f6565-c4f8-4246-8b76-b4ba092c355b,Unsafe Condition,,Unit B,,Valve,Worker used incorrect gloves for manual handling task. Supervisor corrected the action.,Worker used incorrect gloves for manual handling task. Supervisor corrected the action.,{},NO,Confined Space,LOW,,colleague intervened,,,
8a987395-3ea6-46eb-a90f-f067d77a795f,Unsafe Condition,,Offshore Platform 1,,Heat Exchanger,Trip hazard due to loose cables near Heat Exchanger. Cables were immediately organized.,Trip hazard due to loose cables near Heat Exchanger. Cables were immediately organized.,{},NO,Pressure,MEDIUM,reported to supervisor,supervisor intervened,cleaned up,updated procedures,False
758e6f6c-77be-44ee-b6cc-775d2931624f,Unsafe Act,,Offshore Platform 1,,Heat Exchanger,<div><p>Worker used incorrect gloves for manual handling task. Supervisor corrected the action.</p></div>,Worker used incorrect gloves for manual handling task. Supervisor corrected the action.,{},NO,Pressure,MEDIUM,reported to supervisor,colleague intervened,cleaned up,updated procedures,True
daa9e2e8-fdbb-45b3-8caf-9d570a3bf2d8,Unsafe Act,,Unit A,,Compressor,Worker entered the confined space at Unit A without conducting a gas test. No standby person was present.,Worker entered the confined space at Unit A without conducting a gas test. No standby person was present.,{},YES,Working at Height,CRITICAL,stopped work,supervisor intervened,replaced equipment,retrained staff,False
93753ad4-9fd1-4e7b-8830-9787c833bcb3,Unsafe Act,,Offshore Platform 1,,Valve,Small oil spill near Valve at Offshore Platform 1. Cleaned up promptly.,Small oil spill near Valve at Offshore Platform 1. Cleaned up promptly.,{},NO,Slips/Trips,MEDIUM,reported to supervisor,supervisor intervened,,,
b7453d52-9a15-4757-9f57-146b56d71b76,Unsafe Act,,Offshore Platform 1,,Heat Exchanger,Worker used incorrect gloves for manual handling task. Supervisor corrected the action.,Worker used incorrect gloves for manual handling task. Supervisor corrected the action.,{},NO,Pressure,MEDIUM,,,replaced equipment,,True
d531c206-1288-4923-8bb0-4822a0827926,Unsafe Act,,Offshore Platform 1,,Heat Exchanger,Worker used incorrect gloves for manual handling task. Supervisor corrected the action.,Worker used incorrect gloves for manual handling task. Supervisor corrected the action.,{},NO,Pressure,MEDIUM,,,replaced equipment,,True
a50f7c01-97a8-428e-be66-b2d76a37a120,Unsafe Act,,Offshore Platform 1,,Valve,Worker observed not wearing safety glasses at Offshore Platform 1.,Worker observed not wearing safety glasses at Offshore Platform 1.,{},NO,Energy Isolation,LOW,reported to supervisor,supervisor intervened,cleaned up,retrained staff,True
5d5e9c30-bad8-4902-a417-d1c48e411c9a,Unsafe Act,,Refinery Sector 4,,Heat Exchanger,Trip hazard due to loose cables near Heat Exchanger. Cables were immediately organized.,Trip hazard due to loose cables near Heat Exchanger. Cables were immediately organized.,{},NO,Slips/Trips,MEDIUM,reported to supervisor,colleague intervened,,retrained staff,
5bcff17d-a302-4e92-ab15-8fd0e10e9b6e,Unsafe Act,,Offshore Platform 1,,Valve,Small oil spill near Valve at Offshore Platform 1. Cleaned up promptly.,Small oil spill near Valve at Offshore Platform 1. Cleaned up promptly.,{},NO,Energy Isolation,LOW,,colleague intervened,,retrained staff,True
670b3f60-9a85-47b0-a85a-4e061f930e47,Unsafe Act,,Offshore Platform 1,,Electrical Panel,Small oil spill near Electrical Panel at Offshore Platform 1. Cleaned up promptly.,Small oil spill near Electrical Panel at Offshore Platform 1. Cleaned up promptly.,{},NO,Confined Space,LOW,reported to supervisor,colleague intervened,cleaned up,retrained staff,
337c68b3-9338-4cb9-b87d-802c1f014a38,Unsafe Act,,Refinery Sector 4,,Compressor,Worker used incorrect gloves for manual handling task. Supervisor corrected the action.,Worker used incorrect gloves for manual handling task. Supervisor corrected the action.,{},NO,Pressure,LOW,stopped work,,cleaned up,,True
9b97db3a-1720-46ea-ab79-011d05f97ffe,Unsafe Act,,Unit B,,Compressor,Small oil spill near Compressor at Unit B. Cleaned up promptly.,Small oil spill near Compressor at Unit B. Cleaned up promptly.,{},NO,Manual Handling,MEDIUM,reported to supervisor,supervisor intervened,,updated procedures,
a1b3d7f8-d384-46d4-82df-24fef7c59ecb,Unsafe Act,,Unit B,,Compressor,Small oil spill near Compressor at Unit B. Cleaned up promptly.,Small oil spill near Compressor at Unit B. Cleaned up promptly.,{},NO,Manual Handling,MEDIUM,reported to supervisor,supervisor intervened,,updated procedures,
d4d3cbd9-68c9-4323-a7db-bc47007cf57a,Unsafe Act,,Refinery Sector 4,,Heat Exchanger,Small oil spill near Heat Exchanger at Refinery Sector 4. Cleaned up promptly.,Small oil spill near Heat Exchanger at Refinery Sector 4. Cleaned up promptly.,{},NO,Confined Space,LOW,stopped work,colleague intervened,cleaned up,retrained staff,True
75ec9e3d-fc2f-4ced-af23-376be10235e6,Unsafe Condition,,Unit B,,Heat Exchanger,Worker observed not wearing safety glasses at Unit B.,Worker observed not wearing safety glasses at Unit B.,{},NO,Working at Height,LOW,stopped work,supervisor intervened,cleaned up,updated procedures,False
c4ff9b3a-ca5f-4265-a9e7-b4bfec7470f7,Unsafe Condition,,Offshore Platform 1,,Valve,Worker observed not wearing safety glasses at Offshore Platform 1.,Worker observed not wearing safety glasses at Offshore Platform 1.,{},NO,Pressure,LOW,,,replaced equipment,retrained staff,True
b1291d0b-c3f3-4818-a435-e379575f3850,Unsafe Condition,,Offshore Platform 1,,Valve,Worker observed not wearing safety glasses at Offshore Platform 1.,Worker observed not wearing safety glasses at Offshore Platform 1.,{},NO,Pressure,LOW,,,replaced equipment,retrained staff,True
67776881-0c18-45cf-be91-3bca2e5f7364,Unsafe Act,,Offshore Platform 1,,Pump,Small oil spill near Pump at Offshore Platform 1. Cleaned up promptly.,Small oil spill near Pump at Offshore Platform 1. Cleaned up promptly.,{},NO,Energy Isolation,MEDIUM,reported to supervisor,,,updated procedures,True
2b72025c-d685-4530-93ba-a2601b5aa34c,Unsafe Act,,Unit A,,Valve,Trip hazard due to loose cables near Valve. Cables were immediately organized.,Trip hazard due to loose cables near Valve. Cables were immediately organized.,{},NO,Electrical,MEDIUM,reported to supervisor,colleague intervened,,updated procedures,True
c019e4c3-c390-413f-b5c7-4d64471f1605,Unsafe Act,,Unit A,,Electrical Panel,Trip hazard due to loose cables near Electrical Panel. Cables were immediately organized.,Trip hazard due to loose cables near Electrical Panel. Cables were immediately organized.,{},NO,Slips/Trips,MEDIUM,reported to supervisor,colleague intervened,replaced equipment,,False
40d73bc5-8967-4fcf-8c1f-90cd852bc755,Unsafe Act,,Unit A,,Valve,Small oil spill near Valve at Unit A. Cleaned up promptly.,Small oil spill near Valve at Unit A. Cleaned up promptly.,{},NO,Confined Space,LOW,,,cleaned up,retrained staff,True
ddb66fe8-646e-4d33-9154-a2cc784a35ba,Unsafe Condition,,Refinery Sector 4,,Electrical Panel,Worker observed not wearing safety glasses at Refinery Sector 4.,Worker observed not wearing safety glasses at Refinery Sector 4.,{},NO,Pressure,LOW,,colleague intervened,,updated procedures,
b589e485-7b2a-42bd-8de2-463dca9f4ef1,Unsafe Condition,,Refinery Sector 4,,Valve,Small oil spill near Valve at Refinery Sector 4. Cleaned up promptly.,Small oil spill near Valve at Refinery Sector 4. Cleaned up promptly.,{},NO,Slips/Trips,LOW,stopped work,supervisor intervened,cleaned up,updated procedures,False
24bc0d9f-1b66-4b78-80fc-4ea01078f3cb,Unsafe Condition,,Refinery Sector 4,,Pump,Worker observed not wearing safety glasses at Refinery Sector 4.,Worker observed not wearing safety glasses at Refinery Sector 4.,{},NO,Electrical,LOW,stopped work,,,updated procedures,True
80c108f1-a93b-484d-ae30-487c39d925c2,Unsafe Act,,Offshore Platform 1,,Valve,,,{},NO,Electrical,LOW,reported to supervisor,,cleaned up,updated procedures,
dcbc5964-ec04-4a46-b773-4e3c04a20956,Unsafe Condition,,Offshore Platform 1,,Heat Exchanger,Worker observed not wearing safety glasses at Offshore Platform 1.,Worker observed not wearing safety glasses at Offshore Platform 1.,{},NO,Working at Height,MEDIUM,,,replaced equipment,retrained staff,True
2bc5225f-e68d-4efc-9026-9a9fc4626363,Unsafe Act,,Offshore Platform 1,,Electrical Panel,Trip hazard due to loose cables near Electrical Panel. Cables were immediately organized.,Trip hazard due to loose cables near Electrical Panel. Cables were immediately organized.,{},NO,Electrical,LOW,,,cleaned up,retrained staff,False
dfbb03e7-7565-49a6-90f8-1e322d996ac6,Unsafe Act,,Refinery Sector 4,,Valve,Worker observed not wearing safety glasses at Refinery Sector 4.,Worker observed not wearing safety glasses at Refinery Sector 4.,{},NO,Manual Handling,LOW,,,replaced equipment,,False
277a1fd6-a6f7-413d-b64b-50ff1dc9fadb,Unsafe Act,,Refinery Sector 4,,Heat Exchanger,Trip hazard due to loose cables near Heat Exchanger. Cables were immediately organized.,Trip hazard due to loose cables near Heat Exchanger. Cables were immediately organized.,{},NO,Slips/Trips,LOW,stopped work,colleague intervened,,updated procedures,True
1633db14-7517-49c2-8b23-e26e0e1202cb,Unsafe Condition,,Offshore Platform 1,,Compressor,Trip hazard due to loose cables near Compressor. Cables were immediately organized.,Trip hazard due to loose cables near Compressor. Cables were immediately organized.,{},NO,Slips/Trips,LOW,stopped work,,cleaned up,,True
b55e52f9-3fd9-4bda-aeb5-1a8242b9aae1,Unsafe Act,,Unit A,,Electrical Panel,Worker observed not wearing safety glasses at Unit A.,Worker observed not wearing safety glasses at Unit A.,{},NO,Energy Isolation,MEDIUM,stopped work,,cleaned up,updated procedures,
e47e5349-1e67-472c-b364-6b2761bcc57c,Unsafe Condition,,Offshore Platform 1,,Heat Exchanger,Worker used incorrect gloves for manual handling task. Supervisor corrected the action.,Worker used incorrect gloves for manual handling task. Supervisor corrected the action.,{},NO,Energy Isolation,MEDIUM,reported to supervisor,supervisor intervened,cleaned up,retrained staff,False
aaa0024b-e09a-400e-b1c0-30f3089236bd,Unsafe Act,,Refinery Sector 4,,Heat Exchanger,Worker used incorrect gloves for manual handling task. Supervisor corrected the action.,Worker used incorrect gloves for manual handling task. Supervisor corrected the action.,{},NO,Electrical,MEDIUM,reported to supervisor,colleague intervened,cleaned up,retrained staff,False
73e776d8-d159-4bc6-a4ca-03f989ccb6f8,Unsafe Act,,Unit A,,Pump,Small oil spill near Pump at Unit A. Cleaned up promptly.,Small oil spill near Pump at Unit A. Cleaned up promptly.,{},NO,Electrical,LOW,,,replaced equipment,,False
b05d8187-905e-442a-87cc-b2c41516d945,Unsafe Condition,,Unit A,,Valve,Worker observed not wearing safety glasses at Unit A.,Worker observed not wearing safety glasses at Unit A.,{},NO,Pressure,LOW,,,,retrained staff,
4491efd4-69eb-4a14-a282-17a244e007e6,Unsafe Act,,Refinery Sector 4,,Pump,Worker observed not wearing safety glasses at Refinery Sector 4.,Worker observed not wearing safety glasses at Refinery Sector 4.,{},NO,Slips/Trips,LOW,stopped work,colleague intervened,,,False
7b37f024-5969-490e-911d-1118bbd7b4c7,Unsafe Condition,,Unit A,,Valve,<div><p>Worker observed not wearing safety glasses at Unit A.</p></div>,Worker observed not wearing safety glasses at Unit A.,{},NO,Working at Height,LOW,reported to supervisor,colleague intervened,cleaned up,retrained staff,
603b3259-5d8c-4431-a0c0-14a6b9dc00f2,Unsafe Condition,,Unit B,,Compressor,Trip hazard due to loose cables near Compressor. Cables were immediately organized.,Trip hazard due to loose cables near Compressor. Cables were immediately organized.,{},NO,Manual Handling,LOW,stopped work,supervisor intervened,,retrained staff,False
24ec445a-afd5-464e-baf1-5a8f5b1d8846,Unsafe Condition,,Unit B,,Compressor,Trip hazard due to loose cables near Compressor. Cables were immediately organized.,Trip hazard due to loose cables near Compressor. Cables were immediately organized.,{},NO,Manual Handling,LOW,stopped work,supervisor intervened,,retrained staff,False
a0bff978-cade-4ae1-b24e-67fae6c7ffe7,Unsafe Condition,,Refinery Sector 4,,Compressor,Worker observed not wearing safety glasses at Refinery Sector 4.,Worker observed not wearing safety glasses at Refinery Sector 4.,{},NO,Energy Isolation,MEDIUM,stopped work,,replaced equipment,retrained staff,False
4f97f758-dd08-4f02-ab7d-3ed64234befa,Unsafe Condition,,Offshore Platform 1,,Compressor,Trip hazard due to loose cables near Compressor. Cables were immediately organized.,Trip hazard due to loose cables near Compressor. Cables were immediately organized.,{},NO,Working at Height,LOW,reported to supervisor,colleague intervened,,,False
ed4b9e2a-033f-48a8-bc1c-18cc9ab66a8e,Unsafe Condition,,Unit A,,Electrical Panel,Trip hazard due to loose cables near Electrical Panel. Cables were immediately organized.,Trip hazard due to loose cables near Electrical Panel. Cables were immediately organized.,{},NO,Slips/Trips,LOW,reported to supervisor,colleague intervened,cleaned up,retrained staff,False
9896d17c-25d1-45a0-ae53-08fd1069c33d,Unsafe Act,,Refinery Sector 4,,Pump,Trip hazard due to loose cables near Pump. Cables were immediately organized.,Trip hazard due to loose cables near Pump. Cables were immediately organized.,{},NO,Manual Handling,LOW,,supervisor intervened,cleaned up,,True
6266443e-50f5-4d75-bfe2-f86a1542c3c4,Unsafe Condition,,Unit B,,Pump,Worker observed not wearing safety glasses at Unit B.,Worker observed not wearing safety glasses at Unit B.,{},NO,Manual Handling,MEDIUM,reported to supervisor,colleague intervened,cleaned up,,
1db41ce2-748e-4d8b-9238-d5e25421e5b0,Unsafe Act,,Unit B,,Electrical Panel,Trip hazard due to loose cables near Electrical Panel. Cables were immediately organized.,Trip hazard due to loose cables near Electrical Panel. Cables were immediately organized.,{},NO,Confined Space,MEDIUM,,supervisor intervened,cleaned up,,False
58125e93-b05a-4f12-82e8-6dd98c3d2cc0,Unsafe Act,,Unit A,,Electrical Panel,Small oil spill near Electrical Panel at Unit A. Cleaned up promptly.,Small oil spill near Electrical Panel at Unit A. Cleaned up promptly.,{},NO,Energy Isolation,LOW,reported to supervisor,colleague intervened,replaced equipment,updated procedures,False
ba14c6e3-90bf-479a-828c-25fe9bbf10e3,Unsafe Act,,Offshore Platform 1,,Electrical Panel,Small oil spill near Electrical Panel at Offshore Platform 1. Cleaned up promptly.,Small oil spill near Electrical Panel at Offshore Platform 1. Cleaned up promptly.,{},NO,Slips/Trips,LOW,,,replaced equipment,,True
8f7b2a39-827e-4290-9a5c-752f4bba99d2,Unsafe Act,,Refinery Sector 4,,Valve,Worker observed not wearing safety glasses at Refinery Sector 4.,Worker observed not wearing safety glasses at Refinery Sector 4.,{},NO,Confined Space,MEDIUM,reported to supervisor,supervisor intervened,replaced equipment,retrained staff,False
ee1499cd-4fda-44f8-a3f2-93866b568a49,Unsafe Condition,,Unit B,,Electrical Panel,Worker observed not wearing safety glasses at Unit B.,Worker observed not wearing safety glasses at Unit B.,{},NO,Energy Isolation,LOW,stopped work,supervisor intervened,cleaned up,retrained staff,True
dd396721-613d-46e8-bb13-69c958a8b1f3,Unsafe Act,,Offshore Platform 1,,Pump,Trip hazard due to loose cables near Pump. Cables were immediately organized.,Trip hazard due to loose cables near Pump. Cables were immediately organized.,{},NO,Confined Space,LOW,stopped work,colleague intervened,replaced equipment,,
df8edfc5-c5f7-46a1-8c59-1d630cad9289,Unsafe Condition,,Unit B,,Heat Exchanger,Worker used incorrect gloves for manual handling task. Supervisor corrected the action.,Worker used incorrect gloves for manual handling task. Supervisor corrected the action.,{},NO,Working at Height,LOW,stopped work,supervisor intervened,cleaned up,,False
4f19a6c4-2ca3-4112-a58d-37bdacffa046,Unsafe Act,,Unit A,,Electrical Panel,Small oil spill near Electrical Panel at Unit A. Cleaned up promptly.,Small oil spill near Electrical Panel at Unit A. Cleaned up promptly.,{},NO,Electrical,MEDIUM,reported to supervisor,supervisor intervened,,retrained staff,True
2dcdddc1-f829-4bac-b1ff-427bf378d43d,Unsafe Condition,,Refinery Sector 4,,Heat Exchanger,Trip hazard due to loose cables near Heat Exchanger. Cables were immediately organized.,Trip hazard due to loose cables near Heat Exchanger. Cables were immediately organized.,{},NO,Energy Isolation,MEDIUM,stopped work,,,,False
c2001393-2ce3-42e2-8a86-04ea1a826d8b,Unsafe Act,,Unit A,,Compressor,Worker used incorrect gloves for manual handling task. Supervisor corrected the action.,Worker used incorrect gloves for manual handling task. Supervisor corrected the action.,{},NO,Confined Space,LOW,,colleague intervened,replaced equipment,updated procedures,
65109273-73fd-4747-b849-67355bd0ba92,Unsafe Act,,Refinery Sector 4,,Valve,Trip hazard due to loose cables near Valve. Cables were immediately organized.,Trip hazard due to loose cables near Valve. Cables were immediately organized.,{},NO,Electrical,MEDIUM,reported to supervisor,supervisor intervened,cleaned up,updated procedures,
3be0f774-87b7-41b2-a9e0-d4dd1ec25d04,Unsafe Act,,Unit B,,Heat Exchanger,Worker observed not wearing safety glasses at Unit B.,Worker observed not wearing safety glasses at Unit B.,{},NO,Manual Handling,MEDIUM,,colleague intervened,replaced equipment,retrained staff,False
5cf6e72f-8a5b-4374-8d85-c48efd396020,Unsafe Condition,,Refinery Sector 4,,Pump,Worker used incorrect gloves for manual handling task. Supervisor corrected the action.,Worker used incorrect gloves for manual handling task. Supervisor corrected the action.,{},NO,Manual Handling,MEDIUM,,supervisor intervened,replaced equipment,retrained staff,True
b4a63c1e-88c4-4e11-b2bc-d1b56db890a8,Unsafe Condition,,Unit B,,Electrical Panel,,,{},NO,Slips/Trips,MEDIUM,reported to supervisor,supervisor intervened,,updated procedures,False
2d7138d8-0746-44b5-a908-a9c5ffbfa3ce,Unsafe Condition,,Unit A,,Compressor,Worker observed not wearing safety glasses at Unit A.,Worker observed not wearing safety glasses at Unit A.,{},NO,Pressure,MEDIUM,reported to supervisor,colleague intervened,cleaned up,retrained staff,
f45733fa-4d48-4a7a-a157-0ba2d8c64b08,Unsafe Act,,Unit A,,Electrical Panel,Worker used incorrect gloves for manual handling task. Supervisor corrected the action.,Worker used incorrect gloves for manual handling task. Supervisor corrected the action.,{},NO,Pressure,MEDIUM,stopped work,,cleaned up,,
d6581d2a-49c4-464e-95de-185d9f5370fe,Unsafe Condition,,Offshore Platform 1,,Valve,Worker observed not wearing safety glasses at Offshore Platform 1.,Worker observed not wearing safety glasses at Offshore Platform 1.,{},NO,Slips/Trips,LOW,stopped work,,,retrained staff,False
ba7e8ede-9f86-40b8-8eea-22197e1ffb19,Unsafe Condition,,Unit A,,Electrical Panel,Small oil spill near Electrical Panel at Unit A. Cleaned up promptly.,Small oil spill near Electrical Panel at Unit A. Cleaned up promptly.,{},NO,Slips/Trips,MEDIUM,,colleague intervened,replaced equipment,retrained staff,
15979a78-038e-4a8b-828f-1924a473b45e,Unsafe Condition,,Unit B,,Compressor,Worker used incorrect gloves for manual handling task. Supervisor corrected the action.,Worker used incorrect gloves for manual handling task. Supervisor corrected the action.,{},NO,Electrical,MEDIUM,stopped work,supervisor intervened,replaced equipment,retrained staff,False
6042d5ae-245b-4086-a63f-00cbae48c091,Unsafe Act,,Unit A,,Compressor,Worker used incorrect gloves for manual handling task. Supervisor corrected the action.,Worker used incorrect gloves for manual handling task. Supervisor corrected the action.,{},NO,Confined Space,MEDIUM,reported to supervisor,supervisor intervened,replaced equipment,,False
3a4e9dd8-7f78-4952-984a-7d198a152529,Unsafe Act,,Unit A,,Compressor,Trip hazard due to loose cables near Compressor. Cables were immediately organized.,Trip hazard due to loose cables near Compressor. Cables were immediately organized.,{},NO,Energy Isolation,LOW,stopped work,supervisor intervened,replaced equipment,updated procedures,
49cd4fbc-921c-42cd-ba3e-3a25e4544eee,Unsafe Condition,,Refinery Sector 4,,Valve,Trip hazard due to loose cables near Valve. Cables were immediately organized.,Trip hazard due to loose cables near Valve. Cables were immediately organized.,{},NO,Pressure,LOW,,colleague intervened,replaced equipment,retrained staff,False
d470711f-0536-4c4f-8819-5cffdb648f20,Unsafe Act,,Offshore Platform 1,,Compressor,Trip hazard due to loose cables near Compressor. Cables were immediately organized.,Trip hazard due to loose cables near Compressor. Cables were immediately organized.,{},NO,Energy Isolation,LOW,stopped work,colleague intervened,replaced equipment,updated procedures,True
c0b9a45f-f6bd-46c4-8a7a-d4eee5b1a97d,Unsafe Condition,,Refinery Sector 4,,Heat Exchanger,Worker observed not wearing safety glasses at Refinery Sector 4.,Worker observed not wearing safety glasses at Refinery Sector 4.,{},NO,Energy Isolation,LOW,,,,retrained staff,
fd64a6b8-bce0-4511-876c-8e6fa056c7bb,Unsafe Condition,,Unit A,,Compressor,Small oil spill near Compressor at Unit A. Cleaned up promptly.,Small oil spill near Compressor at Unit A. Cleaned up promptly.,{},NO,Confined Space,MEDIUM,stopped work,supervisor intervened,,,True
4cd05e02-d18b-433d-9b3a-efc84ea5c226,Unsafe Act,,Unit A,,Heat Exchanger,Trip hazard due to loose cables near Heat Exchanger. Cables were immediately organized.,Trip hazard due to loose cables near Heat Exchanger. Cables were immediately organized.,{},NO,Electrical,MEDIUM,reported to supervisor,colleague intervened,replaced equipment,,True
ce390cc6-16a6-4eb7-9b30-fe4357e364d2,Near Miss,,Offshore Platform 1,,Valve,"While working at Offshore Platform 1, worker was at height without fall protection. Serious risk of fatal fall.","While working at Offshore Platform 1, worker was at height without fall protection. Serious risk of fatal fall.",{},YES,Confined Space,HIGH,reported to supervisor,supervisor intervened,cleaned up,updated procedures,
e5eac386-dc9a-44f9-9d98-aa50b911df5d,Unsafe Condition,,Unit B,,Compressor,Worker used incorrect gloves for manual handling task. Supervisor corrected the action.,Worker used incorrect gloves for manual handling task. Supervisor corrected the action.,{},NO,Confined Space,LOW,stopped work,colleague intervened,,retrained staff,True
fab6038b-e3e5-4a91-9deb-d21dcf6309b3,Unsafe Condition,,Offshore Platform 1,,Heat Exchanger,Small oil spill near Heat Exchanger at Offshore Platform 1. Cleaned up promptly.,Small oil spill near Heat Exchanger at Offshore Platform 1. Cleaned up promptly.,{},NO,Confined Space,LOW,stopped work,colleague intervened,replaced equipment,retrained staff,
2741d414-0f18-469a-9725-e5ee1b5e0e33,Unsafe Condition,,Offshore Platform 1,,Heat Exchanger,Small oil spill near Heat Exchanger at Offshore Platform 1. Cleaned up promptly.,Small oil spill near Heat Exchanger at Offshore Platform 1. Cleaned up promptly.,{},NO,Confined Space,LOW,stopped work,colleague intervened,replaced equipment,retrained staff,
87067ca8-2d54-4636-89bc-53306d107f51,Unsafe Act,,Unit B,,Valve,Worker used incorrect gloves for manual handling task. Supervisor corrected the action.,Worker used incorrect gloves for manual handling task. Supervisor corrected the action.,{},NO,Confined Space,MEDIUM,reported to supervisor,,,retrained staff,True
6a57e6f7-f4ee-4386-a428-9d19746ee14a,Unsafe Act,,Offshore Platform 1,,Pump,Worker used incorrect gloves for manual handling task. Supervisor corrected the action.,Worker used incorrect gloves for manual handling task. Supervisor corrected the action.,{},NO,Electrical,LOW,,,replaced equipment,retrained staff,True
bcdee954-b9a6-4d0d-a133-39309d585172,Unsafe Act,,Unit A,,Heat Exchanger,Worker observed not wearing safety glasses at Unit A.,Worker observed not wearing safety glasses at Unit A.,{},NO,Energy Isolation,MEDIUM,,colleague intervened,replaced equipment,retrained staff,True
bd1582b3-8ada-4a5b-bed7-f6bdd394d48d,Unsafe Act,,Refinery Sector 4,,Compressor,Small oil spill near Compressor at Refinery Sector 4. Cleaned up promptly.,Small oil spill near Compressor at Refinery Sector 4. Cleaned up promptly.,{},NO,Working at Height,MEDIUM,stopped work,,,retrained staff,
7aa663e2-72f9-4329-977e-f7371e581214,Unsafe Act,,Refinery Sector 4,,Electrical Panel,Small oil spill near Electrical Panel at Refinery Sector 4. Cleaned up promptly.,Small oil spill near Electrical Panel at Refinery Sector 4. Cleaned up promptly.,{},NO,Manual Handling,MEDIUM,,supervisor intervened,,,True
5db19fc2-f50c-44eb-ab8a-a64a8ccd02dd,Unsafe Condition,,Unit A,,Heat Exchanger,Worker used incorrect gloves for manual handling task. Supervisor corrected the action.,Worker used incorrect gloves for manual handling task. Supervisor corrected the action.,{},NO,Electrical,LOW,reported to supervisor,supervisor intervened,cleaned up,updated procedures,False
176a12bc-3a07-406a-847c-6d404fbbaeaf,Unsafe Condition,,Unit B,,Valve,Trip hazard due to loose cables near Valve. Cables were immediately organized.,Trip hazard due to loose cables near Valve. Cables were immediately organized.,{},NO,Slips/Trips,LOW,stopped work,colleague intervened,,retrained staff,True
d3b421a8-9697-4b6b-b40f-18b37f84907d,Unsafe Act,,Refinery Sector 4,,Valve,Trip hazard due to loose cables near Valve. Cables were immediately organized.,Trip hazard due to loose cables near Valve. Cables were immediately organized.,{},NO,Energy Isolation,LOW,stopped work,,,,
3741171d-4fed-4414-9fc0-2763deca4c13,Unsafe Act,,Offshore Platform 1,,Compressor,Small oil spill near Compressor at Offshore Platform 1. Cleaned up promptly.,Small oil spill near Compressor at Offshore Platform 1. Cleaned up promptly.,{},NO,Energy Isolation,LOW,reported to supervisor,supervisor intervened,replaced equipment,,False
b39678e8-839c-44af-afda-8b87712a07dc,Unsafe Condition,,Refinery Sector 4,,Heat Exchanger,Trip hazard due to loose cables near Heat Exchanger. Cables were immediately organized.,Trip hazard due to loose cables near Heat Exchanger. Cables were immediately organized.,{},NO,Working at Height,LOW,,colleague intervened,,retrained staff,
c62769a9-907e-4c09-976c-55c155c09db2,Unsafe Condition,,Unit A,,Heat Exchanger,Small oil spill near Heat Exchanger at Unit A. Cleaned up promptly.,Small oil spill near Heat Exchanger at Unit A. Cleaned up promptly.,{},NO,Manual Handling,LOW,,supervisor intervened,cleaned up,retrained staff,False
e95c0225-cde2-4b05-837b-edb7b89c351f,Unsafe Condition,,Offshore Platform 1,,Valve,Worker observed not wearing safety glasses at Offshore Platform 1.,Worker observed not wearing safety glasses at Offshore Platform 1.,{},NO,Energy Isolation,MEDIUM,reported to supervisor,,cleaned up,,True
db7490ab-7019-4377-a2ae-978f8d9b4b75,Unsafe Condition,,Refinery Sector 4,,Pump,Worker used incorrect gloves for manual handling task. Supervisor corrected the action.,Worker used incorrect gloves for manual handling task. Supervisor corrected the action.,{},NO,Slips/Trips,MEDIUM,stopped work,supervisor intervened,cleaned up,,True
d536a245-ad1f-419c-b81b-4ee177b273a3,Unsafe Act,,Unit A,,Electrical Panel,Worker used incorrect gloves for manual handling task. Supervisor corrected the action.,Worker used incorrect gloves for manual handling task. Supervisor corrected the action.,{},NO,Manual Handling,LOW,,supervisor intervened,replaced equipment,updated procedures,False
b3b468c9-f70d-4e29-878e-ec3da7c397a6,Unsafe Act,,Refinery Sector 4,,Electrical Panel,Worker used incorrect gloves for manual handling task. Supervisor corrected the action.,Worker used incorrect gloves for manual handling task. Supervisor corrected the action.,{},NO,Pressure,LOW,stopped work,,,retrained staff,
fc1fe752-7473-4050-b326-6c28d3d5082a,Unsafe Act,,Offshore Platform 1,,Electrical Panel,Trip hazard due to loose cables near Electrical Panel. Cables were immediately organized.,Trip hazard due to loose cables near Electrical Panel. Cables were immediately organized.,{},NO,Manual Handling,MEDIUM,reported to supervisor,colleague intervened,,retrained staff,
17030fe2-9567-4df2-8e3f-246778025945,Unsafe Condition,,Refinery Sector 4,,Electrical Panel,Worker observed not wearing safety glasses at Refinery Sector 4.,Worker observed not wearing safety glasses at Refinery Sector 4.,{},NO,Slips/Trips,MEDIUM,reported to supervisor,colleague intervened,replaced equipment,,
978bcc14-9deb-4382-863a-b1c2a8b6a9eb,Unsafe Condition,,Unit A,,Pump,Worker used incorrect gloves for manual handling task. Supervisor corrected the action.,Worker used incorrect gloves for manual handling task. Supervisor corrected the action.,{},NO,Slips/Trips,MEDIUM,reported to supervisor,,cleaned up,updated procedures,True
6b72f30c-739d-40cd-900d-3610fb687f03,Unsafe Act,,Unit B,,Compressor,Worker used incorrect gloves for manual handling task. Supervisor corrected the action.,Worker used incorrect gloves for manual handling task. Supervisor corrected the action.,{},NO,Electrical,LOW,,supervisor intervened,cleaned up,retrained staff,True
0fb280fb-1c20-4d4f-9c8d-d60180a8f7b5,Unsafe Condition,,Offshore Platform 1,,Valve,Worker used incorrect gloves for manual handling task. Supervisor corrected the action.,Worker used incorrect gloves for manual handling task. Supervisor corrected the action.,{},NO,Manual Handling,MEDIUM,stopped work,supervisor intervened,,retrained staff,False
6ca0d371-d08c-42cd-9939-58931bc81dee,Unsafe Condition,,Offshore Platform 1,,Valve,Worker used incorrect gloves for manual handling task. Supervisor corrected the action.,Worker used incorrect gloves for manual handling task. Supervisor corrected the action.,{},NO,Manual Handling,MEDIUM,stopped work,supervisor intervened,,retrained staff,False
7d6629be-d6e9-4c20-9a4b-c521d7028189,Unsafe Act,,Offshore Platform 1,,Valve,Worker observed not wearing safety glasses at Offshore Platform 1.,Worker observed not wearing safety glasses at Offshore Platform 1.,{},NO,Pressure,MEDIUM,stopped work,supervisor intervened,,updated procedures,
72c12679-b573-41b3-8340-3f8183d37895,Unsafe Act,,Offshore Platform 1,,Pump,Worker used incorrect gloves for manual handling task. Supervisor corrected the action.,Worker used incorrect gloves for manual handling task. Supervisor corrected the action.,{},NO,Confined Space,MEDIUM,reported to supervisor,colleague intervened,replaced equipment,,False
d7941ac9-f6e7-4118-93f5-68219be007e7,Unsafe Condition,,Refinery Sector 4,,Electrical Panel,Worker used incorrect gloves for manual handling task. Supervisor corrected the action.,Worker used incorrect gloves for manual handling task. Supervisor corrected the action.,{},NO,Electrical,MEDIUM,reported to supervisor,colleague intervened,replaced equipment,updated procedures,
85b95f47-d1f3-48d3-8c85-e7c3c29e4744,Unsafe Condition,,Unit B,,Electrical Panel,Trip hazard due to loose cables near Electrical Panel. Cables were immediately organized.,Trip hazard due to loose cables near Electrical Panel. Cables were immediately organized.,{},NO,Pressure,LOW,,,,updated procedures,True
562f7949-0015-414b-a912-3efe69bde571,Unsafe Condition,,Unit B,,Valve,Trip hazard due to loose cables near Valve. Cables were immediately organized.,Trip hazard due to loose cables near Valve. Cables were immediately organized.,{},NO,Manual Handling,LOW,reported to supervisor,colleague intervened,replaced equipment,,True
ee960deb-bccc-442d-8254-b9bc8b48fae4,Unsafe Act,,Refinery Sector 4,,Electrical Panel,Trip hazard due to loose cables near Electrical Panel. Cables were immediately organized.,Trip hazard due to loose cables near Electrical Panel. Cables were immediately organized.,{},NO,Confined Space,LOW,reported to supervisor,colleague intervened,replaced equipment,retrained staff,False
a62b7ede-8dfc-4b51-bc43-b2d7bc6238f9,Near Miss,,Unit A,,Electrical Panel,"During maintenance of the Electrical Panel at Unit A, the technician started work without isolating the equipment. The Electrical Panel was still energized.","During maintenance of the Electrical Panel at Unit A, the technician started work without isolating the equipment. The Electrical Panel was still energized.",{},YES,Confined Space,CRITICAL,reported to supervisor,,replaced equipment,,True
bda09c38-23a2-4c01-9006-da994a322dcc,Unsafe Act,,Unit B,,Pump,Small oil spill near Pump at Unit B. Cleaned up promptly.,Small oil spill near Pump at Unit B. Cleaned up promptly.,{},NO,Slips/Trips,LOW,reported to supervisor,colleague intervened,,updated procedures,False
fb655a78-75c7-4fa3-be5e-5f52f7be4818,Unsafe Act,,Refinery Sector 4,,Pump,Worker observed not wearing safety glasses at Refinery Sector 4.,Worker observed not wearing safety glasses at Refinery Sector 4.,{},NO,Energy Isolation,LOW,reported to supervisor,,,retrained staff,False
0fbbf7f7-20e4-4d61-8559-96e0bdce309a,Unsafe Act,,Unit A,,Heat Exchanger,Worker observed not wearing safety glasses at Unit A.,Worker observed not wearing safety glasses at Unit A.,{},NO,Pressure,LOW,stopped work,supervisor intervened,replaced equipment,updated procedures,True
11e6dc06-18f0-425b-8007-e4877a23d65d,Unsafe Condition,,Refinery Sector 4,,Compressor,Worker observed not wearing safety glasses at Refinery Sector 4.,Worker observed not wearing safety glasses at Refinery Sector 4.,{},NO,Energy Isolation,LOW,stopped work,,replaced equipment,updated procedures,
e9ac8afc-8944-4498-9d1e-73ec77f8a43d,Unsafe Act,,Unit B,,Valve,Small oil spill near Valve at Unit B. Cleaned up promptly.,Small oil spill near Valve at Unit B. Cleaned up promptly.,{},NO,Working at Height,MEDIUM,reported to supervisor,supervisor intervened,cleaned up,retrained staff,False
45155277-97bf-490f-9c51-75219ba00994,Unsafe Act,,Unit A,,Valve,Small oil spill near Valve at Unit A. Cleaned up promptly.,Small oil spill near Valve at Unit A. Cleaned up promptly.,{},NO,Electrical,MEDIUM,,colleague intervened,,updated procedures,True
35065b33-b0ea-4a31-bed7-13b4cb7ea9e9,Unsafe Condition,,Offshore Platform 1,,Pump,Worker observed not wearing safety glasses at Offshore Platform 1.,Worker observed not wearing safety glasses at Offshore Platform 1.,{},NO,Energy Isolation,LOW,,supervisor intervened,,,True
7a716515-ca32-44b6-a6c4-d7d129b9e236,Unsafe Condition,,Refinery Sector 4,,Valve,Trip hazard due to loose cables near Valve. Cables were immediately organized.,Trip hazard due to loose cables near Valve. Cables were immediately organized.,{},NO,Working at Height,LOW,,supervisor intervened,,retrained staff,
50cd2e9d-ba6c-45e0-9b9d-8aebde37ee73,Unsafe Act,,Offshore Platform 1,,Pump,Small oil spill near Pump at Offshore Platform 1. Cleaned up promptly.,Small oil spill near Pump at Offshore Platform 1. Cleaned up promptly.,{},NO,Confined Space,LOW,reported to supervisor,colleague intervened,,updated procedures,True
dd1e8ea0-af72-48c6-8d6c-ff1c3158a636,Unsafe Condition,,Refinery Sector 4,,Heat Exchanger,Small oil spill near Heat Exchanger at Refinery Sector 4. Cleaned up promptly.,Small oil spill near Heat Exchanger at Refinery Sector 4. Cleaned up promptly.,{},NO,Confined Space,LOW,,colleague intervened,replaced equipment,retrained staff,
9aa1405e-4232-4d05-af3f-0211ef89c1df,Unsafe Condition,,Unit B,,Valve,Worker used incorrect gloves for manual handling task. Supervisor corrected the action.,Worker used incorrect gloves for manual handling task. Supervisor corrected the action.,{},NO,Energy Isolation,MEDIUM,stopped work,supervisor intervened,cleaned up,,False
c7b19b02-a585-4bb0-9197-2554c452aaac,Unsafe Condition,,Unit B,,Valve,Worker used incorrect gloves for manual handling task. Supervisor corrected the action.,Worker used incorrect gloves for manual handling task. Supervisor corrected the action.,{},NO,Energy Isolation,MEDIUM,stopped work,supervisor intervened,cleaned up,,False
620b8a27-2f1d-4a94-a425-3c7bf415465e,Unsafe Act,,Unit B,,Electrical Panel,Small oil spill near Electrical Panel at Unit B. Cleaned up promptly.,Small oil spill near Electrical Panel at Unit B. Cleaned up promptly.,{},NO,Working at Height,MEDIUM,reported to supervisor,colleague intervened,cleaned up,,True
ea193eeb-d90d-4d0e-8521-95fc20dcb438,Unsafe Condition,,Refinery Sector 4,,Pump,Trip hazard due to loose cables near Pump. Cables were immediately organized.,Trip hazard due to loose cables near Pump. Cables were immediately organized.,{},NO,Energy Isolation,LOW,stopped work,,cleaned up,updated procedures,False
e8df583e-0eea-42eb-b372-eb70d41049ed,Unsafe Condition,,Unit A,,Electrical Panel,Worker observed not wearing safety glasses at Unit A.,Worker observed not wearing safety glasses at Unit A.,{},NO,Manual Handling,MEDIUM,,colleague intervened,,retrained staff,
8fc2c95d-3cd6-4423-912d-0bb9a99c7d5c,Unsafe Condition,,Refinery Sector 4,,Compressor,Small oil spill near Compressor at Refinery Sector 4. Cleaned up promptly.,Small oil spill near Compressor at Refinery Sector 4. Cleaned up promptly.,{},NO,Electrical,MEDIUM,stopped work,colleague intervened,replaced equipment,,
abf5d61f-1064-4054-a1d8-016bc1ea26a1,Unsafe Act,,Unit B,,Heat Exchanger,Small oil spill near Heat Exchanger at Unit B. Cleaned up promptly.,Small oil spill near Heat Exchanger at Unit B. Cleaned up promptly.,{},NO,Slips/Trips,MEDIUM,stopped work,,,updated procedures,False
f2395cbb-e9d0-4de5-88e4-c1a8c642ecf0,Unsafe Condition,,Refinery Sector 4,,Valve,Small oil spill near Valve at Refinery Sector 4. Cleaned up promptly.,Small oil spill near Valve at Refinery Sector 4. Cleaned up promptly.,{},NO,Confined Space,MEDIUM,,colleague intervened,cleaned up,retrained staff,
f4d427bb-deb1-44d5-baef-bbe673fa66fc,Unsafe Condition,,Refinery Sector 4,,Valve,Worker observed not wearing safety glasses at Refinery Sector 4.,Worker observed not wearing safety glasses at Refinery Sector 4.,{},NO,Manual Handling,LOW,,colleague intervened,replaced equipment,updated procedures,False
06276e9c-e7e3-4ac2-b3cf-964e26d28ae5,Unsafe Act,,Refinery Sector 4,,Compressor,Trip hazard due to loose cables near Compressor. Cables were immediately organized.,Trip hazard due to loose cables near Compressor. Cables were immediately organized.,{},NO,Confined Space,LOW,stopped work,supervisor intervened,,updated procedures,
cd2ca296-5a7e-45f1-94bb-12506cd41755,Unsafe Condition,,Refinery Sector 4,,Electrical Panel,Trip hazard due to loose cables near Electrical Panel. Cables were immediately organized.,Trip hazard due to loose cables near Electrical Panel. Cables were immediately organized.,{},NO,Confined Space,LOW,reported to supervisor,supervisor intervened,,,True
6dda40d4-44bc-4ba3-bcc5-1291826579bc,Unsafe Act,,Unit B,,Pump,Worker observed not wearing safety glasses at Unit B.,Worker observed not wearing safety glasses at Unit B.,{},NO,Energy Isolation,MEDIUM,,colleague intervened,,updated procedures,
63be8a37-c692-4cbb-8250-ff3ad46f9ae0,Unsafe Condition,,Offshore Platform 1,,Valve,Worker used incorrect gloves for manual handling task. Supervisor corrected the action.,Worker used incorrect gloves for manual handling task. Supervisor corrected the action.,{},NO,Slips/Trips,MEDIUM,stopped work,,cleaned up,,True
4ed50134-da30-4132-a8a4-bd0e6244c76b,Unsafe Act,,Unit A,,Valve,Worker observed not wearing safety glasses at Unit A.,Worker observed not wearing safety glasses at Unit A.,{},NO,Working at Height,MEDIUM,stopped work,supervisor intervened,,updated procedures,False
da58b8f0-e080-4676-b50d-583547cde5f8,Unsafe Condition,,Unit A,,Compressor,Worker observed not wearing safety glasses at Unit A.,Worker observed not wearing safety glasses at Unit A.,{},NO,Confined Space,MEDIUM,stopped work,colleague intervened,replaced equipment,retrained staff,False
2ea1d070-da92-4f73-b53f-2aca35c65ef1,Unsafe Act,,Refinery Sector 4,,Pump,Small oil spill near Pump at Refinery Sector 4. Cleaned up promptly.,Small oil spill near Pump at Refinery Sector 4. Cleaned up promptly.,{},NO,Confined Space,MEDIUM,stopped work,colleague intervened,cleaned up,retrained staff,True
04dadfa6-a1f4-4458-bb8d-3984559574b5,Unsafe Act,,Unit A,,Valve,Small oil spill near Valve at Unit A. Cleaned up promptly.,Small oil spill near Valve at Unit A. Cleaned up promptly.,{},NO,Confined Space,LOW,stopped work,,,,False
5ff0b87a-83fa-40a1-a51e-4de81ebc5fc1,Unsafe Act,,Refinery Sector 4,,Heat Exchanger,Worker used incorrect gloves for manual handling task. Supervisor corrected the action.,Worker used incorrect gloves for manual handling task. Supervisor corrected the action.,{},NO,Working at Height,LOW,,,,retrained staff,False
ff29e29f-3768-4d90-853c-e366c3da19a4,Unsafe Condition,,Unit B,,Compressor,Worker observed not wearing safety glasses at Unit B.,Worker observed not wearing safety glasses at Unit B.,{},NO,Working at Height,LOW,,supervisor intervened,,,False
905a5984-27e7-4aab-a356-0deaa7e7ccda,Unsafe Condition,,Unit A,,Compressor,Worker observed not wearing safety glasses at Unit A.,Worker observed not wearing safety glasses at Unit A.,{},NO,Slips/Trips,LOW,,,cleaned up,retrained staff,
a3427dcd-4ae8-468a-b2ed-a49a77d6592a,Unsafe Act,,Offshore Platform 1,,Electrical Panel,Worker observed not wearing safety glasses at Offshore Platform 1.,Worker observed not wearing safety glasses at Offshore Platform 1.,{},NO,Manual Handling,MEDIUM,,,cleaned up,updated procedures,True
778ed3fa-ac11-4d3c-9dc2-a565115973fa,Unsafe Act,,Refinery Sector 4,,Valve,Worker used incorrect gloves for manual handling task. Supervisor corrected the action.,Worker used incorrect gloves for manual handling task. Supervisor corrected the action.,{},NO,Manual Handling,MEDIUM,stopped work,,cleaned up,updated procedures,False
9fc3e176-c228-42cd-ad2d-bb078027f98f,Unsafe Condition,,Unit A,,Heat Exchanger,Worker observed not wearing safety glasses at Unit A.,Worker observed not wearing safety glasses at Unit A.,{},NO,Electrical,LOW,reported to supervisor,,replaced equipment,updated procedures,False
c6b5f415-980a-4ac1-8458-0820cda6e69c,Unsafe Act,,Offshore Platform 1,,Valve,Trip hazard due to loose cables near Valve. Cables were immediately organized.,Trip hazard due to loose cables near Valve. Cables were immediately organized.,{},NO,Working at Height,MEDIUM,stopped work,colleague intervened,cleaned up,,False
efa9ae4a-4554-4561-8bc7-dd2691d4efb9,Unsafe Act,,Unit B,,Electrical Panel,Small oil spill near Electrical Panel at Unit B. Cleaned up promptly.,Small oil spill near Electrical Panel at Unit B. Cleaned up promptly.,{},NO,Confined Space,LOW,stopped work,supervisor intervened,,retrained staff,False
11ec6715-81dd-42d6-947e-facc0f9a288a,Unsafe Act,,Unit B,,Compressor,Trip hazard due to loose cables near Compressor. Cables were immediately organized.,Trip hazard due to loose cables near Compressor. Cables were immediately organized.,{},NO,Pressure,LOW,,colleague intervened,,updated procedures,True
9be7d306-9b5d-469c-b6f7-93474c390984,Unsafe Act,,Refinery Sector 4,,Heat Exchanger,Worker observed not wearing safety glasses at Refinery Sector 4.,Worker observed not wearing safety glasses at Refinery Sector 4.,{},NO,Manual Handling,MEDIUM,reported to supervisor,supervisor intervened,replaced equipment,,True
e9ef7fe1-1a4f-4dd2-ac61-6f733d9bbcd4,Unsafe Act,,Unit A,,Valve,Worker observed not wearing safety glasses at Unit A.,Worker observed not wearing safety glasses at Unit A.,{},NO,Energy Isolation,LOW,,,cleaned up,updated procedures,False
a1cb9f93-208f-4643-91ce-90f137f5c679,Unsafe Condition,,Offshore Platform 1,,Electrical Panel,Trip hazard due to loose cables near Electrical Panel. Cables were immediately organized.,Trip hazard due to loose cables near Electrical Panel. Cables were immediately organized.,{},NO,Energy Isolation,MEDIUM,reported to supervisor,colleague intervened,cleaned up,,False
bae82692-f39b-4173-a892-f050fbcff715,Unsafe Condition,,Refinery Sector 4,,Electrical Panel,Worker observed not wearing safety glasses at Refinery Sector 4.,Worker observed not wearing safety glasses at Refinery Sector 4.,{},NO,Working at Height,LOW,reported to supervisor,,cleaned up,retrained staff,
bfae6018-5481-4b78-a50a-123ffb957474,Unsafe Condition,,Unit A,,Electrical Panel,Small oil spill near Electrical Panel at Unit A. Cleaned up promptly.,Small oil spill near Electrical Panel at Unit A. Cleaned up promptly.,{},NO,Manual Handling,LOW,,supervisor intervened,,updated procedures,
f8fddd3d-f2fa-44dd-8bb7-6aca13ec1d9b,Unsafe Act,,Unit B,,Heat Exchanger,Small oil spill near Heat Exchanger at Unit B. Cleaned up promptly.,Small oil spill near Heat Exchanger at Unit B. Cleaned up promptly.,{},NO,Working at Height,LOW,stopped work,supervisor intervened,cleaned up,updated procedures,
df05eca0-5c25-45bf-9136-a744ee2f6691,Unsafe Act,,Offshore Platform 1,,Pump,Worker used incorrect gloves for manual handling task. Supervisor corrected the action.,Worker used incorrect gloves for manual handling task. Supervisor corrected the action.,{},NO,Pressure,LOW,reported to supervisor,,cleaned up,,
7a406bc6-3ec6-40d4-96ec-f5d053499594,Unsafe Act,,Refinery Sector 4,,Pump,<div><p>Worker observed not wearing safety glasses at Refinery Sector 4.</p></div>,Worker observed not wearing safety glasses at Refinery Sector 4.,{},NO,Energy Isolation,MEDIUM,,colleague intervened,cleaned up,,
216891f1-2275-4f57-a58a-57c5564c2583,Unsafe Act,,Unit B,,Pump,Small oil spill near Pump at Unit B. Cleaned up promptly.,Small oil spill near Pump at Unit B. Cleaned up promptly.,{},NO,Confined Space,MEDIUM,reported to supervisor,,replaced equipment,,False
a1a3181f-f13f-49f4-b581-50571f32dae5,Unsafe Condition,,Unit B,,Pump,Worker observed not wearing safety glasses at Unit B.,Worker observed not wearing safety glasses at Unit B.,{},NO,Energy Isolation,MEDIUM,,colleague intervened,replaced equipment,updated procedures,
b13722ad-6c07-4358-81eb-3ef59d1cb361,Unsafe Act,,Unit A,,Valve,Worker used incorrect gloves for manual handling task. Supervisor corrected the action.,Worker used incorrect gloves for manual handling task. Supervisor corrected the action.,{},NO,Electrical,MEDIUM,stopped work,supervisor intervened,,updated procedures,False
29a64efd-e5d7-4a68-9bc3-9d20cc4a7526,Unsafe Act,,Unit A,,Electrical Panel,Trip hazard due to loose cables near Electrical Panel. Cables were immediately organized.,Trip hazard due to loose cables near Electrical Panel. Cables were immediately organized.,{},NO,Energy Isolation,MEDIUM,reported to supervisor,,,retrained staff,False
13ba2d15-b3a1-40dd-8d0c-e06511191cf6,Unsafe Act,,Unit B,,Heat Exchanger,Worker used incorrect gloves for manual handling task. Supervisor corrected the action.,Worker used incorrect gloves for manual handling task. Supervisor corrected the action.,{},NO,Confined Space,MEDIUM,stopped work,colleague intervened,replaced equipment,retrained staff,
fac24171-d7fa-4f58-9c51-800e8021c8c1,Unsafe Condition,,Unit B,,Pump,Small oil spill near Pump at Unit B. Cleaned up promptly.,Small oil spill near Pump at Unit B. Cleaned up promptly.,{},NO,Pressure,LOW,stopped work,colleague intervened,cleaned up,retrained staff,False
fdd3b8be-efe2-4bd3-8481-f9eeffffea05,Unsafe Act,,Unit B,,Heat Exchanger,Worker used incorrect gloves for manual handling task. Supervisor corrected the action.,Worker used incorrect gloves for manual handling task. Supervisor corrected the action.,{},NO,Energy Isolation,MEDIUM,stopped work,supervisor intervened,replaced equipment,,True
1a1ca0cb-20a9-40c9-9b1a-bc68a2418e7a,Unsafe Act,,Unit B,,Heat Exchanger,Worker used incorrect gloves for manual handling task. Supervisor corrected the action.,Worker used incorrect gloves for manual handling task. Supervisor corrected the action.,{},NO,Energy Isolation,MEDIUM,stopped work,supervisor intervened,replaced equipment,,True
ecebd75e-d2de-48e6-b5be-88a23489bfb7,Unsafe Condition,,Unit B,,Heat Exchanger,Small oil spill near Heat Exchanger at Unit B. Cleaned up promptly.,Small oil spill near Heat Exchanger at Unit B. Cleaned up promptly.,{},NO,Pressure,MEDIUM,,,replaced equipment,updated procedures,True
e13546db-9fa1-46e0-820f-05f46da5898b,Unsafe Condition,,Unit B,,Heat Exchanger,Worker observed not wearing safety glasses at Unit B.,Worker observed not wearing safety glasses at Unit B.,{},NO,Electrical,LOW,stopped work,colleague intervened,replaced equipment,updated procedures,False
c6368e84-03c6-454e-88d7-ab2b8e2284c4,Unsafe Act,,Unit B,,Electrical Panel,Trip hazard due to loose cables near Electrical Panel. Cables were immediately organized.,Trip hazard due to loose cables near Electrical Panel. Cables were immediately organized.,{},NO,Energy Isolation,LOW,reported to supervisor,supervisor intervened,,,
3f486792-602f-40cf-ba26-eaa986b904e2,Unsafe Condition,,Unit A,,Compressor,Trip hazard due to loose cables near Compressor. Cables were immediately organized.,Trip hazard due to loose cables near Compressor. Cables were immediately organized.,{},NO,Manual Handling,MEDIUM,reported to supervisor,,replaced equipment,,
351bdaeb-31c6-4c7c-9539-2f91edaea8b2,Unsafe Condition,,Offshore Platform 1,,Compressor,Trip hazard due to loose cables near Compressor. Cables were immediately organized.,Trip hazard due to loose cables near Compressor. Cables were immediately organized.,{},NO,Energy Isolation,LOW,stopped work,supervisor intervened,,retrained staff,False
bc2229bf-fea2-4e18-8fff-56c58e2977fb,Unsafe Condition,,Unit B,,Heat Exchanger,Worker observed not wearing safety glasses at Unit B.,Worker observed not wearing safety glasses at Unit B.,{},NO,Electrical,LOW,,supervisor intervened,cleaned up,,
4cbfac1e-1a1c-4193-91bd-b1685c860eb7,Unsafe Act,,Refinery Sector 4,,Valve,Small oil spill near Valve at Refinery Sector 4. Cleaned up promptly.,Small oil spill near Valve at Refinery Sector 4. Cleaned up promptly.,{},NO,Electrical,MEDIUM,,,replaced equipment,,True
387d0703-4584-4de0-91b9-a0df83a21b89,Unsafe Condition,,Unit A,,Compressor,Worker observed not wearing safety glasses at Unit A.,Worker observed not wearing safety glasses at Unit A.,{},NO,Working at Height,MEDIUM,stopped work,colleague intervened,,retrained staff,False
a3d51635-dc92-4115-8688-f16bde7e7546,Unsafe Condition,,Offshore Platform 1,,Pump,Worker observed not wearing safety glasses at Offshore Platform 1.,Worker observed not wearing safety glasses at Offshore Platform 1.,{},NO,Slips/Trips,LOW,stopped work,,,updated procedures,True
b18d8ec6-5fb2-4c94-95dc-abbfcfb0a8f4,Unsafe Act,,Unit A,,Pump,Worker observed not wearing safety glasses at Unit A.,Worker observed not wearing safety glasses at Unit A.,{},NO,Energy Isolation,MEDIUM,,supervisor intervened,replaced equipment,,False
de206f7b-1e15-409e-b1c2-f65c75d87900,Near Miss,,Unit A,,Compressor,"While working at Unit A, worker was at height without fall protection. Serious risk of fatal fall.","While working at Unit A, worker was at height without fall protection. Serious risk of fatal fall.",{},YES,Pressure,HIGH,stopped work,,cleaned up,updated procedures,False
76193892-4038-48e2-ad5d-2f09b7aa96e3,Unsafe Act,,Unit B,,Compressor,Small oil spill near Compressor at Unit B. Cleaned up promptly.,Small oil spill near Compressor at Unit B. Cleaned up promptly.,{},NO,Working at Height,LOW,reported to supervisor,,,updated procedures,False
aeb89ede-20f4-466e-8871-e7f7ae25e9a9,Unsafe Act,,Offshore Platform 1,,Electrical Panel,Worker used incorrect gloves for manual handling task. Supervisor corrected the action.,Worker used incorrect gloves for manual handling task. Supervisor corrected the action.,{},NO,Slips/Trips,MEDIUM,,supervisor intervened,,updated procedures,
8de121d0-7e0a-4980-85fc-d9d25c7b4ac5,Unsafe Act,,Unit B,,Heat Exchanger,Small oil spill near Heat Exchanger at Unit B. Cleaned up promptly.,Small oil spill near Heat Exchanger at Unit B. Cleaned up promptly.,{},NO,Pressure,MEDIUM,reported to supervisor,,replaced equipment,updated procedures,False
d456dbde-9c70-4a75-a0d4-97f4294fb8d4,Unsafe Act,,Refinery Sector 4,,Pump,Trip hazard due to loose cables near Pump. Cables were immediately organized.,Trip hazard due to loose cables near Pump. Cables were immediately organized.,{},NO,Working at Height,LOW,reported to supervisor,colleague intervened,cleaned up,retrained staff,True
6729f90a-246d-489a-92be-ea0ada5ad377,Unsafe Act,,Unit B,,Heat Exchanger,Trip hazard due to loose cables near Heat Exchanger. Cables were immediately organized.,Trip hazard due to loose cables near Heat Exchanger. Cables were immediately organized.,{},NO,Confined Space,MEDIUM,reported to supervisor,,,retrained staff,False
b42ff003-b417-4bbc-a87d-cf620584c2d0,Unsafe Act,,Offshore Platform 1,,Pump,Worker used incorrect gloves for manual handling task. Supervisor corrected the action.,Worker used incorrect gloves for manual handling task. Supervisor corrected the action.,{},NO,Energy Isolation,LOW,reported to supervisor,,,retrained staff,False
a85a8a63-468f-42b9-a6eb-770c2cd473c0,Unsafe Act,,Offshore Platform 1,,Electrical Panel,"During maintenance of the Electrical Panel at Offshore Platform 1, the technician started work without isolating the equipment. The Electrical Panel was still energized.","During maintenance of the Electrical Panel at Offshore Platform 1, the technician started work without isolating the equipment. The Electrical Panel was still energized.",{},YES,Confined Space,CRITICAL,reported to supervisor,,,updated procedures,True
8e062c10-b2c8-424e-a548-97db29148df0,Unsafe Act,,Unit B,,Compressor,"During maintenance of the Compressor at Unit B, the technician started work without isolating the equipment. The Compressor was still energized.","During maintenance of the Compressor at Unit B, the technician started work without isolating the equipment. The Compressor was still energized.",{},YES,Energy Isolation,CRITICAL,reported to supervisor,colleague intervened,replaced equipment,,False
38e20883-917f-4597-b0d9-f643f4297d7c,Unsafe Condition,,Offshore Platform 1,,Heat Exchanger,<div><p>Worker used incorrect gloves for manual handling task. Supervisor corrected the action.</p></div>,Worker used incorrect gloves for manual handling task. Supervisor corrected the action.,{},NO,Slips/Trips,LOW,,,replaced equipment,,True
4b628f40-4e03-4207-bd55-c6ae5b388e8c,Unsafe Act,,Refinery Sector 4,,Heat Exchanger,<div><p>Worker observed not wearing safety glasses at Refinery Sector 4.</p></div>,Worker observed not wearing safety glasses at Refinery Sector 4.,{},NO,Slips/Trips,LOW,stopped work,,replaced equipment,retrained staff,
de019064-6781-4047-bda4-9d4b6f11fa56,Unsafe Condition,,Offshore Platform 1,,Electrical Panel,Worker used incorrect gloves for manual handling task. Supervisor corrected the action.,Worker used incorrect gloves for manual handling task. Supervisor corrected the action.,{},NO,Manual Handling,MEDIUM,stopped work,,cleaned up,retrained staff,
d9935257-78ea-4e2d-a447-74abb39bf93f,Unsafe Act,,Offshore Platform 1,,Valve,Small oil spill near Valve at Offshore Platform 1. Cleaned up promptly.,Small oil spill near Valve at Offshore Platform 1. Cleaned up promptly.,{},NO,Electrical,LOW,,colleague intervened,replaced equipment,,
3b626064-cabe-4451-aae0-79d8f7a904bf,Unsafe Condition,,Unit A,,Valve,Worker observed not wearing safety glasses at Unit A.,Worker observed not wearing safety glasses at Unit A.,{},NO,Confined Space,LOW,reported to supervisor,colleague intervened,replaced equipment,updated procedures,True
14817af6-6d82-4ef6-bf7e-6f43067a5450,Unsafe Act,,Refinery Sector 4,,Pump,Worker entered the confined space at Refinery Sector 4 without conducting a gas test. No standby person was present.,Worker entered the confined space at Refinery Sector 4 without conducting a gas test. No standby person was present.,{},YES,Confined Space,HIGH,stopped work,supervisor intervened,replaced equipment,updated procedures,True
0dd55486-ab88-4754-ab79-5dd1de6083e5,Unsafe Condition,,Unit A,,Heat Exchanger,Worker used incorrect gloves for manual handling task. Supervisor corrected the action.,Worker used incorrect gloves for manual handling task. Supervisor corrected the action.,{},NO,Pressure,LOW,reported to supervisor,supervisor intervened,cleaned up,retrained staff,True
2a845ba2-e707-4185-85bf-d8dd9eb8c7de,Unsafe Act,,Offshore Platform 1,,Compressor,Small oil spill near Compressor at Offshore Platform 1. Cleaned up promptly.,Small oil spill near Compressor at Offshore Platform 1. Cleaned up promptly.,{},NO,Slips/Trips,LOW,stopped work,supervisor intervened,replaced equipment,updated procedures,
dfad12de-6f4b-4446-a0dd-8b29ce1e0291,Near Miss,,Offshore Platform 1,,Pump,Line opened with residual pressure on the Pump. High-energy release narrowly missed the operator.,Line opened with residual pressure on the Pump. High-energy release narrowly missed the operator.,{},YES,Pressure,HIGH,,,cleaned up,updated procedures,False
1a225170-2759-45ae-bb1c-9bddb824910b,Unsafe Act,,Refinery Sector 4,,Electrical Panel,Small oil spill near Electrical Panel at Refinery Sector 4. Cleaned up promptly.,Small oil spill near Electrical Panel at Refinery Sector 4. Cleaned up promptly.,{},NO,Energy Isolation,LOW,stopped work,,cleaned up,retrained staff,
31b2b04a-29ba-4f3b-a7da-c5277cef11a6,Unsafe Condition,,Unit B,,Valve,Worker used incorrect gloves for manual handling task. Supervisor corrected the action.,Worker used incorrect gloves for manual handling task. Supervisor corrected the action.,{},NO,Pressure,LOW,stopped work,,cleaned up,updated procedures,False
1a7b91e4-a868-4bae-8883-ae3739102688,Unsafe Act,,Unit B,,Pump,Trip hazard due to loose cables near Pump. Cables were immediately organized.,Trip hazard due to loose cables near Pump. Cables were immediately organized.,{},NO,Manual Handling,MEDIUM,reported to supervisor,,,updated procedures,True
43240171-864a-45da-8fa3-af32ecf97ca4,Unsafe Act,,Refinery Sector 4,,Pump,Worker observed not wearing safety glasses at Refinery Sector 4.,Worker observed not wearing safety glasses at Refinery Sector 4.,{},NO,Manual Handling,MEDIUM,reported to supervisor,colleague intervened,,retrained staff,False
1d56e127-e578-4b72-9389-6e6f26d94d8d,Unsafe Condition,,Unit B,,Electrical Panel,Worker observed not wearing safety glasses at Unit B.,Worker observed not wearing safety glasses at Unit B.,{},NO,Working at Height,LOW,stopped work,,replaced equipment,,True
69d774f3-b83c-4611-8144-e287b91d8d1d,Unsafe Condition,,Unit B,,Pump,Worker observed not wearing safety glasses at Unit B.,Worker observed not wearing safety glasses at Unit B.,{},NO,Manual Handling,MEDIUM,stopped work,colleague intervened,cleaned up,retrained staff,True
da07af48-3afd-4703-930a-f578695963e4,Unsafe Act,,Offshore Platform 1,,Heat Exchanger,Worker used incorrect gloves for manual handling task. Supervisor corrected the action.,Worker used incorrect gloves for manual handling task. Supervisor corrected the action.,{},NO,Slips/Trips,LOW,reported to supervisor,supervisor intervened,replaced equipment,retrained staff,False
82895d6e-8ce1-4a0c-88b0-db6ee2574972,Unsafe Condition,,Unit A,,Pump,Trip hazard due to loose cables near Pump. Cables were immediately organized.,Trip hazard due to loose cables near Pump. Cables were immediately organized.,{},NO,Energy Isolation,MEDIUM,stopped work,supervisor intervened,replaced equipment,,False
57172ae0-e907-40ae-a815-918f36741a68,Unsafe Condition,,Refinery Sector 4,,Heat Exchanger,Small oil spill near Heat Exchanger at Refinery Sector 4. Cleaned up promptly.,Small oil spill near Heat Exchanger at Refinery Sector 4. Cleaned up promptly.,{},NO,Confined Space,MEDIUM,,colleague intervened,,retrained staff,False
6b21d627-27db-4bb9-bf91-4d7d4b9aaaa3,Unsafe Condition,,Unit B,,Pump,Trip hazard due to loose cables near Pump. Cables were immediately organized.,Trip hazard due to loose cables near Pump. Cables were immediately organized.,{},NO,Manual Handling,MEDIUM,,,,retrained staff,True
0b62cd7e-5d61-4098-8eba-36c6789bf1e9,Unsafe Condition,,Refinery Sector 4,,Pump,Worker observed not wearing safety glasses at Refinery Sector 4.,Worker observed not wearing safety glasses at Refinery Sector 4.,{},NO,Slips/Trips,MEDIUM,stopped work,colleague intervened,cleaned up,,True
40420ed1-f32a-4112-98d6-7df35f360984,Unsafe Condition,,Refinery Sector 4,,Valve,Worker used incorrect gloves for manual handling task. Supervisor corrected the action.,Worker used incorrect gloves for manual handling task. Supervisor corrected the action.,{},NO,Slips/Trips,MEDIUM,stopped work,supervisor intervened,cleaned up,updated procedures,False
a5f35cb5-a594-4a6b-b193-731c057e5a86,Unsafe Condition,,Unit A,,Pump,Worker observed not wearing safety glasses at Unit A.,Worker observed not wearing safety glasses at Unit A.,{},NO,Pressure,MEDIUM,stopped work,colleague intervened,replaced equipment,,False
2309a793-6940-4beb-8094-6f9f1696cda0,Unsafe Condition,,Unit A,,Heat Exchanger,Worker observed not wearing safety glasses at Unit A.,Worker observed not wearing safety glasses at Unit A.,{},NO,Manual Handling,LOW,reported to supervisor,colleague intervened,cleaned up,retrained staff,True
c0876587-b09a-480b-b9ec-405ab448a856,Unsafe Act,,Unit A,,Heat Exchanger,Worker used incorrect gloves for manual handling task. Supervisor corrected the action.,Worker used incorrect gloves for manual handling task. Supervisor corrected the action.,{},NO,Confined Space,MEDIUM,,,,updated procedures,False
6ed071a6-073d-46f2-9327-f51c914a714a,Unsafe Act,,Refinery Sector 4,,Electrical Panel,,,{},NO,Working at Height,MEDIUM,reported to supervisor,supervisor intervened,replaced equipment,,True
b90a31a0-d4c3-4c87-a6c7-76d7e79b76bc,Unsafe Act,,Refinery Sector 4,,Valve,<div><p>Trip hazard due to loose cables near Valve. Cables were immediately organized.</p></div>,Trip hazard due to loose cables near Valve. Cables were immediately organized.,{},NO,Slips/Trips,LOW,reported to supervisor,colleague intervened,cleaned up,,True
1a4ec304-dfc1-4e9b-91b1-6499c228fcf0,Unsafe Act,,Unit A,,Pump,Small oil spill near Pump at Unit A. Cleaned up promptly.,Small oil spill near Pump at Unit A. Cleaned up promptly.,{},NO,Slips/Trips,MEDIUM,reported to supervisor,supervisor intervened,replaced equipment,,True
707744d2-1624-4d16-a022-d0d9479532e8,Unsafe Act,,Offshore Platform 1,,Heat Exchanger,Worker observed not wearing safety glasses at Offshore Platform 1.,Worker observed not wearing safety glasses at Offshore Platform 1.,{},NO,Manual Handling,LOW,stopped work,colleague intervened,cleaned up,retrained staff,
1dd66a88-51b0-4970-b32b-f74f4e21d039,Unsafe Condition,,Offshore Platform 1,,Electrical Panel,Small oil spill near Electrical Panel at Offshore Platform 1. Cleaned up promptly.,Small oil spill near Electrical Panel at Offshore Platform 1. Cleaned up promptly.,{},NO,Slips/Trips,LOW,reported to supervisor,,,retrained staff,True
c7e0a4c8-2e2a-4192-8b1a-fc78ec3982a0,Unsafe Act,,Unit A,,Pump,Trip hazard due to loose cables near Pump. Cables were immediately organized.,Trip hazard due to loose cables near Pump. Cables were immediately organized.,{},NO,Slips/Trips,MEDIUM,,,replaced equipment,retrained staff,False
8b6d89e7-a582-405e-ac4c-2db13ea63e15,Unsafe Condition,,Unit B,,Electrical Panel,Small oil spill near Electrical Panel at Unit B. Cleaned up promptly.,Small oil spill near Electrical Panel at Unit B. Cleaned up promptly.,{},NO,Slips/Trips,MEDIUM,,colleague intervened,,,True
dc61afd6-9235-4886-b039-99e6577788e8,Unsafe Act,,Unit A,,Compressor,Trip hazard due to loose cables near Compressor. Cables were immediately organized.,Trip hazard due to loose cables near Compressor. Cables were immediately organized.,{},NO,Slips/Trips,LOW,,,,,
260204d7-7041-4a7d-8a4b-5f44f4eb6e9b,Unsafe Act,,Offshore Platform 1,,Electrical Panel,Worker used incorrect gloves for manual handling task. Supervisor corrected the action.,Worker used incorrect gloves for manual handling task. Supervisor corrected the action.,{},NO,Manual Handling,LOW,,colleague intervened,cleaned up,retrained staff,
cdfc9033-8061-4e06-b07c-ce346fce5d8b,Unsafe Act,,Offshore Platform 1,,Compressor,Small oil spill near Compressor at Offshore Platform 1. Cleaned up promptly.,Small oil spill near Compressor at Offshore Platform 1. Cleaned up promptly.,{},NO,Manual Handling,MEDIUM,reported to supervisor,supervisor intervened,replaced equipment,,False
0ac50773-c189-4ca7-9db6-a64a19c7406c,Unsafe Condition,,Refinery Sector 4,,Pump,Worker used incorrect gloves for manual handling task. Supervisor corrected the action.,Worker used incorrect gloves for manual handling task. Supervisor corrected the action.,{},NO,Electrical,LOW,,supervisor intervened,replaced equipment,retrained staff,False
c2b9f290-99aa-484e-895e-575a19a79b91,Unsafe Act,,Refinery Sector 4,,Heat Exchanger,Worker observed not wearing safety glasses at Refinery Sector 4.,Worker observed not wearing safety glasses at Refinery Sector 4.,{},NO,Electrical,LOW,,supervisor intervened,,,False
56aad726-b6f1-45d3-aa79-6ed81839747d,Unsafe Act,,Unit A,,Electrical Panel,Trip hazard due to loose cables near Electrical Panel. Cables were immediately organized.,Trip hazard due to loose cables near Electrical Panel. Cables were immediately organized.,{},NO,Energy Isolation,MEDIUM,stopped work,supervisor intervened,replaced equipment,updated procedures,False
339c9318-ae00-4148-9588-0cb5de6326a4,Unsafe Condition,,Unit B,,Electrical Panel,Small oil spill near Electrical Panel at Unit B. Cleaned up promptly.,Small oil spill near Electrical Panel at Unit B. Cleaned up promptly.,{},NO,Energy Isolation,LOW,reported to supervisor,,replaced equipment,updated procedures,
ab09bc0a-8b4d-4e1b-96c2-c904d8d93851,Near Miss,,Unit B,,Heat Exchanger,"During maintenance of the Heat Exchanger at Unit B, the technician started work without isolating the equipment. The Heat Exchanger was still energized.","During maintenance of the Heat Exchanger at Unit B, the technician started work without isolating the equipment. The Heat Exchanger was still energized.",{},YES,Energy Isolation,CRITICAL,stopped work,,replaced equipment,updated procedures,False
d645e74a-2db8-4549-b32e-88ba49910a6c,Unsafe Condition,,Refinery Sector 4,,Valve,Trip hazard due to loose cables near Valve. Cables were immediately organized.,Trip hazard due to loose cables near Valve. Cables were immediately organized.,{},NO,Pressure,MEDIUM,reported to supervisor,colleague intervened,,retrained staff,False
6a4525a4-8447-498b-bf79-4ff9a5100ad7,Unsafe Condition,,Unit A,,Valve,Worker used incorrect gloves for manual handling task. Supervisor corrected the action.,Worker used incorrect gloves for manual handling task. Supervisor corrected the action.,{},NO,Pressure,MEDIUM,stopped work,colleague intervened,cleaned up,,False
d4ab5f56-2d0d-452a-8f5f-17569e290022,Unsafe Condition,,Refinery Sector 4,,Compressor,Small oil spill near Compressor at Refinery Sector 4. Cleaned up promptly.,Small oil spill near Compressor at Refinery Sector 4. Cleaned up promptly.,{},NO,Working at Height,LOW,reported to supervisor,colleague intervened,,,False
a2654509-7b04-4a82-9426-5be6b8e53e25,Unsafe Condition,,Refinery Sector 4,,Pump,Small oil spill near Pump at Refinery Sector 4. Cleaned up promptly.,Small oil spill near Pump at Refinery Sector 4. Cleaned up promptly.,{},NO,Energy Isolation,MEDIUM,reported to supervisor,supervisor intervened,,updated procedures,False
3a2f8d1a-5d91-4d50-bcbb-7b1ea011c893,Unsafe Condition,,Refinery Sector 4,,Pump,Small oil spill near Pump at Refinery Sector 4. Cleaned up promptly.,Small oil spill near Pump at Refinery Sector 4. Cleaned up promptly.,{},NO,Energy Isolation,MEDIUM,reported to supervisor,supervisor intervened,,updated procedures,False
2ea1e2b8-3e54-4313-942a-f36396f06b2c,Unsafe Act,,Refinery Sector 4,,Valve,Small oil spill near Valve at Refinery Sector 4. Cleaned up promptly.,Small oil spill near Valve at Refinery Sector 4. Cleaned up promptly.,{},NO,Working at Height,MEDIUM,,supervisor intervened,replaced equipment,,True
6479fd36-22a1-4d46-922b-e5f8e1d04d87,Unsafe Act,,Unit A,,Compressor,Small oil spill near Compressor at Unit A. Cleaned up promptly.,Small oil spill near Compressor at Unit A. Cleaned up promptly.,{},NO,Electrical,LOW,,,replaced equipment,,True
0f62c77a-6ae8-401f-8fc2-51f5709702c7,Unsafe Act,,Unit A,,Valve,Worker used incorrect gloves for manual handling task. Supervisor corrected the action.,Worker used incorrect gloves for manual handling task. Supervisor corrected the action.,{},NO,Manual Handling,MEDIUM,stopped work,supervisor intervened,replaced equipment,retrained staff,
fe85f776-3bb4-45ae-9460-692a64447438,Unsafe Act,,Unit A,,Electrical Panel,Trip hazard due to loose cables near Electrical Panel. Cables were immediately organized.,Trip hazard due to loose cables near Electrical Panel. Cables were immediately organized.,{},NO,Manual Handling,MEDIUM,,,cleaned up,updated procedures,True
17c5523d-4f46-4d6b-921e-1d11d1c090b1,Unsafe Condition,,Unit A,,Pump,Small oil spill near Pump at Unit A. Cleaned up promptly.,Small oil spill near Pump at Unit A. Cleaned up promptly.,{},NO,Working at Height,LOW,reported to supervisor,supervisor intervened,,retrained staff,True
809d66ec-4cfc-4695-9997-bc1616bddb7f,Unsafe Condition,,Offshore Platform 1,,Electrical Panel,Trip hazard due to loose cables near Electrical Panel. Cables were immediately organized.,Trip hazard due to loose cables near Electrical Panel. Cables were immediately organized.,{},NO,Slips/Trips,LOW,stopped work,,,,
b629507f-553f-4563-be3a-5d5d5e6d2fc7,Unsafe Condition,,Unit A,,Electrical Panel,<div><p>Small oil spill near Electrical Panel at Unit A. Cleaned up promptly.</p></div>,Small oil spill near Electrical Panel at Unit A. Cleaned up promptly.,{},NO,Working at Height,LOW,,colleague intervened,replaced equipment,,True
98bd53e6-6133-44e7-b67e-dad52ca8ddbd,Unsafe Condition,,Unit B,,Heat Exchanger,Worker used incorrect gloves for manual handling task. Supervisor corrected the action.,Worker used incorrect gloves for manual handling task. Supervisor corrected the action.,{},NO,Electrical,MEDIUM,,,cleaned up,retrained staff,True
bc07833b-0078-4989-bf40-f6219262f6dc,Unsafe Condition,,Unit A,,Electrical Panel,Worker used incorrect gloves for manual handling task. Supervisor corrected the action.,Worker used incorrect gloves for manual handling task. Supervisor corrected the action.,{},NO,Energy Isolation,MEDIUM,reported to supervisor,,cleaned up,,
3835c766-518e-4bb0-987e-edddd7b42232,Unsafe Condition,,Unit B,,Compressor,Worker observed not wearing safety glasses at Unit B.,Worker observed not wearing safety glasses at Unit B.,{},NO,Manual Handling,LOW,reported to supervisor,,replaced equipment,retrained staff,True
f433371d-a034-41d1-94cb-13fa98ae8f9f,Unsafe Act,,Unit A,,Compressor,"While working at Unit A, worker was at height without fall protection. Serious risk of fatal fall.","While working at Unit A, worker was at height without fall protection. Serious risk of fatal fall.",{},YES,Confined Space,CRITICAL,stopped work,supervisor intervened,replaced equipment,,
a20a4648-4872-44ba-a14c-62cccb83569c,Unsafe Act,,Refinery Sector 4,,Compressor,<div><p>Trip hazard due to loose cables near Compressor. Cables were immediately organized.</p></div>,Trip hazard due to loose cables near Compressor. Cables were immediately organized.,{},NO,Confined Space,LOW,,,,retrained staff,
0cee13b0-618a-4e77-a758-7eb68c03c01c,Unsafe Condition,,Offshore Platform 1,,Valve,Small oil spill near Valve at Offshore Platform 1. Cleaned up promptly.,Small oil spill near Valve at Offshore Platform 1. Cleaned up promptly.,{},NO,Working at Height,MEDIUM,,,,retrained staff,True
45d79da3-019b-4a40-a21d-f5f6a82882ed,Unsafe Condition,,Offshore Platform 1,,Heat Exchanger,Small oil spill near Heat Exchanger at Offshore Platform 1. Cleaned up promptly.,Small oil spill near Heat Exchanger at Offshore Platform 1. Cleaned up promptly.,{},NO,Energy Isolation,LOW,stopped work,,,updated procedures,
255cc86c-118c-435a-a594-6ff664ad3a25,Unsafe Act,,Unit B,,Electrical Panel,Trip hazard due to loose cables near Electrical Panel. Cables were immediately organized.,Trip hazard due to loose cables near Electrical Panel. Cables were immediately organized.,{},NO,Pressure,LOW,reported to supervisor,,cleaned up,updated procedures,False
74ba5395-f6d5-4433-9005-ae5fe15f2131,Unsafe Act,,Unit A,,Valve,Worker used incorrect gloves for manual handling task. Supervisor corrected the action.,Worker used incorrect gloves for manual handling task. Supervisor corrected the action.,{},NO,Slips/Trips,LOW,reported to supervisor,,,retrained staff,False
43c4363a-3080-4f92-8cbd-c9bf3797c67d,Unsafe Act,,Unit A,,Compressor,Small oil spill near Compressor at Unit A. Cleaned up promptly.,Small oil spill near Compressor at Unit A. Cleaned up promptly.,{},NO,Pressure,MEDIUM,stopped work,supervisor intervened,replaced equipment,retrained staff,True
decdb6fe-ab5d-4dd0-b6bc-5ad966e22ecc,Unsafe Act,,Offshore Platform 1,,Pump,Worker used incorrect gloves for manual handling task. Supervisor corrected the action.,Worker used incorrect gloves for manual handling task. Supervisor corrected the action.,{},NO,Electrical,MEDIUM,,supervisor intervened,replaced equipment,retrained staff,True
bdb88434-970b-4bb9-a1d6-437f09d7d4ed,Unsafe Act,,Unit B,,Electrical Panel,Worker observed not wearing safety glasses at Unit B.,Worker observed not wearing safety glasses at Unit B.,{},NO,Slips/Trips,LOW,reported to supervisor,colleague intervened,cleaned up,,True
08f21542-b516-4ec0-8054-00c7ee48782f,Unsafe Act,,Unit B,,Heat Exchanger,Trip hazard due to loose cables near Heat Exchanger. Cables were immediately organized.,Trip hazard due to loose cables near Heat Exchanger. Cables were immediately organized.,{},NO,Confined Space,MEDIUM,stopped work,,,retrained staff,True
e170acc6-6e30-4575-a10b-7b219649e290,Unsafe Act,,Unit A,,Compressor,Worker observed not wearing safety glasses at Unit A.,Worker observed not wearing safety glasses at Unit A.,{},NO,Confined Space,LOW,stopped work,,cleaned up,retrained staff,
4092c0cf-7822-443b-a7c6-fd68954d020f,Unsafe Condition,,Offshore Platform 1,,Compressor,Worker used incorrect gloves for manual handling task. Supervisor corrected the action.,Worker used incorrect gloves for manual handling task. Supervisor corrected the action.,{},NO,Pressure,LOW,,colleague intervened,cleaned up,retrained staff,True
98037783-9a47-4d34-8f1f-906a17f58544,Unsafe Act,,Unit A,,Valve,Worker used incorrect gloves for manual handling task. Supervisor corrected the action.,Worker used incorrect gloves for manual handling task. Supervisor corrected the action.,{},NO,Electrical,LOW,reported to supervisor,,cleaned up,updated procedures,False
f60419d8-6f6a-4811-b70f-1a7f3abb5239,Unsafe Act,,Unit A,,Electrical Panel,Worker observed not wearing safety glasses at Unit A.,Worker observed not wearing safety glasses at Unit A.,{},NO,Manual Handling,LOW,,colleague intervened,,updated procedures,True
1df022cc-7fb3-4b40-b92b-f0d2fdbf1103,Unsafe Condition,,Unit A,,Pump,Worker observed not wearing safety glasses at Unit A.,Worker observed not wearing safety glasses at Unit A.,{},NO,Electrical,LOW,stopped work,colleague intervened,,updated procedures,True
9874cd51-9e63-4ecf-b616-7a79a7773bec,Unsafe Condition,,Refinery Sector 4,,Electrical Panel,Trip hazard due to loose cables near Electrical Panel. Cables were immediately organized.,Trip hazard due to loose cables near Electrical Panel. Cables were immediately organized.,{},NO,Energy Isolation,LOW,,,,updated procedures,
c7181dea-8792-40d2-89ec-244e1eae7bdc,Unsafe Act,,Unit A,,Compressor,Worker observed not wearing safety glasses at Unit A.,Worker observed not wearing safety glasses at Unit A.,{},NO,Energy Isolation,LOW,reported to supervisor,supervisor intervened,replaced equipment,updated procedures,
1e963fdc-76fe-48e5-b5b2-1de406fdf8bd,Unsafe Act,,Refinery Sector 4,,Valve,Small oil spill near Valve at Refinery Sector 4. Cleaned up promptly.,Small oil spill near Valve at Refinery Sector 4. Cleaned up promptly.,{},NO,Electrical,MEDIUM,reported to supervisor,colleague intervened,,retrained staff,False
96db69c9-917e-4666-bafb-6a75dcab4627,Unsafe Condition,,Refinery Sector 4,,Electrical Panel,Small oil spill near Electrical Panel at Refinery Sector 4. Cleaned up promptly.,Small oil spill near Electrical Panel at Refinery Sector 4. Cleaned up promptly.,{},NO,Manual Handling,MEDIUM,,,,,False
8c6e9091-58f2-4031-8fb2-027e60cf1a1b,Unsafe Condition,,Offshore Platform 1,,Heat Exchanger,Small oil spill near Heat Exchanger at Offshore Platform 1. Cleaned up promptly.,Small oil spill near Heat Exchanger at Offshore Platform 1. Cleaned up promptly.,{},NO,Confined Space,MEDIUM,,supervisor intervened,replaced equipment,updated procedures,False
f7179c8a-b516-47c4-ae13-34746ac38b08,Unsafe Condition,,Refinery Sector 4,,Compressor,Worker used incorrect gloves for manual handling task. Supervisor corrected the action.,Worker used incorrect gloves for manual handling task. Supervisor corrected the action.,{},NO,Pressure,LOW,reported to supervisor,colleague intervened,,,
85b8c5b5-2037-4797-bae6-1c16c2b0af89,Unsafe Condition,,Offshore Platform 1,,Valve,Small oil spill near Valve at Offshore Platform 1. Cleaned up promptly.,Small oil spill near Valve at Offshore Platform 1. Cleaned up promptly.,{},NO,Electrical,MEDIUM,,supervisor intervened,,,False
01b89e40-529c-4242-8003-f62ab110da69,Unsafe Act,,Offshore Platform 1,,Valve,Worker observed not wearing safety glasses at Offshore Platform 1.,Worker observed not wearing safety glasses at Offshore Platform 1.,{},NO,Confined Space,MEDIUM,stopped work,,replaced equipment,,True
d4ec2ea5-542a-46ca-bc80-4601134df317,Unsafe Condition,,Offshore Platform 1,,Compressor,Small oil spill near Compressor at Offshore Platform 1. Cleaned up promptly.,Small oil spill near Compressor at Offshore Platform 1. Cleaned up promptly.,{},NO,Slips/Trips,MEDIUM,reported to supervisor,,replaced equipment,retrained staff,False
53e3dd3b-898d-4e23-9f11-9858eda510ae,Unsafe Condition,,Unit A,,Compressor,Small oil spill near Compressor at Unit A. Cleaned up promptly.,Small oil spill near Compressor at Unit A. Cleaned up promptly.,{},NO,Pressure,LOW,,supervisor intervened,replaced equipment,updated procedures,True
6ad25e68-9dd6-4b3e-acd9-03cc6cef501b,Unsafe Act,,Unit A,,Compressor,Worker used incorrect gloves for manual handling task. Supervisor corrected the action.,Worker used incorrect gloves for manual handling task. Supervisor corrected the action.,{},NO,Manual Handling,MEDIUM,reported to supervisor,,replaced equipment,retrained staff,False
add5bfbc-4506-4dc5-94bc-5ccbe829a965,Unsafe Act,,Refinery Sector 4,,Electrical Panel,Trip hazard due to loose cables near Electrical Panel. Cables were immediately organized.,Trip hazard due to loose cables near Electrical Panel. Cables were immediately organized.,{},NO,Confined Space,MEDIUM,stopped work,,cleaned up,retrained staff,True
63be7703-512e-4641-9c4d-5c2e29d63694,Unsafe Act,,Offshore Platform 1,,Pump,Worker used incorrect gloves for manual handling task. Supervisor corrected the action.,Worker used incorrect gloves for manual handling task. Supervisor corrected the action.,{},NO,Manual Handling,MEDIUM,,,,retrained staff,True
b3145650-d96e-41f4-8c89-7d9996e7baf4,Unsafe Condition,,Unit A,,Valve,Trip hazard due to loose cables near Valve. Cables were immediately organized.,Trip hazard due to loose cables near Valve. Cables were immediately organized.,{},NO,Working at Height,LOW,reported to supervisor,,,,
469c35a7-43eb-41b5-8051-9a783b29b040,Unsafe Condition,,Unit B,,Pump,Worker used incorrect gloves for manual handling task. Supervisor corrected the action.,Worker used incorrect gloves for manual handling task. Supervisor corrected the action.,{},NO,Energy Isolation,MEDIUM,stopped work,supervisor intervened,replaced equipment,retrained staff,True
8c4f7046-787f-4cc0-94dc-42b46ef532b9,Unsafe Condition,,Offshore Platform 1,,Heat Exchanger,Worker observed not wearing safety glasses at Offshore Platform 1.,Worker observed not wearing safety glasses at Offshore Platform 1.,{},NO,Working at Height,MEDIUM,stopped work,supervisor intervened,,retrained staff,False
7e5b3d49-07a1-4fdc-9116-fdd02f2c76e7,Unsafe Condition,,Unit A,,Heat Exchanger,Worker used incorrect gloves for manual handling task. Supervisor corrected the action.,Worker used incorrect gloves for manual handling task. Supervisor corrected the action.,{},NO,Electrical,MEDIUM,stopped work,colleague intervened,cleaned up,,
6171da21-8ec7-491e-be71-47ee2a54679b,Unsafe Condition,,Unit B,,Heat Exchanger,Small oil spill near Heat Exchanger at Unit B. Cleaned up promptly.,Small oil spill near Heat Exchanger at Unit B. Cleaned up promptly.,{},NO,Pressure,LOW,reported to supervisor,,,retrained staff,True
3e00aee2-e87c-40b5-a982-b26b4c2df9e3,Unsafe Act,,Offshore Platform 1,,Pump,Worker used incorrect gloves for manual handling task. Supervisor corrected the action.,Worker used incorrect gloves for manual handling task. Supervisor corrected the action.,{},NO,Electrical,LOW,stopped work,supervisor intervened,,retrained staff,True
ac458008-347a-4afc-9499-7f787710a40d,Unsafe Condition,,Unit B,,Heat Exchanger,Worker observed not wearing safety glasses at Unit B.,Worker observed not wearing safety glasses at Unit B.,{},NO,Manual Handling,LOW,,colleague intervened,,,False
f76b1852-913f-4984-93c2-d8cb07074ce9,Unsafe Condition,,Unit B,,Heat Exchanger,Small oil spill near Heat Exchanger at Unit B. Cleaned up promptly.,Small oil spill near Heat Exchanger at Unit B. Cleaned up promptly.,{},NO,Working at Height,MEDIUM,reported to supervisor,colleague intervened,,retrained staff,True
c6913e6f-179f-4f34-98af-65b7f1aafb54,Unsafe Act,,Offshore Platform 1,,Compressor,Trip hazard due to loose cables near Compressor. Cables were immediately organized.,Trip hazard due to loose cables near Compressor. Cables were immediately organized.,{},NO,Manual Handling,MEDIUM,,supervisor intervened,replaced equipment,,False
3fe4540a-c1a4-43ed-a29c-548815000abc,Unsafe Condition,,Offshore Platform 1,,Valve,Trip hazard due to loose cables near Valve. Cables were immediately organized.,Trip hazard due to loose cables near Valve. Cables were immediately organized.,{},NO,Manual Handling,MEDIUM,stopped work,supervisor intervened,replaced equipment,retrained staff,
e1d04b30-90c9-43cb-afd3-4ced1ad692c2,Unsafe Act,,Unit A,,Electrical Panel,Worker used incorrect gloves for manual handling task. Supervisor corrected the action.,Worker used incorrect gloves for manual handling task. Supervisor corrected the action.,{},NO,Manual Handling,MEDIUM,,,replaced equipment,updated procedures,False
3f8e0e5b-03cc-4143-9d92-2ba35a1b6b55,Unsafe Act,,Unit A,,Pump,Small oil spill near Pump at Unit A. Cleaned up promptly.,Small oil spill near Pump at Unit A. Cleaned up promptly.,{},NO,Energy Isolation,LOW,reported to supervisor,,replaced equipment,updated procedures,
a6b1050e-1b85-4a76-8ceb-cf27b12b4664,Unsafe Condition,,Unit B,,Compressor,Worker used incorrect gloves for manual handling task. Supervisor corrected the action.,Worker used incorrect gloves for manual handling task. Supervisor corrected the action.,{},NO,Working at Height,MEDIUM,stopped work,,,retrained staff,False
f4d12999-98e0-425a-88f1-cc2b5ec31ee4,Unsafe Condition,,Unit A,,Valve,Worker used incorrect gloves for manual handling task. Supervisor corrected the action.,Worker used incorrect gloves for manual handling task. Supervisor corrected the action.,{},NO,Confined Space,LOW,stopped work,supervisor intervened,,,
c8648d87-d718-43b0-a89f-4bf045c6ecba,Unsafe Act,,Unit B,,Pump,Trip hazard due to loose cables near Pump. Cables were immediately organized.,Trip hazard due to loose cables near Pump. Cables were immediately organized.,{},NO,Energy Isolation,LOW,stopped work,colleague intervened,cleaned up,updated procedures,True
bf278894-8575-4c54-9c2b-1f583fc79a57,Unsafe Condition,,Unit A,,Valve,Small oil spill near Valve at Unit A. Cleaned up promptly.,Small oil spill near Valve at Unit A. Cleaned up promptly.,{},NO,Confined Space,MEDIUM,reported to supervisor,supervisor intervened,,updated procedures,True
76a4a027-9554-4b18-96f4-8ecc74fb0bd5,Unsafe Condition,,Unit A,,Compressor,Trip hazard due to loose cables near Compressor. Cables were immediately organized.,Trip hazard due to loose cables near Compressor. Cables were immediately organized.,{},NO,Energy Isolation,LOW,stopped work,,cleaned up,retrained staff,
243d5bdb-f816-4ab1-a3bd-724e1d958902,Unsafe Act,,Unit A,,Compressor,Worker used incorrect gloves for manual handling task. Supervisor corrected the action.,Worker used incorrect gloves for manual handling task. Supervisor corrected the action.,{},NO,Working at Height,LOW,reported to supervisor,supervisor intervened,replaced equipment,,False
aaa3b5e3-3852-4649-b920-f26ae51a6410,Unsafe Act,,Offshore Platform 1,,Electrical Panel,Small oil spill near Electrical Panel at Offshore Platform 1. Cleaned up promptly.,Small oil spill near Electrical Panel at Offshore Platform 1. Cleaned up promptly.,{},NO,Confined Space,LOW,reported to supervisor,supervisor intervened,cleaned up,,False
966e9508-faac-4290-a380-a343a19429ae,Unsafe Condition,,Refinery Sector 4,,Valve,Worker used incorrect gloves for manual handling task. Supervisor corrected the action.,Worker used incorrect gloves for manual handling task. Supervisor corrected the action.,{},NO,Pressure,MEDIUM,,colleague intervened,replaced equipment,updated procedures,False
92d60523-b8e8-42ca-af55-c3a74f31d260,Unsafe Condition,,Offshore Platform 1,,Pump,Worker used incorrect gloves for manual handling task. Supervisor corrected the action.,Worker used incorrect gloves for manual handling task. Supervisor corrected the action.,{},NO,Slips/Trips,LOW,reported to supervisor,supervisor intervened,replaced equipment,updated procedures,False
708cb195-d178-4ed7-900b-71e417c98f2f,Unsafe Condition,,Refinery Sector 4,,Valve,Worker observed not wearing safety glasses at Refinery Sector 4.,Worker observed not wearing safety glasses at Refinery Sector 4.,{},NO,Pressure,MEDIUM,reported to supervisor,supervisor intervened,,retrained staff,False
8bb9d7dc-db72-4772-acd8-57f3a14ef410,Unsafe Condition,,Unit B,,Heat Exchanger,Worker used incorrect gloves for manual handling task. Supervisor corrected the action.,Worker used incorrect gloves for manual handling task. Supervisor corrected the action.,{},NO,Energy Isolation,MEDIUM,stopped work,,,updated procedures,
eecd698c-91e6-42a6-bbca-a5f6e6189707,Unsafe Act,,Unit B,,Valve,Worker used incorrect gloves for manual handling task. Supervisor corrected the action.,Worker used incorrect gloves for manual handling task. Supervisor corrected the action.,{},NO,Electrical,LOW,reported to supervisor,colleague intervened,cleaned up,retrained staff,True
d689d2ae-4a6d-4e6a-b028-90c01c0a8107,Unsafe Condition,,Refinery Sector 4,,Heat Exchanger,Small oil spill near Heat Exchanger at Refinery Sector 4. Cleaned up promptly.,Small oil spill near Heat Exchanger at Refinery Sector 4. Cleaned up promptly.,{},NO,Electrical,LOW,,,cleaned up,,True
901d5d64-2b28-4335-97b7-1b118e23da6f,Unsafe Condition,,Offshore Platform 1,,Valve,Small oil spill near Valve at Offshore Platform 1. Cleaned up promptly.,Small oil spill near Valve at Offshore Platform 1. Cleaned up promptly.,{},NO,Confined Space,MEDIUM,stopped work,,replaced equipment,,
ca059c45-c463-4ab4-9f3c-e6f9825f622a,Unsafe Act,,Offshore Platform 1,,Electrical Panel,Worker used incorrect gloves for manual handling task. Supervisor corrected the action.,Worker used incorrect gloves for manual handling task. Supervisor corrected the action.,{},NO,Slips/Trips,MEDIUM,reported to supervisor,supervisor intervened,cleaned up,,
8cfc8ddb-8c8b-41b6-b0f6-bd4ccd289a8f,Unsafe Act,,Refinery Sector 4,,Valve,Worker used incorrect gloves for manual handling task. Supervisor corrected the action.,Worker used incorrect gloves for manual handling task. Supervisor corrected the action.,{},NO,Energy Isolation,LOW,stopped work,colleague intervened,replaced equipment,retrained staff,False
06c97f20-ca52-4c50-b64d-7e68b8e4655a,Unsafe Condition,,Unit B,,Heat Exchanger,Worker used incorrect gloves for manual handling task. Supervisor corrected the action.,Worker used incorrect gloves for manual handling task. Supervisor corrected the action.,{},NO,Energy Isolation,LOW,,,replaced equipment,updated procedures,
b8dcc860-11eb-423d-89c9-daf4f7ecc55d,Unsafe Condition,,Refinery Sector 4,,Heat Exchanger,Worker used incorrect gloves for manual handling task. Supervisor corrected the action.,Worker used incorrect gloves for manual handling task. Supervisor corrected the action.,{},NO,Pressure,LOW,,,,retrained staff,
4b820356-fcf2-4260-a6f1-1e0e4e20ca8d,Unsafe Condition,,Unit B,,Valve,Trip hazard due to loose cables near Valve. Cables were immediately organized.,Trip hazard due to loose cables near Valve. Cables were immediately organized.,{},NO,Confined Space,MEDIUM,,colleague intervened,,updated procedures,False
22d2e89d-4beb-44e3-b4bb-f4d97c68886e,Near Miss,,Unit A,,Electrical Panel,"While working at Unit A, worker was at height without fall protection. Serious risk of fatal fall.","While working at Unit A, worker was at height without fall protection. Serious risk of fatal fall.",{},YES,Energy Isolation,HIGH,stopped work,colleague intervened,cleaned up,retrained staff,False
bb5e08ac-fb3b-4bf2-98cb-8486dd6aa6dc,Unsafe Condition,,Unit A,,Electrical Panel,<div><p>Worker used incorrect gloves for manual handling task. Supervisor corrected the action.</p></div>,Worker used incorrect gloves for manual handling task. Supervisor corrected the action.,{},NO,Slips/Trips,MEDIUM,reported to supervisor,,,,False
a96e5772-1ab1-4b08-a8aa-5deb5f59a277,Unsafe Condition,,Unit B,,Heat Exchanger,Small oil spill near Heat Exchanger at Unit B. Cleaned up promptly.,Small oil spill near Heat Exchanger at Unit B. Cleaned up promptly.,{},NO,Energy Isolation,MEDIUM,,,cleaned up,,True
48012414-ef80-4932-848a-b16b22f6b1c9,Unsafe Condition,,Unit B,,Compressor,Worker used incorrect gloves for manual handling task. Supervisor corrected the action.,Worker used incorrect gloves for manual handling task. Supervisor corrected the action.,{},NO,Working at Height,MEDIUM,reported to supervisor,supervisor intervened,replaced equipment,retrained staff,True
80b2345b-9006-4965-8d9e-c79fe32018ba,Unsafe Condition,,Unit A,,Pump,Worker observed not wearing safety glasses at Unit A.,Worker observed not wearing safety glasses at Unit A.,{},NO,Manual Handling,MEDIUM,reported to supervisor,supervisor intervened,,updated procedures,False
de1d574a-9e78-4939-80b3-1551e789ff32,Unsafe Condition,,Offshore Platform 1,,Heat Exchanger,Worker observed not wearing safety glasses at Offshore Platform 1.,Worker observed not wearing safety glasses at Offshore Platform 1.,{},NO,Manual Handling,LOW,stopped work,supervisor intervened,cleaned up,retrained staff,
5bf0c859-afca-45a7-8db8-a2d898d3892a,Unsafe Act,,Unit B,,Valve,Trip hazard due to loose cables near Valve. Cables were immediately organized.,Trip hazard due to loose cables near Valve. Cables were immediately organized.,{},NO,Manual Handling,LOW,,supervisor intervened,cleaned up,updated procedures,False
d09e373d-79c0-45c7-a0db-de3522735db6,Unsafe Act,,Unit A,,Electrical Panel,Worker observed not wearing safety glasses at Unit A.,Worker observed not wearing safety glasses at Unit A.,{},NO,Manual Handling,MEDIUM,,supervisor intervened,replaced equipment,,False
